--------------------------------------------------
      name:  <unnamed>
       log:  /Users/hhadah/Documents/GiT/residency
> -medicaid-expansion/output/08-did-analysis-byspe
> ciality-unweighted.log
  log type:  text
 opened on:  27 Jan 2026, 20:36:30

. 
. cap mkdir "${figdir}"

. cap mkdir "${tabdir}"

. cap mkdir "${latex_figdir}"

. 
. * ----------------------------------------------
> ---------------------------
. * Load cleaned data
. * ----------------------------------------------
> ---------------------------
. use "${datadir}/cleaned_residency_medicaid.dta",
>  clear

. 
. * ----------------------------------------------
> ---------------------------
. * Use gen_specialty_alt for specialty grouping
. * ----------------------------------------------
> ---------------------------
. capture confirm variable gen_specialty_alt

. if _rc != 0 {
.     di as error "Variable gen_specialty_alt not 
> found. Check data."
.     exit 459
. }

. 
. di "Specialty distribution (gen_specialty_alt):"
Specialty distribution (gen_specialty_alt):

. tab gen_specialty_alt

gen_special |
     ty_alt |      Freq.     Percent        Cum.
------------+-----------------------------------
     Anesth |      1,540        3.49        3.49
       Derm |      1,330        3.01        6.50
         EM |      2,350        5.32       11.82
        ENT |      1,100        2.49       14.31
         FM |      5,460       12.37       26.68
   Genomics |         10        0.02       26.70
         IM |      6,370       14.43       41.13
      Neuro |      2,410        5.46       46.59
      OBGYN |      2,740        6.21       52.80
       ONMS |         30        0.07       52.87
        PMR |        930        2.11       54.97
       Path |      1,450        3.28       58.26
       Peds |      2,520        5.71       63.96
    PrevMed |         80        0.18       64.14
      Psych |      2,570        5.82       69.97
        Rad |      2,910        6.59       76.56
     RadOnc |        970        2.20       78.75
       Surg |      7,750       17.55       96.31
         TY |      1,630        3.69      100.00
------------+-----------------------------------
      Total |     44,150      100.00

. 
. * ----------------------------------------------
> ---------------------------
. * Build specialty_group from gen_specialty_alt f
> or analysis
. * ----------------------------------------------
> ---------------------------
. capture drop specialty_group specialty_group_nam
> e

. encode gen_specialty_alt, gen(specialty_group)

. gen str30 specialty_group_name = gen_specialty_a
> lt

. 
. * Check for unclassified rows (empty or missing 
> gen_specialty_alt)
. quietly count if missing(gen_specialty_alt) | ge
> n_specialty_alt == ""

. if r(N) > 0 {
.     di as error "WARNING: " r(N) " rows have mis
> sing gen_specialty_alt - dropping"
.     drop if missing(gen_specialty_alt) | gen_spe
> cialty_alt == ""
. }

. 
. * ----------------------------------------------
> ---------------------------
. * Check specialty group distribution
. * ----------------------------------------------
> ---------------------------
. di "Specialty group distribution:"
Specialty group distribution:

. tab specialty_group specialty_group_name

specialty_ | specialty_group_name
     group |    Anesth       Derm |     Total
-----------+----------------------+----------
    Anesth |     1,540          0 |     1,540 
      Derm |         0      1,330 |     1,330 
        EM |         0          0 |     2,350 
       ENT |         0          0 |     1,100 
        FM |         0          0 |     5,460 
  Genomics |         0          0 |        10 
        IM |         0          0 |     6,370 
     Neuro |         0          0 |     2,410 
     OBGYN |         0          0 |     2,740 
      ONMS |         0          0 |        30 
       PMR |         0          0 |       930 
      Path |         0          0 |     1,450 
      Peds |         0          0 |     2,520 
   PrevMed |         0          0 |        80 
     Psych |         0          0 |     2,570 
       Rad |         0          0 |     2,910 
    RadOnc |         0          0 |       970 
      Surg |         0          0 |     7,750 
        TY |         0          0 |     1,630 
-----------+----------------------+----------
     Total |     1,540      1,330 |    44,150 


specialty_ | specialty_group_name
     group |        EM        ENT |     Total
-----------+----------------------+----------
    Anesth |         0          0 |     1,540 
      Derm |         0          0 |     1,330 
        EM |     2,350          0 |     2,350 
       ENT |         0      1,100 |     1,100 
        FM |         0          0 |     5,460 
  Genomics |         0          0 |        10 
        IM |         0          0 |     6,370 
     Neuro |         0          0 |     2,410 
     OBGYN |         0          0 |     2,740 
      ONMS |         0          0 |        30 
       PMR |         0          0 |       930 
      Path |         0          0 |     1,450 
      Peds |         0          0 |     2,520 
   PrevMed |         0          0 |        80 
     Psych |         0          0 |     2,570 
       Rad |         0          0 |     2,910 
    RadOnc |         0          0 |       970 
      Surg |         0          0 |     7,750 
        TY |         0          0 |     1,630 
-----------+----------------------+----------
     Total |     2,350      1,100 |    44,150 


specialty_ | specialty_group_name
     group |        FM   Genomics |     Total
-----------+----------------------+----------
    Anesth |         0          0 |     1,540 
      Derm |         0          0 |     1,330 
        EM |         0          0 |     2,350 
       ENT |         0          0 |     1,100 
        FM |     5,460          0 |     5,460 
  Genomics |         0         10 |        10 
        IM |         0          0 |     6,370 
     Neuro |         0          0 |     2,410 
     OBGYN |         0          0 |     2,740 
      ONMS |         0          0 |        30 
       PMR |         0          0 |       930 
      Path |         0          0 |     1,450 
      Peds |         0          0 |     2,520 
   PrevMed |         0          0 |        80 
     Psych |         0          0 |     2,570 
       Rad |         0          0 |     2,910 
    RadOnc |         0          0 |       970 
      Surg |         0          0 |     7,750 
        TY |         0          0 |     1,630 
-----------+----------------------+----------
     Total |     5,460         10 |    44,150 


specialty_ | specialty_group_name
     group |        IM      Neuro |     Total
-----------+----------------------+----------
    Anesth |         0          0 |     1,540 
      Derm |         0          0 |     1,330 
        EM |         0          0 |     2,350 
       ENT |         0          0 |     1,100 
        FM |         0          0 |     5,460 
  Genomics |         0          0 |        10 
        IM |     6,370          0 |     6,370 
     Neuro |         0      2,410 |     2,410 
     OBGYN |         0          0 |     2,740 
      ONMS |         0          0 |        30 
       PMR |         0          0 |       930 
      Path |         0          0 |     1,450 
      Peds |         0          0 |     2,520 
   PrevMed |         0          0 |        80 
     Psych |         0          0 |     2,570 
       Rad |         0          0 |     2,910 
    RadOnc |         0          0 |       970 
      Surg |         0          0 |     7,750 
        TY |         0          0 |     1,630 
-----------+----------------------+----------
     Total |     6,370      2,410 |    44,150 


specialty_ | specialty_group_name
     group |     OBGYN       ONMS |     Total
-----------+----------------------+----------
    Anesth |         0          0 |     1,540 
      Derm |         0          0 |     1,330 
        EM |         0          0 |     2,350 
       ENT |         0          0 |     1,100 
        FM |         0          0 |     5,460 
  Genomics |         0          0 |        10 
        IM |         0          0 |     6,370 
     Neuro |         0          0 |     2,410 
     OBGYN |     2,740          0 |     2,740 
      ONMS |         0         30 |        30 
       PMR |         0          0 |       930 
      Path |         0          0 |     1,450 
      Peds |         0          0 |     2,520 
   PrevMed |         0          0 |        80 
     Psych |         0          0 |     2,570 
       Rad |         0          0 |     2,910 
    RadOnc |         0          0 |       970 
      Surg |         0          0 |     7,750 
        TY |         0          0 |     1,630 
-----------+----------------------+----------
     Total |     2,740         30 |    44,150 


specialty_ | specialty_group_name
     group |       PMR       Path |     Total
-----------+----------------------+----------
    Anesth |         0          0 |     1,540 
      Derm |         0          0 |     1,330 
        EM |         0          0 |     2,350 
       ENT |         0          0 |     1,100 
        FM |         0          0 |     5,460 
  Genomics |         0          0 |        10 
        IM |         0          0 |     6,370 
     Neuro |         0          0 |     2,410 
     OBGYN |         0          0 |     2,740 
      ONMS |         0          0 |        30 
       PMR |       930          0 |       930 
      Path |         0      1,450 |     1,450 
      Peds |         0          0 |     2,520 
   PrevMed |         0          0 |        80 
     Psych |         0          0 |     2,570 
       Rad |         0          0 |     2,910 
    RadOnc |         0          0 |       970 
      Surg |         0          0 |     7,750 
        TY |         0          0 |     1,630 
-----------+----------------------+----------
     Total |       930      1,450 |    44,150 


specialty_ | specialty_group_name
     group |      Peds    PrevMed |     Total
-----------+----------------------+----------
    Anesth |         0          0 |     1,540 
      Derm |         0          0 |     1,330 
        EM |         0          0 |     2,350 
       ENT |         0          0 |     1,100 
        FM |         0          0 |     5,460 
  Genomics |         0          0 |        10 
        IM |         0          0 |     6,370 
     Neuro |         0          0 |     2,410 
     OBGYN |         0          0 |     2,740 
      ONMS |         0          0 |        30 
       PMR |         0          0 |       930 
      Path |         0          0 |     1,450 
      Peds |     2,520          0 |     2,520 
   PrevMed |         0         80 |        80 
     Psych |         0          0 |     2,570 
       Rad |         0          0 |     2,910 
    RadOnc |         0          0 |       970 
      Surg |         0          0 |     7,750 
        TY |         0          0 |     1,630 
-----------+----------------------+----------
     Total |     2,520         80 |    44,150 


specialty_ | specialty_group_name
     group |     Psych        Rad |     Total
-----------+----------------------+----------
    Anesth |         0          0 |     1,540 
      Derm |         0          0 |     1,330 
        EM |         0          0 |     2,350 
       ENT |         0          0 |     1,100 
        FM |         0          0 |     5,460 
  Genomics |         0          0 |        10 
        IM |         0          0 |     6,370 
     Neuro |         0          0 |     2,410 
     OBGYN |         0          0 |     2,740 
      ONMS |         0          0 |        30 
       PMR |         0          0 |       930 
      Path |         0          0 |     1,450 
      Peds |         0          0 |     2,520 
   PrevMed |         0          0 |        80 
     Psych |     2,570          0 |     2,570 
       Rad |         0      2,910 |     2,910 
    RadOnc |         0          0 |       970 
      Surg |         0          0 |     7,750 
        TY |         0          0 |     1,630 
-----------+----------------------+----------
     Total |     2,570      2,910 |    44,150 


specialty_ | specialty_group_name
     group |    RadOnc       Surg |     Total
-----------+----------------------+----------
    Anesth |         0          0 |     1,540 
      Derm |         0          0 |     1,330 
        EM |         0          0 |     2,350 
       ENT |         0          0 |     1,100 
        FM |         0          0 |     5,460 
  Genomics |         0          0 |        10 
        IM |         0          0 |     6,370 
     Neuro |         0          0 |     2,410 
     OBGYN |         0          0 |     2,740 
      ONMS |         0          0 |        30 
       PMR |         0          0 |       930 
      Path |         0          0 |     1,450 
      Peds |         0          0 |     2,520 
   PrevMed |         0          0 |        80 
     Psych |         0          0 |     2,570 
       Rad |         0          0 |     2,910 
    RadOnc |       970          0 |       970 
      Surg |         0      7,750 |     7,750 
        TY |         0          0 |     1,630 
-----------+----------------------+----------
     Total |       970      7,750 |    44,150 


           | specialty_
specialty_ | group_name
     group |        TY |     Total
-----------+-----------+----------
    Anesth |         0 |     1,540 
      Derm |         0 |     1,330 
        EM |         0 |     2,350 
       ENT |         0 |     1,100 
        FM |         0 |     5,460 
  Genomics |         0 |        10 
        IM |         0 |     6,370 
     Neuro |         0 |     2,410 
     OBGYN |         0 |     2,740 
      ONMS |         0 |        30 
       PMR |         0 |       930 
      Path |         0 |     1,450 
      Peds |         0 |     2,520 
   PrevMed |         0 |        80 
     Psych |         0 |     2,570 
       Rad |         0 |     2,910 
    RadOnc |         0 |       970 
      Surg |         0 |     7,750 
        TY |     1,630 |     1,630 
-----------+-----------+----------
     Total |     1,630 |    44,150 

. * ----------------------------------------------
> ---------------------------
. * Recreate treatment flags
. * ----------------------------------------------
> ---------------------------
. capture confirm variable treated_state

. if _rc != 0 {
.     gen byte treated_state = (year_expanded < .)
. }

. 
. capture confirm variable post_expansion

. if _rc != 0 {
.     gen byte post_expansion = ///
>         (treated_state == 1 & year_expanded < . 
> & year >= year_expanded)
. }

. 
. capture confirm variable treated_post

. if _rc != 0 {
.     gen byte treated_post = treated_state * post
> _expansion
. }

. 
. capture confirm variable year_expanded

. if _rc != 0 {
.     di as error "Variable year_expanded not foun
> d. Re-run 02-data-cleaning.R."
.     exit 459
. }

. 
. * ----------------------------------------------
> ---------------------------
. * Panel identifiers
. * ----------------------------------------------
> ---------------------------
. egen program_numeric_id = group(state institutio
> n_code)

. encode state, gen(state_id)

. 
. * ----------------------------------------------
> ---------------------------
. * Outcomes and labels
. * ----------------------------------------------
> ---------------------------
. global outcomes "quota matched unmatched matched
> _per_100k quota_per_100k unmatched_per_100k"

. global label_quota     "Residency Quota Position
> s"

. global label_matched   "Matched Residency Positi
> ons"

. global label_unmatched "Unmatched Residency Posi
> tions"

. global label_quota_per_100k "Residency Quota Pos
> itions per 100k Population"

. global label_matched_per_100k "Matched Residency
>  Positions per 100k Population"

. global label_unmatched_per_100k "Unmatched Resid
> ency Positions per 100k Population"

. 
. global short_quota     "quota"

. global short_matched   "matched"

. global short_unmatched "unmatched"

. global short_quota_per_100k "quota_per_100k"

. global short_matched_per_100k "matched_per_100k"

. global short_unmatched_per_100k "unmatched_per_1
> 00k"

. 
. * ----------------------------------------------
> ---------------------------
. * Store DID estimates by specialty
. * ----------------------------------------------
> ---------------------------
. tempname did_results_spec

. tempfile did_results_spec_file

. postfile `did_results_spec' str30 specialty str1
> 2 outcome double coef se tstat pvalue avg_treat 
> ///
>     pretrend_p treat_p n_programs n_states using
>  "`did_results_spec_file'", replace
(file
    /var/folders/yk/l30p1rcd2fsfx74wfvs62cmh0000
    > gn/T//S_90986.000001 not found)

. 
. local plotnum = 119

. 
. * Loop over each specialty group
. levelsof specialty_group, local(spec_groups)
1 2 3 4 5 6 7 8 9 10 11 12 13 14 15 16 17 18 19

. foreach spec of local spec_groups {
  2.     * Get the specialty group name for this g
> roup
.     levelsof specialty_group_name if specialty_g
> roup == `spec', local(spec_name) clean
  3.     
.     di ""
  4.     di "=====================================
> ===================================="
  5.     di "SPECIALTY GROUP (UNWEIGHTED): `spec_n
> ame'"
  6.     di "=====================================
> ===================================="
  7.     
.     foreach outcome of global outcomes {
  8.         capture confirm variable `outcome'
  9.         if _rc != 0 {
 10.             di as error "Outcome `outcome' no
> t found. Skipping."
 11.             continue
 12.         }
 13.         
.         quietly count if specialty_group == `spe
> c' & treated_state == 1 & !missing(`outcome')
 14.         if (r(N) == 0) {
 15.             di as error "  `outcome': no trea
> ted observations for `spec_name'."
 16.             continue
 17.         }
 18.         
.         quietly count if specialty_group == `spe
> c' & treated_state == 0 & !missing(`outcome')
 19.         if (r(N) == 0) {
 20.             di as error "  `outcome': no cont
> rol observations for `spec_name'."
 21.             continue
 22.         }
 23.         
.         di ""
 24.         di "--- Outcome: `outcome' ---"
 25.         
.         capture noisily did_imputation `outcome'
>  program_numeric_id year year_expanded ///
>             if specialty_group == `spec', ///
>             horizons(0/5) pretrend(5) fe(program
> _numeric_id year) ///
>             cluster(state_id) minn(0)
 26.         
.         if (_rc != 0) {
 27.             di as error "did_imputation faile
> d. Error code `_rc'."
 28.             continue
 29.         }
 30.         
.         local coef = _b[tau0]
 31.         local se   = _se[tau0]
 32.         local tstat = `coef' / `se'
 33.         local pvalue = 2*ttail(e(df_r), abs(`
> tstat'))
 34.         
.         local tau_sum = 0
 35.         local tau_n = 0
 36.         forval h = 0/5 {
 37.             capture scalar __tmp = _b[tau`h']
 38.             if (_rc == 0) {
 39.                 local tau_sum = `tau_sum' + _
> _tmp
 40.                 local tau_n = `tau_n' + 1
 41.             }
 42.         }
 43.         if (`tau_n' > 0) local avg_treat = `t
> au_sum' / `tau_n'
 44.         else local avg_treat = .
 45.         
.         local pretrend_p = .
 46.         local treat_p = .
 47.         capture noisily test pre1 pre2 pre3 p
> re4 pre5
 48.         if (_rc == 0) local pretrend_p = r(p)
 49.         
.         capture noisily test tau0 tau1 tau2 tau3
>  tau4 tau5
 50.         if (_rc == 0) local treat_p = r(p)
 51.         
.         * Calculate baseline mean (pre-treatment
>  observations for this specialty in treated stat
> es, unweighted)
.         quietly summarize `outcome' if specialty
> _group == `spec' & treated_state == 1 & year < y
> ear_expanded
 52.         local baseline_mean = r(mean)
 53.         if missing(`baseline_mean') | `baseli
> ne_mean' == 0 {
 54.             local baseline_mean = 1
 55.         }
 56.         local pct_effect = (`avg_treat' / `ba
> seline_mean') * 100
 57.         if `pct_effect' < -100 {
 58.             local pct_effect = -100
 59.         }
 60.         
.         local n_programs = .
 61.         local n_states = .
 62.         capture levelsof program_numeric_id i
> f specialty_group == `spec' & !missing(`outcome'
> ), local(active_programs)
 63.         if (_rc == 0) local n_programs : word
>  count `active_programs'
 64.         
.         capture levelsof state_id if specialty_g
> roup == `spec' & !missing(`outcome'), local(acti
> ve_states)
 65.         if (_rc == 0) local n_states : word c
> ount `active_states'
 66.         
.         post `did_results_spec' ("`spec_name'") 
> ("`outcome'") ///
>             (`coef') (`se') (`tstat') (`pvalue')
>  (`avg_treat') ///
>             (`pretrend_p') (`treat_p') (`n_progr
> ams') (`n_states')
 67.         
.         di "ATT (tau0): " %9.3f `coef' "  SE: " 
> %9.3f `se' "  p = " %9.3f `pvalue'
 68.         di "Average post-treatment effect: " 
> %9.3f `avg_treat'
 69.         
.         * ======================================
> ===============================
.         * Event study plot
.         * ======================================
> ===============================
.         matrix plot_coef = J(11, 3, .)
 70.         matrix colnames plot_coef = period co
> ef se
 71.         local row = 1
 72.         forval h = 5(-1)1 {
 73.             matrix plot_coef[`row',1] = -`h'
 74.             capture matrix plot_coef[`row',2]
>  = _b[pre`h']
 75.             capture matrix plot_coef[`row',3]
>  = _se[pre`h']
 76.             local ++row
 77.         }
 78.         forval h = 0/5 {
 79.             matrix plot_coef[`row',1] = `h'
 80.             capture matrix plot_coef[`row',2]
>  = _b[tau`h']
 81.             capture matrix plot_coef[`row',3]
>  = _se[tau`h']
 82.             local ++row
 83.         }
 84.         preserve
 85.         clear
 86.         svmat plot_coef, names(col)
 87.         keep if !missing(period)
 88.         gen ci_upper = coef + 1.96*se
 89.         gen ci_lower = coef - 1.96*se
 90.         gen byte pre_period = (period < 0)
 91.         gen byte post_period = (period >= 0)
 92.         local avg_text = cond(`avg_treat' < .
> , string(`avg_treat', "%9.2f"), "NA")
 93.         local treat_text = cond(`treat_p' < .
> , string(`treat_p', "%9.2f"), "NA")
 94.         local baseline_text = string(`baselin
> e_mean', "%9.2f")
 95.         local pct_text = string(`pct_effect',
>  "%9.1f")
 96.         local post_line ""
 97.         if (`avg_treat' < .) {
 98.             local post_line "(scatteri `avg_t
> reat' 0 `avg_treat' 5, recast(line) lpattern(das
> h) lcolor(red) lwidth(medium))"
 99.         }
100.         local short = "${short_`outcome'}"
101.         local label = "${label_`outcome'}"
102.         if ("`label'" == "") {
103.             local label = "`outcome'"
104.         }
105.         local prefix : display %02.0f `plotnu
> m'
106.         local ytitle_str "Treatment Effect (d
> ifference-in-differences)"
107.         local plot_title "Event Study (Unweig
> hted): `spec_name' - `label'"
108.         * Calculate annotation position dynam
> ically
.         quietly summarize ci_upper
109.         local y_annot = r(max)
110.         local x_annot = -4
111.         * Adjust for per 100k outcomes
.         if (strpos("`short'", "_100k") > 0) {
112.             local ytitle_str "Treatment Effec
> t (per 100,000 population)"
113.             local x_annot = -4
114.         }
115.         twoway ///
>             (rarea ci_upper ci_lower period if p
> re_period, fcolor(dkgreen%45) lcolor(dkgreen%45)
>  lwidth(none)) ///
>             (rarea ci_upper ci_lower period if p
> ost_period, fcolor(maroon%45) lcolor(maroon%45) 
> lwidth(none)) ///
>             (line coef period if pre_period, lco
> lor(dkgreen) lwidth(medium)) ///
>             (line coef period if post_period, lc
> olor(maroon) lwidth(medium)) ///
>             (scatter coef period if pre_period, 
> mcolor(dkgreen) msymbol(circle) msize(medlarge))
>  ///
>             (scatter coef period if post_period,
>  mcolor(maroon) msymbol(circle) msize(medlarge))
>  ///
>             `post_line' ///
>             , ///
>             xline(-0.5, lcolor(black) lpattern(s
> olid) lwidth(thin)) ///
>             yline(0, lcolor(black) lpattern(soli
> d) lwidth(thin)) ///
>             xlabel(-5(1)5, labsize(small)) ///
>             ylabel(#10, labsize(small) format(%9
> .3f)) ///
>             xtitle("Years relative to Medicaid e
> xpansion", size(small)) ///
>             ytitle("`ytitle_str'", size(small)) 
> ///
>             title("`plot_title'", size(small)) /
> //
>             text(`y_annot' `x_annot' `"Baseline 
> Mean: `baseline_text'"' `"Post avg = `avg_text' 
> (`pct_text'%)"' `"p-value = `treat_text'"', size
> (small)) ///
>             legend(off) ///
>             graphregion(color(white)) plotregion
> (color(white))
116.         
.         * Clean specialty name for filename
.         local spec_clean = subinstr("`spec_name'
> ", " ", "_", .)
117.         local spec_clean = subinstr("`spec_cl
> ean'", "/", "_", .)
118.         
.         graph export "${figdir}/`prefix'-did_`sh
> ort'_`spec_clean'_event_unweighted.png", as(png)
>  replace width(1200) height(800)
119.         graph export "${latex_figdir}/`prefix
> '-did_`short'_`spec_clean'_event_unweighted.png"
> , as(png) replace width(1200) height(800)
120.         restore
121.         local ++plotnum
122.     }
123. }
Anesth

==================================================
> =======================
SPECIALTY GROUP (UNWEIGHTED): Anesth
==================================================
> =======================

--- Outcome: quota ---

                                                  
>        Number of obs                            
>                      = 1,540
--------------------------------------------------
> ----------------------------
       quota | Coefficient  Std. err.      z    P>
> |z|                                             
>         [95% con                                
>                 f. interval]
-------------+------------------------------------
> ----------------------------
        tau0 |   .0088375   .2340966     0.04   0.
> 970                                             
>        -.4499834                                
>                     .4676583
        tau1 |   .0521014   .3713305     0.14   0.
> 888                                             
>        -.6756931                                
>                     .7798959
        tau2 |  -.1404555   .2508653    -0.56   0.
> 576                                             
>        -.6321424                                
>                     .3512315
        tau3 |  -.1652274   .3009877    -0.55   0.
> 583                                             
>        -.7551525                                
>                     .4246977
        tau4 |  -.0139237   .6293014    -0.02   0.
> 982                                             
>        -1.247332                                
>                     1.219484
        tau5 |  -.5363971   .7172436    -0.75   0.
> 455                                             
>        -1.942169                                
>                     .8693746
        pre1 |   .1348977   .9356127     0.14   0.
> 885                                             
>         -1.69887                                
>                     1.968665
        pre2 |   .0058822   .9243594     0.01   0.
> 995                                             
>        -1.805829                                
>                     1.817593
        pre3 |   .0750071   .8725449     0.09   0.
> 931                                             
>         -1.63515                                
>                     1.785164
        pre4 |   .1117337   .8639778     0.13   0.
> 897                                             
>        -1.581632                                
>                     1.805099
        pre5 |   .5372815   .8622063     0.62   0.
> 533                                             
>        -1.152612                                
>                     2.227175
--------------------------------------------------
> ----------------------------

 ( 1)  pre1 = 0
 ( 2)  pre2 = 0
 ( 3)  pre3 = 0
 ( 4)  pre4 = 0
 ( 5)  pre5 = 0

           chi2(  5) =   15.16
         Prob > chi2 =    0.0097

 ( 1)  tau0 = 0
 ( 2)  tau1 = 0
 ( 3)  tau2 = 0
 ( 4)  tau3 = 0
 ( 5)  tau4 = 0
 ( 6)  tau5 = 0

           chi2(  6) =    2.11
         Prob > chi2 =    0.9090
ATT (tau0):     0.009  SE:     0.234  p =         
> .
Average post-treatment effect:    -0.133
number of observations will be reset to 11
Press any key to continue, or Break to abort
Number of observations (_N) was 0, now 11.
(0 observations deleted)
file
    /Users/hhadah/Documents/GiT/residency-medica
    > id-expansion/output/figures/119-did_quota_
    > Anesth_event_unweighted.png saved as PNG
    format
file
    /Users/hhadah/Documents/GiT/residency-medica
    > id-expansion/my_paper/figures/119-did_quot
    > a_Anesth_event_unweighted.png saved as PNG
    format

--- Outcome: matched ---

                                                  
>        Number of obs                            
>                      = 1,540
--------------------------------------------------
> ----------------------------
     matched | Coefficient  Std. err.      z    P>
> |z|                                             
>         [95% con                                
>                 f. interval]
-------------+------------------------------------
> ----------------------------
        tau0 |  -.2349341   .2687877    -0.87   0.
> 382                                             
>        -.7617483                                
>                     .2918801
        tau1 |  -.2605807   .3665955    -0.71   0.
> 477                                             
>        -.9790946                                
>                     .4579333
        tau2 |   .0031088   .3338144     0.01   0.
> 993                                             
>        -.6511554                                
>                     .6573729
        tau3 |  -.2707873   .3619109    -0.75   0.
> 454                                             
>        -.9801195                                
>                      .438545
        tau4 |  -.0408393    .581801    -0.07   0.
> 944                                             
>        -1.181148                                
>                      1.09947
        tau5 |  -.1306064   .4930923    -0.26   0.
> 791                                             
>        -1.097049                                
>                     .8358368
        pre1 |    .486187   1.116167     0.44   0.
> 663                                             
>         -1.70146                                
>                     2.673834
        pre2 |   .2698558    1.09392     0.25   0.
> 805                                             
>        -1.874187                                
>                     2.413899
        pre3 |    .433188   1.053369     0.41   0.
> 681                                             
>        -1.631378                                
>                     2.497754
        pre4 |   .1355091   1.117107     0.12   0.
> 903                                             
>         -2.05398                                
>                     2.324998
        pre5 |   .6142954   1.143617     0.54   0.
> 591                                             
>        -1.627152                                
>                     2.855743
--------------------------------------------------
> ----------------------------

 ( 1)  pre1 = 0
 ( 2)  pre2 = 0
 ( 3)  pre3 = 0
 ( 4)  pre4 = 0
 ( 5)  pre5 = 0

           chi2(  5) =   22.63
         Prob > chi2 =    0.0004

 ( 1)  tau0 = 0
 ( 2)  tau1 = 0
 ( 3)  tau2 = 0
 ( 4)  tau3 = 0
 ( 5)  tau4 = 0
 ( 6)  tau5 = 0

           chi2(  6) =    2.78
         Prob > chi2 =    0.8360
ATT (tau0):    -0.235  SE:     0.269  p =         
> .
Average post-treatment effect:    -0.156
number of observations will be reset to 11
Press any key to continue, or Break to abort
Number of observations (_N) was 0, now 11.
(0 observations deleted)
file
    /Users/hhadah/Documents/GiT/residency-medica
    > id-expansion/output/figures/120-did_matche
    > d_Anesth_event_unweighted.png saved as PNG
    format
file
    /Users/hhadah/Documents/GiT/residency-medica
    > id-expansion/my_paper/figures/120-did_matc
    > hed_Anesth_event_unweighted.png saved as
    PNG format

--- Outcome: unmatched ---

                                                  
>        Number of obs                            
>                      = 1,540
--------------------------------------------------
> ----------------------------
   unmatched | Coefficient  Std. err.      z    P>
> |z|                                             
>         [95% con                                
>                 f. interval]
-------------+------------------------------------
> ----------------------------
        tau0 |   .2437713   .1508845     1.62   0.
> 106                                             
>        -.0519569                                
>                     .5394994
        tau1 |    .312682   .2236901     1.40   0.
> 162                                             
>        -.1257426                                
>                     .7511066
        tau2 |  -.1435643   .2602394    -0.55   0.
> 581                                             
>        -.6536241                                
>                     .3664955
        tau3 |   .1055596   .2066553     0.51   0.
> 609                                             
>        -.2994774                                
>                     .5105965
        tau4 |   .0269152    .140954     0.19   0.
> 849                                             
>        -.2493496                                
>                       .30318
        tau5 |  -.4057906   .3867374    -1.05   0.
> 294                                             
>        -1.163782                                
>                     .3522008
        pre1 |  -.3512893   .2636082    -1.33   0.
> 183                                             
>        -.8679519                                
>                     .1653732
        pre2 |  -.2639736   .2449878    -1.08   0.
> 281                                             
>        -.7441409                                
>                     .2161938
        pre3 |  -.3581809    .241168    -1.49   0.
> 137                                             
>        -.8308615                                
>                     .1144997
        pre4 |  -.0237754   .3079997    -0.08   0.
> 938                                             
>        -.6274436                                
>                     .5798929
        pre5 |  -.0770139   .3637982    -0.21   0.
> 832                                             
>        -.7900453                                
>                     .6360174
--------------------------------------------------
> ----------------------------

 ( 1)  pre1 = 0
 ( 2)  pre2 = 0
 ( 3)  pre3 = 0
 ( 4)  pre4 = 0
 ( 5)  pre5 = 0

           chi2(  5) =   16.05
         Prob > chi2 =    0.0067

 ( 1)  tau0 = 0
 ( 2)  tau1 = 0
 ( 3)  tau2 = 0
 ( 4)  tau3 = 0
 ( 5)  tau4 = 0
 ( 6)  tau5 = 0

           chi2(  6) =    6.69
         Prob > chi2 =    0.3503
ATT (tau0):     0.244  SE:     0.151  p =         
> .
Average post-treatment effect:     0.023
number of observations will be reset to 11
Press any key to continue, or Break to abort
Number of observations (_N) was 0, now 11.
(0 observations deleted)
file
    /Users/hhadah/Documents/GiT/residency-medica
    > id-expansion/output/figures/121-did_unmatc
    > hed_Anesth_event_unweighted.png saved as
    PNG format
file
    /Users/hhadah/Documents/GiT/residency-medica
    > id-expansion/my_paper/figures/121-did_unma
    > tched_Anesth_event_unweighted.png saved as
    PNG format

--- Outcome: matched_per_100k ---

                                                  
>        Number of obs                            
>                      = 1,540
--------------------------------------------------
> ----------------------------
matched~100k | Coefficient  Std. err.      z    P>
> |z|                                             
>         [95% con                                
>                 f. interval]
-------------+------------------------------------
> ----------------------------
        tau0 |  -.0012442   .0050462    -0.25   0.
> 805                                             
>        -.0111346                                
>                     .0086462
        tau1 |   -.003659   .0068072    -0.54   0.
> 591                                             
>        -.0170009                                
>                     .0096829
        tau2 |   .0027572   .0066287     0.42   0.
> 677                                             
>        -.0102347                                
>                     .0157492
        tau3 |  -.0011445   .0073428    -0.16   0.
> 876                                             
>        -.0155362                                
>                     .0132472
        tau4 |   .0320156   .0244569     1.31   0.
> 191                                             
>         -.015919                                
>                     .0799503
        tau5 |   .0180869   .0158596     1.14   0.
> 254                                             
>        -.0129973                                
>                     .0491711
        pre1 |   .0079103    .017206     0.46   0.
> 646                                             
>        -.0258129                                
>                     .0416335
        pre2 |   .0061069   .0152544     0.40   0.
> 689                                             
>        -.0237911                                
>                     .0360049
        pre3 |   .0085239   .0134767     0.63   0.
> 527                                             
>          -.01789                                
>                     .0349378
        pre4 |   .0007998   .0157238     0.05   0.
> 959                                             
>        -.0300183                                
>                      .031618
        pre5 |   .0088856   .0159495     0.56   0.
> 577                                             
>        -.0223748                                
>                      .040146
--------------------------------------------------
> ----------------------------

 ( 1)  pre1 = 0
 ( 2)  pre2 = 0
 ( 3)  pre3 = 0
 ( 4)  pre4 = 0
 ( 5)  pre5 = 0

           chi2(  5) =    3.50
         Prob > chi2 =    0.6231

 ( 1)  tau0 = 0
 ( 2)  tau1 = 0
 ( 3)  tau2 = 0
 ( 4)  tau3 = 0
 ( 5)  tau4 = 0
 ( 6)  tau5 = 0

           chi2(  6) =    3.08
         Prob > chi2 =    0.7991
ATT (tau0):    -0.001  SE:     0.005  p =         
> .
Average post-treatment effect:     0.008
number of observations will be reset to 11
Press any key to continue, or Break to abort
Number of observations (_N) was 0, now 11.
(0 observations deleted)
file
    /Users/hhadah/Documents/GiT/residency-medica
    > id-expansion/output/figures/122-did_matche
    > d_per_100k_Anesth_event_unweighted.png
    saved as PNG format
file
    /Users/hhadah/Documents/GiT/residency-medica
    > id-expansion/my_paper/figures/122-did_matc
    > hed_per_100k_Anesth_event_unweighted.png
    saved as PNG format

--- Outcome: quota_per_100k ---

                                                  
>        Number of obs                            
>                      = 1,540
--------------------------------------------------
> ----------------------------
quota_p~100k | Coefficient  Std. err.      z    P>
> |z|                                             
>         [95% con                                
>                 f. interval]
-------------+------------------------------------
> ----------------------------
        tau0 |   .0009102   .0043719     0.21   0.
> 835                                             
>        -.0076586                                
>                     .0094789
        tau1 |   -.001518   .0066933    -0.23   0.
> 821                                             
>        -.0146366                                
>                     .0116007
        tau2 |   .0006215   .0049761     0.12   0.
> 901                                             
>        -.0091314                                
>                     .0103745
        tau3 |   .0040502   .0077681     0.52   0.
> 602                                             
>         -.011175                                
>                     .0192753
        tau4 |   .0321667   .0248778     1.29   0.
> 196                                             
>        -.0165929                                
>                     .0809263
        tau5 |    .012757    .020322     0.63   0.
> 530                                             
>        -.0270733                                
>                     .0525873
        pre1 |   .0059417   .0150579     0.39   0.
> 693                                             
>        -.0235712                                
>                     .0354547
        pre2 |   .0021739   .0130175     0.17   0.
> 867                                             
>        -.0233399                                
>                     .0276878
        pre3 |   .0025917   .0111523     0.23   0.
> 816                                             
>        -.0192665                                
>                     .0244498
        pre4 |   .0013929   .0119805     0.12   0.
> 907                                             
>        -.0220884                                
>                     .0248742
        pre5 |    .010804   .0110995     0.97   0.
> 330                                             
>        -.0109506                                
>                     .0325586
--------------------------------------------------
> ----------------------------

 ( 1)  pre1 = 0
 ( 2)  pre2 = 0
 ( 3)  pre3 = 0
 ( 4)  pre4 = 0
 ( 5)  pre5 = 0

           chi2(  5) =    4.12
         Prob > chi2 =    0.5321

 ( 1)  tau0 = 0
 ( 2)  tau1 = 0
 ( 3)  tau2 = 0
 ( 4)  tau3 = 0
 ( 5)  tau4 = 0
 ( 6)  tau5 = 0

           chi2(  6) =    2.84
         Prob > chi2 =    0.8283
ATT (tau0):     0.001  SE:     0.004  p =         
> .
Average post-treatment effect:     0.008
number of observations will be reset to 11
Press any key to continue, or Break to abort
Number of observations (_N) was 0, now 11.
(0 observations deleted)
file
    /Users/hhadah/Documents/GiT/residency-medica
    > id-expansion/output/figures/123-did_quota_
    > per_100k_Anesth_event_unweighted.png saved
    as PNG format
file
    /Users/hhadah/Documents/GiT/residency-medica
    > id-expansion/my_paper/figures/123-did_quot
    > a_per_100k_Anesth_event_unweighted.png
    saved as PNG format

--- Outcome: unmatched_per_100k ---

                                                  
>        Number of obs                            
>                      = 1,540
--------------------------------------------------
> ----------------------------
unmatch~100k | Coefficient  Std. err.      z    P>
> |z|                                             
>         [95% con                                
>                 f. interval]
-------------+------------------------------------
> ----------------------------
        tau0 |   .0021543   .0022957     0.94   0.
> 348                                             
>        -.0023451                                
>                     .0066538
        tau1 |    .002141   .0031695     0.68   0.
> 499                                             
>        -.0040712                                
>                     .0083532
        tau2 |  -.0021357   .0057375    -0.37   0.
> 710                                             
>        -.0133811                                
>                     .0091097
        tau3 |   .0051947   .0091834     0.57   0.
> 572                                             
>        -.0128044                                
>                     .0231938
        tau4 |    .000151   .0026776     0.06   0.
> 955                                             
>        -.0050971                                
>                     .0053991
        tau5 |  -.0053299   .0083438    -0.64   0.
> 523                                             
>        -.0216835                                
>                     .0110236
        pre1 |  -.0019685   .0044097    -0.45   0.
> 655                                             
>        -.0106113                                
>                     .0066742
        pre2 |   -.003933   .0038569    -1.02   0.
> 308                                             
>        -.0114924                                
>                     .0036265
        pre3 |  -.0059323   .0044547    -1.33   0.
> 183                                             
>        -.0146634                                
>                     .0027989
        pre4 |   .0005931   .0052887     0.11   0.
> 911                                             
>        -.0097726                                
>                     .0109588
        pre5 |   .0019184   .0060108     0.32   0.
> 750                                             
>        -.0098626                                
>                     .0136994
--------------------------------------------------
> ----------------------------

 ( 1)  pre1 = 0
 ( 2)  pre2 = 0
 ( 3)  pre3 = 0
 ( 4)  pre4 = 0
 ( 5)  pre5 = 0

           chi2(  5) =    4.96
         Prob > chi2 =    0.4211

 ( 1)  tau0 = 0
 ( 2)  tau1 = 0
 ( 3)  tau2 = 0
 ( 4)  tau3 = 0
 ( 5)  tau4 = 0
 ( 6)  tau5 = 0

           chi2(  6) =    2.72
         Prob > chi2 =    0.8435
ATT (tau0):     0.002  SE:     0.002  p =         
> .
Average post-treatment effect:     0.000
number of observations will be reset to 11
Press any key to continue, or Break to abort
Number of observations (_N) was 0, now 11.
(0 observations deleted)
file
    /Users/hhadah/Documents/GiT/residency-medica
    > id-expansion/output/figures/124-did_unmatc
    > hed_per_100k_Anesth_event_unweighted.png
    saved as PNG format
file
    /Users/hhadah/Documents/GiT/residency-medica
    > id-expansion/my_paper/figures/124-did_unma
    > tched_per_100k_Anesth_event_unweighted.png
    saved as PNG format
Derm

==================================================
> =======================
SPECIALTY GROUP (UNWEIGHTED): Derm
==================================================
> =======================

--- Outcome: quota ---

                                                  
>        Number of obs                            
>                      = 1,330
--------------------------------------------------
> ----------------------------
       quota | Coefficient  Std. err.      z    P>
> |z|                                             
>         [95% con                                
>                 f. interval]
-------------+------------------------------------
> ----------------------------
        tau0 |  -.1790071   .0867931    -2.06   0.
> 039                                             
>        -.3491185                                
>                    -.0088957
        tau1 |   -.131334   .1670723    -0.79   0.
> 432                                             
>        -.4587897                                
>                     .1961217
        tau2 |  -.1788392    .126531    -1.41   0.
> 158                                             
>        -.4268354                                
>                     .0691571
        tau3 |  -.3676111   .1720158    -2.14   0.
> 033                                             
>        -.7047558                                
>                    -.0304663
        tau4 |   -.450978   .2246551    -2.01   0.
> 045                                             
>        -.8912938                                
>                    -.0106621
        tau5 |  -.6621401   .4324506    -1.53   0.
> 126                                             
>        -1.509728                                
>                     .1854474
        pre1 |  -.0986049   .1687982    -0.58   0.
> 559                                             
>        -.4294434                                
>                     .2322336
        pre2 |   -.098072   .1468036    -0.67   0.
> 504                                             
>        -.3858018                                
>                     .1896579
        pre3 |   .0489887   .1125036     0.44   0.
> 663                                             
>        -.1715144                                
>                     .2694917
        pre4 |   .1257041   .1090887     1.15   0.
> 249                                             
>        -.0881059                                
>                      .339514
        pre5 |  -.1553594   .0798424    -1.95   0.
> 052                                             
>        -.3118476                                
>                     .0011288
--------------------------------------------------
> ----------------------------

 ( 1)  pre1 = 0
 ( 2)  pre2 = 0
 ( 3)  pre3 = 0
 ( 4)  pre4 = 0
 ( 5)  pre5 = 0

           chi2(  5) =   15.52
         Prob > chi2 =    0.0084

 ( 1)  tau0 = 0
 ( 2)  tau1 = 0
 ( 3)  tau2 = 0
 ( 4)  tau3 = 0
 ( 5)  tau4 = 0
 ( 6)  tau5 = 0

           chi2(  6) =    9.42
         Prob > chi2 =    0.1513
ATT (tau0):    -0.179  SE:     0.087  p =         
> .
Average post-treatment effect:    -0.328
number of observations will be reset to 11
Press any key to continue, or Break to abort
Number of observations (_N) was 0, now 11.
(0 observations deleted)
file
    /Users/hhadah/Documents/GiT/residency-medica
    > id-expansion/output/figures/125-did_quota_
    > Derm_event_unweighted.png saved as PNG
    format
file
    /Users/hhadah/Documents/GiT/residency-medica
    > id-expansion/my_paper/figures/125-did_quot
    > a_Derm_event_unweighted.png saved as PNG
    format

--- Outcome: matched ---

                                                  
>        Number of obs                            
>                      = 1,330
--------------------------------------------------
> ----------------------------
     matched | Coefficient  Std. err.      z    P>
> |z|                                             
>         [95% con                                
>                 f. interval]
-------------+------------------------------------
> ----------------------------
        tau0 |  -.1751114   .0824154    -2.12   0.
> 034                                             
>        -.3366426                                
>                    -.0135802
        tau1 |  -.0649194   .1604274    -0.40   0.
> 686                                             
>        -.3793513                                
>                     .2495125
        tau2 |  -.1067079   .1340245    -0.80   0.
> 426                                             
>         -.369391                                
>                     .1559753
        tau3 |  -.2600372   .1490197    -1.74   0.
> 081                                             
>        -.5521104                                
>                      .032036
        tau4 |   -.372625   .1748252    -2.13   0.
> 033                                             
>        -.7152761                                
>                     -.029974
        tau5 |   -.526255   .3771504    -1.40   0.
> 163                                             
>        -1.265456                                
>                     .2129463
        pre1 |  -.1334448     .16033    -0.83   0.
> 405                                             
>        -.4476859                                
>                     .1807963
        pre2 |  -.1431331   .1554665    -0.92   0.
> 357                                             
>        -.4478418                                
>                     .1615756
        pre3 |    .058993   .1105335     0.53   0.
> 594                                             
>        -.1576487                                
>                     .2756347
        pre4 |   .1189492   .0902507     1.32   0.
> 188                                             
>        -.0579388                                
>                     .2958373
        pre5 |  -.1200955   .0910389    -1.32   0.
> 187                                             
>        -.2985285                                
>                     .0583375
--------------------------------------------------
> ----------------------------

 ( 1)  pre1 = 0
 ( 2)  pre2 = 0
 ( 3)  pre3 = 0
 ( 4)  pre4 = 0
 ( 5)  pre5 = 0

           chi2(  5) =    9.30
         Prob > chi2 =    0.0976

 ( 1)  tau0 = 0
 ( 2)  tau1 = 0
 ( 3)  tau2 = 0
 ( 4)  tau3 = 0
 ( 5)  tau4 = 0
 ( 6)  tau5 = 0

           chi2(  6) =   13.54
         Prob > chi2 =    0.0352
ATT (tau0):    -0.175  SE:     0.082  p =         
> .
Average post-treatment effect:    -0.251
number of observations will be reset to 11
Press any key to continue, or Break to abort
Number of observations (_N) was 0, now 11.
(0 observations deleted)
file
    /Users/hhadah/Documents/GiT/residency-medica
    > id-expansion/output/figures/126-did_matche
    > d_Derm_event_unweighted.png saved as PNG
    format
file
    /Users/hhadah/Documents/GiT/residency-medica
    > id-expansion/my_paper/figures/126-did_matc
    > hed_Derm_event_unweighted.png saved as PNG
    format

--- Outcome: unmatched ---

                                                  
>        Number of obs                            
>                      = 1,330
--------------------------------------------------
> ----------------------------
   unmatched | Coefficient  Std. err.      z    P>
> |z|                                             
>         [95% con                                
>                 f. interval]
-------------+------------------------------------
> ----------------------------
        tau0 |  -.0038957   .0425206    -0.09   0.
> 927                                             
>        -.0872345                                
>                     .0794431
        tau1 |  -.0664146   .0475324    -1.40   0.
> 162                                             
>        -.1595764                                
>                     .0267471
        tau2 |  -.0721314   .0453558    -1.59   0.
> 112                                             
>        -.1610272                                
>                     .0167644
        tau3 |  -.1075739   .0763827    -1.41   0.
> 159                                             
>        -.2572812                                
>                     .0421334
        tau4 |  -.0783529   .0987369    -0.79   0.
> 427                                             
>        -.2718736                                
>                     .1151678
        tau5 |  -.1358852     .06871    -1.98   0.
> 048                                             
>        -.2705543                                
>                    -.0012162
        pre1 |   .0348399   .0563357     0.62   0.
> 536                                             
>        -.0755761                                
>                     .1452559
        pre2 |   .0450612   .0651537     0.69   0.
> 489                                             
>        -.0826378                                
>                     .1727602
        pre3 |  -.0100043   .0540551    -0.19   0.
> 853                                             
>        -.1159504                                
>                     .0959417
        pre4 |   .0067549   .0504453     0.13   0.
> 893                                             
>         -.092116                                
>                     .1056257
        pre5 |  -.0352639   .0387198    -0.91   0.
> 362                                             
>        -.1111534                                
>                     .0406256
--------------------------------------------------
> ----------------------------

 ( 1)  pre1 = 0
 ( 2)  pre2 = 0
 ( 3)  pre3 = 0
 ( 4)  pre4 = 0
 ( 5)  pre5 = 0

           chi2(  5) =    4.13
         Prob > chi2 =    0.5306

 ( 1)  tau0 = 0
 ( 2)  tau1 = 0
 ( 3)  tau2 = 0
 ( 4)  tau3 = 0
 ( 5)  tau4 = 0
 ( 6)  tau5 = 0

           chi2(  6) =   11.59
         Prob > chi2 =    0.0717
ATT (tau0):    -0.004  SE:     0.043  p =         
> .
Average post-treatment effect:    -0.077
number of observations will be reset to 11
Press any key to continue, or Break to abort
Number of observations (_N) was 0, now 11.
(0 observations deleted)
file
    /Users/hhadah/Documents/GiT/residency-medica
    > id-expansion/output/figures/127-did_unmatc
    > hed_Derm_event_unweighted.png saved as PNG
    format
file
    /Users/hhadah/Documents/GiT/residency-medica
    > id-expansion/my_paper/figures/127-did_unma
    > tched_Derm_event_unweighted.png saved as
    PNG format

--- Outcome: matched_per_100k ---

                                                  
>        Number of obs                            
>                      = 1,330
--------------------------------------------------
> ----------------------------
matched~100k | Coefficient  Std. err.      z    P>
> |z|                                             
>         [95% con                                
>                 f. interval]
-------------+------------------------------------
> ----------------------------
        tau0 |  -.0013815   .0022794    -0.61   0.
> 544                                             
>        -.0058489                                
>                      .003086
        tau1 |   .0076445   .0125913     0.61   0.
> 544                                             
>         -.017034                                
>                     .0323229
        tau2 |  -.0034141    .003741    -0.91   0.
> 361                                             
>        -.0107463                                
>                      .003918
        tau3 |   .0016525    .009379     0.18   0.
> 860                                             
>        -.0167301                                
>                      .020035
        tau4 |   -.001826   .0055577    -0.33   0.
> 742                                             
>        -.0127188                                
>                     .0090669
        tau5 |  -.0020488   .0082985    -0.25   0.
> 805                                             
>        -.0183136                                
>                      .014216
        pre1 |  -.0031506   .0051082    -0.62   0.
> 537                                             
>        -.0131625                                
>                     .0068613
        pre2 |   -.002174   .0040528    -0.54   0.
> 592                                             
>        -.0101174                                
>                     .0057694
        pre3 |   .0003789    .003553     0.11   0.
> 915                                             
>        -.0065849                                
>                     .0073426
        pre4 |   .0005778   .0032282     0.18   0.
> 858                                             
>        -.0057493                                
>                     .0069049
        pre5 |  -.0020741   .0025238    -0.82   0.
> 411                                             
>        -.0070206                                
>                     .0028725
--------------------------------------------------
> ----------------------------

 ( 1)  pre1 = 0
 ( 2)  pre2 = 0
 ( 3)  pre3 = 0
 ( 4)  pre4 = 0
 ( 5)  pre5 = 0

           chi2(  5) =    2.74
         Prob > chi2 =    0.7402

 ( 1)  tau0 = 0
 ( 2)  tau1 = 0
 ( 3)  tau2 = 0
 ( 4)  tau3 = 0
 ( 5)  tau4 = 0
 ( 6)  tau5 = 0

           chi2(  6) =    2.43
         Prob > chi2 =    0.8767
ATT (tau0):    -0.001  SE:     0.002  p =         
> .
Average post-treatment effect:     0.000
number of observations will be reset to 11
Press any key to continue, or Break to abort
Number of observations (_N) was 0, now 11.
(0 observations deleted)
file
    /Users/hhadah/Documents/GiT/residency-medica
    > id-expansion/output/figures/128-did_matche
    > d_per_100k_Derm_event_unweighted.png saved
    as PNG format
file
    /Users/hhadah/Documents/GiT/residency-medica
    > id-expansion/my_paper/figures/128-did_matc
    > hed_per_100k_Derm_event_unweighted.png
    saved as PNG format

--- Outcome: quota_per_100k ---

                                                  
>        Number of obs                            
>                      = 1,330
--------------------------------------------------
> ----------------------------
quota_p~100k | Coefficient  Std. err.      z    P>
> |z|                                             
>         [95% con                                
>                 f. interval]
-------------+------------------------------------
> ----------------------------
        tau0 |  -.0023244   .0022989    -1.01   0.
> 312                                             
>        -.0068302                                
>                     .0021814
        tau1 |   .0074044   .0128343     0.58   0.
> 564                                             
>        -.0177503                                
>                     .0325591
        tau2 |  -.0016647   .0044629    -0.37   0.
> 709                                             
>        -.0104117                                
>                     .0070824
        tau3 |  -.0008761   .0096096    -0.09   0.
> 927                                             
>        -.0197106                                
>                     .0179584
        tau4 |  -.0002582   .0087929    -0.03   0.
> 977                                             
>        -.0174921                                
>                     .0169756
        tau5 |  -.0041683    .008392    -0.50   0.
> 619                                             
>        -.0206163                                
>                     .0122797
        pre1 |  -.0028856   .0056842    -0.51   0.
> 612                                             
>        -.0140265                                
>                     .0082553
        pre2 |  -.0025896   .0045129    -0.57   0.
> 566                                             
>        -.0114347                                
>                     .0062555
        pre3 |  -.0004869   .0037227    -0.13   0.
> 896                                             
>        -.0077832                                
>                     .0068095
        pre4 |   .0001798   .0035936     0.05   0.
> 960                                             
>        -.0068635                                
>                     .0072231
        pre5 |  -.0025522   .0026129    -0.98   0.
> 329                                             
>        -.0076734                                
>                     .0025689
--------------------------------------------------
> ----------------------------

 ( 1)  pre1 = 0
 ( 2)  pre2 = 0
 ( 3)  pre3 = 0
 ( 4)  pre4 = 0
 ( 5)  pre5 = 0

           chi2(  5) =    2.85
         Prob > chi2 =    0.7229

 ( 1)  tau0 = 0
 ( 2)  tau1 = 0
 ( 3)  tau2 = 0
 ( 4)  tau3 = 0
 ( 5)  tau4 = 0
 ( 6)  tau5 = 0

           chi2(  6) =    5.14
         Prob > chi2 =    0.5264
ATT (tau0):    -0.002  SE:     0.002  p =         
> .
Average post-treatment effect:    -0.000
number of observations will be reset to 11
Press any key to continue, or Break to abort
Number of observations (_N) was 0, now 11.
(0 observations deleted)
file
    /Users/hhadah/Documents/GiT/residency-medica
    > id-expansion/output/figures/129-did_quota_
    > per_100k_Derm_event_unweighted.png saved
    as PNG format
file
    /Users/hhadah/Documents/GiT/residency-medica
    > id-expansion/my_paper/figures/129-did_quot
    > a_per_100k_Derm_event_unweighted.png saved
    as PNG format

--- Outcome: unmatched_per_100k ---

                                                  
>        Number of obs                            
>                      = 1,330
--------------------------------------------------
> ----------------------------
unmatch~100k | Coefficient  Std. err.      z    P>
> |z|                                             
>         [95% con                                
>                 f. interval]
-------------+------------------------------------
> ----------------------------
        tau0 |  -.0009429   .0005374    -1.75   0.
> 079                                             
>        -.0019963                                
>                     .0001104
        tau1 |    -.00024   .0020207    -0.12   0.
> 905                                             
>        -.0042006                                
>                     .0037205
        tau2 |   .0017495   .0022655     0.77   0.
> 440                                             
>        -.0026909                                
>                     .0061898
        tau3 |  -.0025285   .0011285    -2.24   0.
> 025                                             
>        -.0047403                                
>                    -.0003168
        tau4 |   .0015678   .0042379     0.37   0.
> 711                                             
>        -.0067384                                
>                      .009874
        tau5 |  -.0021195   .0007756    -2.73   0.
> 006                                             
>        -.0036397                                
>                    -.0005993
        pre1 |    .000265   .0010627     0.25   0.
> 803                                             
>        -.0018179                                
>                     .0023478
        pre2 |  -.0004156   .0009765    -0.43   0.
> 670                                             
>        -.0023294                                
>                     .0014983
        pre3 |  -.0008657   .0007442    -1.16   0.
> 245                                             
>        -.0023242                                
>                     .0005928
        pre4 |   -.000398   .0007706    -0.52   0.
> 606                                             
>        -.0019085                                
>                     .0011124
        pre5 |  -.0004782   .0004736    -1.01   0.
> 313                                             
>        -.0014065                                
>                     .0004501
--------------------------------------------------
> ----------------------------

 ( 1)  pre1 = 0
 ( 2)  pre2 = 0
 ( 3)  pre3 = 0
 ( 4)  pre4 = 0
 ( 5)  pre5 = 0

           chi2(  5) =    3.18
         Prob > chi2 =    0.6727

 ( 1)  tau0 = 0
 ( 2)  tau1 = 0
 ( 3)  tau2 = 0
 ( 4)  tau3 = 0
 ( 5)  tau4 = 0
 ( 6)  tau5 = 0

           chi2(  6) =    9.51
         Prob > chi2 =    0.1469
ATT (tau0):    -0.001  SE:     0.001  p =         
> .
Average post-treatment effect:    -0.000
number of observations will be reset to 11
Press any key to continue, or Break to abort
Number of observations (_N) was 0, now 11.
(0 observations deleted)
file
    /Users/hhadah/Documents/GiT/residency-medica
    > id-expansion/output/figures/130-did_unmatc
    > hed_per_100k_Derm_event_unweighted.png
    saved as PNG format
file
    /Users/hhadah/Documents/GiT/residency-medica
    > id-expansion/my_paper/figures/130-did_unma
    > tched_per_100k_Derm_event_unweighted.png
    saved as PNG format
EM

==================================================
> =======================
SPECIALTY GROUP (UNWEIGHTED): EM
==================================================
> =======================

--- Outcome: quota ---

                                                  
>        Number of obs                            
>                      = 2,350
--------------------------------------------------
> ----------------------------
       quota | Coefficient  Std. err.      z    P>
> |z|                                             
>         [95% con                                
>                 f. interval]
-------------+------------------------------------
> ----------------------------
        tau0 |  -.1919232   .2325623    -0.83   0.
> 409                                             
>        -.6477369                                
>                     .2638905
        tau1 |  -.9279506   .3070048    -3.02   0.
> 003                                             
>        -1.529669                                
>                    -.3262322
        tau2 |   -1.24708   .3136339    -3.98   0.
> 000                                             
>        -1.861791                                
>                    -.6323683
        tau3 |  -1.630673   .5472229    -2.98   0.
> 003                                             
>         -2.70321                                
>                    -.5581354
        tau4 |  -1.367833   .6551054    -2.09   0.
> 037                                             
>        -2.651816                                
>                    -.0838505
        tau5 |  -1.880754   1.063222    -1.77   0.
> 077                                             
>        -3.964631                                
>                     .2031221
        pre1 |   .0731426   .7753995     0.09   0.
> 925                                             
>        -1.446612                                
>                     1.592898
        pre2 |   .1368185   .7065889     0.19   0.
> 846                                             
>         -1.24807                                
>                     1.521707
        pre3 |    .262824   .6693785     0.39   0.
> 695                                             
>        -1.049134                                
>                     1.574782
        pre4 |    .532318   .6268196     0.85   0.
> 396                                             
>        -.6962258                                
>                     1.760862
        pre5 |    .679699    .486026     1.40   0.
> 162                                             
>        -.2728946                                
>                     1.632293
--------------------------------------------------
> ----------------------------

 ( 1)  pre1 = 0
 ( 2)  pre2 = 0
 ( 3)  pre3 = 0
 ( 4)  pre4 = 0
 ( 5)  pre5 = 0

           chi2(  5) =    3.39
         Prob > chi2 =    0.6402

 ( 1)  tau0 = 0
 ( 2)  tau1 = 0
 ( 3)  tau2 = 0
 ( 4)  tau3 = 0
 ( 5)  tau4 = 0
 ( 6)  tau5 = 0

           chi2(  6) =   22.15
         Prob > chi2 =    0.0011
ATT (tau0):    -0.192  SE:     0.233  p =         
> .
Average post-treatment effect:    -1.208
number of observations will be reset to 11
Press any key to continue, or Break to abort
Number of observations (_N) was 0, now 11.
(0 observations deleted)
file
    /Users/hhadah/Documents/GiT/residency-medica
    > id-expansion/output/figures/131-did_quota_
    > EM_event_unweighted.png saved as PNG
    format
file
    /Users/hhadah/Documents/GiT/residency-medica
    > id-expansion/my_paper/figures/131-did_quot
    > a_EM_event_unweighted.png saved as PNG
    format

--- Outcome: matched ---

                                                  
>        Number of obs                            
>                      = 2,350
--------------------------------------------------
> ----------------------------
     matched | Coefficient  Std. err.      z    P>
> |z|                                             
>         [95% con                                
>                 f. interval]
-------------+------------------------------------
> ----------------------------
        tau0 |  -.2297803    .248138    -0.93   0.
> 354                                             
>        -.7161219                                
>                     .2565613
        tau1 |  -.9137381   .3062292    -2.98   0.
> 003                                             
>        -1.513936                                
>                    -.3135399
        tau2 |  -1.207931   .3114929    -3.88   0.
> 000                                             
>        -1.818446                                
>                     -.597416
        tau3 |  -1.594653    .550279    -2.90   0.
> 004                                             
>         -2.67318                                
>                    -.5161261
        tau4 |  -1.371792   .6567858    -2.09   0.
> 037                                             
>        -2.659069                                
>                    -.0845157
        tau5 |  -1.962969   1.039899    -1.89   0.
> 059                                             
>        -4.001135                                
>                      .075196
        pre1 |   .0046692   .7776525     0.01   0.
> 995                                             
>        -1.519502                                
>                      1.52884
        pre2 |   .1684816   .7089327     0.24   0.
> 812                                             
>        -1.221001                                
>                     1.557964
        pre3 |   .3072173   .6759268     0.45   0.
> 649                                             
>        -1.017575                                
>                     1.632009
        pre4 |    .504641   .6304099     0.80   0.
> 423                                             
>        -.7309398                                
>                     1.740222
        pre5 |   .7230126   .5009397     1.44   0.
> 149                                             
>        -.2588112                                
>                     1.704836
--------------------------------------------------
> ----------------------------

 ( 1)  pre1 = 0
 ( 2)  pre2 = 0
 ( 3)  pre3 = 0
 ( 4)  pre4 = 0
 ( 5)  pre5 = 0

           chi2(  5) =    5.17
         Prob > chi2 =    0.3955

 ( 1)  tau0 = 0
 ( 2)  tau1 = 0
 ( 3)  tau2 = 0
 ( 4)  tau3 = 0
 ( 5)  tau4 = 0
 ( 6)  tau5 = 0

           chi2(  6) =   22.60
         Prob > chi2 =    0.0009
ATT (tau0):    -0.230  SE:     0.248  p =         
> .
Average post-treatment effect:    -1.213
number of observations will be reset to 11
Press any key to continue, or Break to abort
Number of observations (_N) was 0, now 11.
(0 observations deleted)
file
    /Users/hhadah/Documents/GiT/residency-medica
    > id-expansion/output/figures/132-did_matche
    > d_EM_event_unweighted.png saved as PNG
    format
file
    /Users/hhadah/Documents/GiT/residency-medica
    > id-expansion/my_paper/figures/132-did_matc
    > hed_EM_event_unweighted.png saved as PNG
    format

--- Outcome: unmatched ---

                                                  
>        Number of obs                            
>                      = 2,350
--------------------------------------------------
> ----------------------------
   unmatched | Coefficient  Std. err.      z    P>
> |z|                                             
>         [95% con                                
>                 f. interval]
-------------+------------------------------------
> ----------------------------
        tau0 |   .0378571   .0667065     0.57   0.
> 570                                             
>        -.0928852                                
>                     .1685993
        tau1 |  -.0142127   .0400585    -0.35   0.
> 723                                             
>        -.0927259                                
>                     .0643005
        tau2 |   -.039149   .0214732    -1.82   0.
> 068                                             
>        -.0812357                                
>                     .0029377
        tau3 |  -.0360197   .0375318    -0.96   0.
> 337                                             
>        -.1095808                                
>                     .0375414
        tau4 |   .0039586   .0299574     0.13   0.
> 895                                             
>        -.0547568                                
>                      .062674
        tau5 |    .082215   .0723915     1.14   0.
> 256                                             
>        -.0596697                                
>                     .2240998
        pre1 |   .0684734   .0490315     1.40   0.
> 163                                             
>        -.0276265                                
>                     .1645732
        pre2 |  -.0316631   .0227248    -1.39   0.
> 164                                             
>        -.0762028                                
>                     .0128766
        pre3 |  -.0443932   .0194087    -2.29   0.
> 022                                             
>        -.0824336                                
>                    -.0063528
        pre4 |    .027677   .0356827     0.78   0.
> 438                                             
>        -.0422598                                
>                     .0976139
        pre5 |  -.0433137   .0255491    -1.70   0.
> 090                                             
>        -.0933889                                
>                     .0067616
--------------------------------------------------
> ----------------------------

 ( 1)  pre1 = 0
 ( 2)  pre2 = 0
 ( 3)  pre3 = 0
 ( 4)  pre4 = 0
 ( 5)  pre5 = 0

           chi2(  5) =   20.98
         Prob > chi2 =    0.0008

 ( 1)  tau0 = 0
 ( 2)  tau1 = 0
 ( 3)  tau2 = 0
 ( 4)  tau3 = 0
 ( 5)  tau4 = 0
 ( 6)  tau5 = 0

           chi2(  6) =    5.85
         Prob > chi2 =    0.4400
ATT (tau0):     0.038  SE:     0.067  p =         
> .
Average post-treatment effect:     0.006
number of observations will be reset to 11
Press any key to continue, or Break to abort
Number of observations (_N) was 0, now 11.
(0 observations deleted)
file
    /Users/hhadah/Documents/GiT/residency-medica
    > id-expansion/output/figures/133-did_unmatc
    > hed_EM_event_unweighted.png saved as PNG
    format
file
    /Users/hhadah/Documents/GiT/residency-medica
    > id-expansion/my_paper/figures/133-did_unma
    > tched_EM_event_unweighted.png saved as PNG
    format

--- Outcome: matched_per_100k ---

                                                  
>        Number of obs                            
>                      = 2,350
--------------------------------------------------
> ----------------------------
matched~100k | Coefficient  Std. err.      z    P>
> |z|                                             
>         [95% con                                
>                 f. interval]
-------------+------------------------------------
> ----------------------------
        tau0 |  -.0003426   .0034986    -0.10   0.
> 922                                             
>        -.0071996                                
>                     .0065145
        tau1 |  -.0083158   .0058744    -1.42   0.
> 157                                             
>        -.0198294                                
>                     .0031978
        tau2 |  -.0138979   .0064954    -2.14   0.
> 032                                             
>        -.0266286                                
>                    -.0011672
        tau3 |  -.0222459   .0097581    -2.28   0.
> 023                                             
>        -.0413714                                
>                    -.0031204
        tau4 |  -.0137985   .0117218    -1.18   0.
> 239                                             
>        -.0367729                                
>                     .0091758
        tau5 |  -.0156866   .0177175    -0.89   0.
> 376                                             
>        -.0504123                                
>                      .019039
        pre1 |   .0227475   .0134118     1.70   0.
> 090                                             
>        -.0035392                                
>                     .0490343
        pre2 |   .0216396   .0126423     1.71   0.
> 087                                             
>        -.0031388                                
>                      .046418
        pre3 |   .0183981   .0118047     1.56   0.
> 119                                             
>        -.0047387                                
>                     .0415348
        pre4 |   .0175404   .0098111     1.79   0.
> 074                                             
>         -.001689                                
>                     .0367698
        pre5 |   .0185512   .0096916     1.91   0.
> 056                                             
>        -.0004439                                
>                     .0375464
--------------------------------------------------
> ----------------------------

 ( 1)  pre1 = 0
 ( 2)  pre2 = 0
 ( 3)  pre3 = 0
 ( 4)  pre4 = 0
 ( 5)  pre5 = 0

           chi2(  5) =    4.87
         Prob > chi2 =    0.4319

 ( 1)  tau0 = 0
 ( 2)  tau1 = 0
 ( 3)  tau2 = 0
 ( 4)  tau3 = 0
 ( 5)  tau4 = 0
 ( 6)  tau5 = 0

           chi2(  6) =   11.07
         Prob > chi2 =    0.0862
ATT (tau0):    -0.000  SE:     0.003  p =         
> .
Average post-treatment effect:    -0.012
number of observations will be reset to 11
Press any key to continue, or Break to abort
Number of observations (_N) was 0, now 11.
(0 observations deleted)
file
    /Users/hhadah/Documents/GiT/residency-medica
    > id-expansion/output/figures/134-did_matche
    > d_per_100k_EM_event_unweighted.png saved
    as PNG format
file
    /Users/hhadah/Documents/GiT/residency-medica
    > id-expansion/my_paper/figures/134-did_matc
    > hed_per_100k_EM_event_unweighted.png saved
    as PNG format

--- Outcome: quota_per_100k ---

                                                  
>        Number of obs                            
>                      = 2,350
--------------------------------------------------
> ----------------------------
quota_p~100k | Coefficient  Std. err.      z    P>
> |z|                                             
>         [95% con                                
>                 f. interval]
-------------+------------------------------------
> ----------------------------
        tau0 |   .0010221   .0039254     0.26   0.
> 795                                             
>        -.0066716                                
>                     .0087157
        tau1 |  -.0086205   .0059297    -1.45   0.
> 146                                             
>        -.0202424                                
>                     .0030014
        tau2 |  -.0134866   .0067902    -1.99   0.
> 047                                             
>        -.0267951                                
>                    -.0001782
        tau3 |  -.0214896   .0101855    -2.11   0.
> 035                                             
>        -.0414528                                
>                    -.0015264
        tau4 |  -.0127308   .0118814    -1.07   0.
> 284                                             
>        -.0360178                                
>                     .0105563
        tau5 |  -.0150819   .0178116    -0.85   0.
> 397                                             
>         -.049992                                
>                     .0198281
        pre1 |   .0232462   .0134602     1.73   0.
> 084                                             
>        -.0031353                                
>                     .0496277
        pre2 |   .0210848   .0126528     1.67   0.
> 096                                             
>        -.0037142                                
>                     .0458838
        pre3 |   .0177777   .0117712     1.51   0.
> 131                                             
>        -.0052935                                
>                     .0408489
        pre4 |   .0177394   .0098158     1.81   0.
> 071                                             
>        -.0014993                                
>                     .0369781
        pre5 |   .0181082   .0095602     1.89   0.
> 058                                             
>        -.0006296                                
>                     .0368459
--------------------------------------------------
> ----------------------------

 ( 1)  pre1 = 0
 ( 2)  pre2 = 0
 ( 3)  pre3 = 0
 ( 4)  pre4 = 0
 ( 5)  pre5 = 0

           chi2(  5) =    5.72
         Prob > chi2 =    0.3339

 ( 1)  tau0 = 0
 ( 2)  tau1 = 0
 ( 3)  tau2 = 0
 ( 4)  tau3 = 0
 ( 5)  tau4 = 0
 ( 6)  tau5 = 0

           chi2(  6) =   12.41
         Prob > chi2 =    0.0534
ATT (tau0):     0.001  SE:     0.004  p =         
> .
Average post-treatment effect:    -0.012
number of observations will be reset to 11
Press any key to continue, or Break to abort
Number of observations (_N) was 0, now 11.
(0 observations deleted)
file
    /Users/hhadah/Documents/GiT/residency-medica
    > id-expansion/output/figures/135-did_quota_
    > per_100k_EM_event_unweighted.png saved as
    PNG format
file
    /Users/hhadah/Documents/GiT/residency-medica
    > id-expansion/my_paper/figures/135-did_quot
    > a_per_100k_EM_event_unweighted.png saved
    as PNG format

--- Outcome: unmatched_per_100k ---

                                                  
>        Number of obs                            
>                      = 2,350
--------------------------------------------------
> ----------------------------
unmatch~100k | Coefficient  Std. err.      z    P>
> |z|                                             
>         [95% con                                
>                 f. interval]
-------------+------------------------------------
> ----------------------------
        tau0 |   .0013646   .0011818     1.15   0.
> 248                                             
>        -.0009516                                
>                     .0036809
        tau1 |  -.0003047   .0004216    -0.72   0.
> 470                                             
>         -.001131                                
>                     .0005215
        tau2 |   .0004112   .0010128     0.41   0.
> 685                                             
>        -.0015739                                
>                     .0023964
        tau3 |   .0007563   .0022133     0.34   0.
> 733                                             
>        -.0035818                                
>                     .0050943
        tau4 |   .0010677   .0010654     1.00   0.
> 316                                             
>        -.0010204                                
>                     .0031558
        tau5 |   .0006047   .0007695     0.79   0.
> 432                                             
>        -.0009034                                
>                     .0021128
        pre1 |   .0004987   .0005721     0.87   0.
> 383                                             
>        -.0006227                                
>                     .0016201
        pre2 |  -.0005548   .0003929    -1.41   0.
> 158                                             
>        -.0013249                                
>                     .0002152
        pre3 |  -.0006204   .0003086    -2.01   0.
> 044                                             
>        -.0012252                                
>                    -.0000155
        pre4 |    .000199    .000434     0.46   0.
> 647                                             
>        -.0006516                                
>                     .0010496
        pre5 |   -.000443   .0002837    -1.56   0.
> 118                                             
>         -.000999                                
>                      .000113
--------------------------------------------------
> ----------------------------

 ( 1)  pre1 = 0
 ( 2)  pre2 = 0
 ( 3)  pre3 = 0
 ( 4)  pre4 = 0
 ( 5)  pre5 = 0

           chi2(  5) =   14.75
         Prob > chi2 =    0.0115

 ( 1)  tau0 = 0
 ( 2)  tau1 = 0
 ( 3)  tau2 = 0
 ( 4)  tau3 = 0
 ( 5)  tau4 = 0
 ( 6)  tau5 = 0

           chi2(  6) =    4.67
         Prob > chi2 =    0.5874
ATT (tau0):     0.001  SE:     0.001  p =         
> .
Average post-treatment effect:     0.001
number of observations will be reset to 11
Press any key to continue, or Break to abort
Number of observations (_N) was 0, now 11.
(0 observations deleted)
file
    /Users/hhadah/Documents/GiT/residency-medica
    > id-expansion/output/figures/136-did_unmatc
    > hed_per_100k_EM_event_unweighted.png saved
    as PNG format
file
    /Users/hhadah/Documents/GiT/residency-medica
    > id-expansion/my_paper/figures/136-did_unma
    > tched_per_100k_EM_event_unweighted.png
    saved as PNG format
ENT

==================================================
> =======================
SPECIALTY GROUP (UNWEIGHTED): ENT
==================================================
> =======================

--- Outcome: quota ---

                                                  
>        Number of obs                            
>                      = 1,100
--------------------------------------------------
> ----------------------------
       quota | Coefficient  Std. err.      z    P>
> |z|                                             
>         [95% con                                
>                 f. interval]
-------------+------------------------------------
> ----------------------------
        tau0 |  -.0330177   .0502321    -0.66   0.
> 511                                             
>        -.1314708                                
>                     .0654355
        tau1 |   -.123792   .0708152    -1.75   0.
> 080                                             
>        -.2625872                                
>                     .0150033
        tau2 |  -.2065678   .0812154    -2.54   0.
> 011                                             
>         -.365747                                
>                    -.0473886
        tau3 |  -.2389828   .0945983    -2.53   0.
> 012                                             
>        -.4243921                                
>                    -.0535735
        tau4 |  -.2085176   .0965112    -2.16   0.
> 031                                             
>         -.397676                                
>                    -.0193591
        tau5 |  -.1494949   .1316819    -1.14   0.
> 256                                             
>        -.4075867                                
>                     .1085969
        pre1 |   -.174022   .0977649    -1.78   0.
> 075                                             
>        -.3656377                                
>                     .0175937
        pre2 |  -.0720737   .0869209    -0.83   0.
> 407                                             
>        -.2424355                                
>                     .0982882
        pre3 |  -.1352422   .0785294    -1.72   0.
> 085                                             
>        -.2891571                                
>                     .0186726
        pre4 |   -.022963   .0774308    -0.30   0.
> 767                                             
>        -.1747246                                
>                     .1287986
        pre5 |   -.112857    .083191    -1.36   0.
> 175                                             
>        -.2759084                                
>                     .0501944
--------------------------------------------------
> ----------------------------

 ( 1)  pre1 = 0
 ( 2)  pre2 = 0
 ( 3)  pre3 = 0
 ( 4)  pre4 = 0
 ( 5)  pre5 = 0

           chi2(  5) =    4.68
         Prob > chi2 =    0.4563

 ( 1)  tau0 = 0
 ( 2)  tau1 = 0
 ( 3)  tau2 = 0
 ( 4)  tau3 = 0
 ( 5)  tau4 = 0
 ( 6)  tau5 = 0

           chi2(  6) =    8.78
         Prob > chi2 =    0.1866
ATT (tau0):    -0.033  SE:     0.050  p =         
> .
Average post-treatment effect:    -0.160
number of observations will be reset to 11
Press any key to continue, or Break to abort
Number of observations (_N) was 0, now 11.
(0 observations deleted)
file
    /Users/hhadah/Documents/GiT/residency-medica
    > id-expansion/output/figures/137-did_quota_
    > ENT_event_unweighted.png saved as PNG
    format
file
    /Users/hhadah/Documents/GiT/residency-medica
    > id-expansion/my_paper/figures/137-did_quot
    > a_ENT_event_unweighted.png saved as PNG
    format

--- Outcome: matched ---

                                                  
>        Number of obs                            
>                      = 1,100
--------------------------------------------------
> ----------------------------
     matched | Coefficient  Std. err.      z    P>
> |z|                                             
>         [95% con                                
>                 f. interval]
-------------+------------------------------------
> ----------------------------
        tau0 |  -.0388383   .0556485    -0.70   0.
> 485                                             
>        -.1479074                                
>                     .0702308
        tau1 |  -.1522365   .0740609    -2.06   0.
> 040                                             
>        -.2973933                                
>                    -.0070798
        tau2 |  -.1849009   .0963217    -1.92   0.
> 055                                             
>         -.373688                                
>                     .0038863
        tau3 |  -.2759543   .1375319    -2.01   0.
> 045                                             
>        -.5455119                                
>                    -.0063967
        tau4 |  -.2314268    .121997    -1.90   0.
> 058                                             
>        -.4705364                                
>                     .0076829
        tau5 |   -.157744   .1334012    -1.18   0.
> 237                                             
>        -.4192056                                
>                     .1037176
        pre1 |  -.0568419   .1096298    -0.52   0.
> 604                                             
>        -.2717123                                
>                     .1580285
        pre2 |   .0250395   .0863667     0.29   0.
> 772                                             
>        -.1442361                                
>                     .1943152
        pre3 |  -.0586514   .0889957    -0.66   0.
> 510                                             
>        -.2330798                                
>                      .115777
        pre4 |   .0192543   .0795086     0.24   0.
> 809                                             
>        -.1365797                                
>                     .1750884
        pre5 |   -.047416   .0991818    -0.48   0.
> 633                                             
>        -.2418087                                
>                     .1469767
--------------------------------------------------
> ----------------------------

 ( 1)  pre1 = 0
 ( 2)  pre2 = 0
 ( 3)  pre3 = 0
 ( 4)  pre4 = 0
 ( 5)  pre5 = 0

           chi2(  5) =    1.63
         Prob > chi2 =    0.8977

 ( 1)  tau0 = 0
 ( 2)  tau1 = 0
 ( 3)  tau2 = 0
 ( 4)  tau3 = 0
 ( 5)  tau4 = 0
 ( 6)  tau5 = 0

           chi2(  6) =    6.09
         Prob > chi2 =    0.4136
ATT (tau0):    -0.039  SE:     0.056  p =         
> .
Average post-treatment effect:    -0.174
number of observations will be reset to 11
Press any key to continue, or Break to abort
Number of observations (_N) was 0, now 11.
(0 observations deleted)
file
    /Users/hhadah/Documents/GiT/residency-medica
    > id-expansion/output/figures/138-did_matche
    > d_ENT_event_unweighted.png saved as PNG
    format
file
    /Users/hhadah/Documents/GiT/residency-medica
    > id-expansion/my_paper/figures/138-did_matc
    > hed_ENT_event_unweighted.png saved as PNG
    format

--- Outcome: unmatched ---

                                                  
>        Number of obs                            
>                      = 1,100
--------------------------------------------------
> ----------------------------
   unmatched | Coefficient  Std. err.      z    P>
> |z|                                             
>         [95% con                                
>                 f. interval]
-------------+------------------------------------
> ----------------------------
        tau0 |   .0058207   .0146758     0.40   0.
> 692                                             
>        -.0229433                                
>                     .0345848
        tau1 |   .0284446   .0219902     1.29   0.
> 196                                             
>        -.0146553                                
>                     .0715445
        tau2 |  -.0216669   .0334617    -0.65   0.
> 517                                             
>        -.0872507                                
>                     .0439169
        tau3 |   .0369715   .0745113     0.50   0.
> 620                                             
>        -.1090679                                
>                     .1830109
        tau4 |   .0229093   .0692092     0.33   0.
> 741                                             
>        -.1127383                                
>                     .1585569
        tau5 |   .0082492   .0177075     0.47   0.
> 641                                             
>        -.0264568                                
>                     .0429552
        pre1 |  -.1171801    .048588    -2.41   0.
> 016                                             
>        -.2124108                                
>                    -.0219494
        pre2 |  -.0971132   .0431082    -2.25   0.
> 024                                             
>        -.1816036                                
>                    -.0126227
        pre3 |  -.0765908   .0555154    -1.38   0.
> 168                                             
>         -.185399                                
>                     .0322174
        pre4 |  -.0422173   .0629347    -0.67   0.
> 502                                             
>         -.165567                                
>                     .0811324
        pre5 |  -.0654409   .0351293    -1.86   0.
> 062                                             
>         -.134293                                
>                     .0034111
--------------------------------------------------
> ----------------------------

 ( 1)  pre1 = 0
 ( 2)  pre2 = 0
 ( 3)  pre3 = 0
 ( 4)  pre4 = 0
 ( 5)  pre5 = 0

           chi2(  5) =   16.83
         Prob > chi2 =    0.0048

 ( 1)  tau0 = 0
 ( 2)  tau1 = 0
 ( 3)  tau2 = 0
 ( 4)  tau3 = 0
 ( 5)  tau4 = 0
 ( 6)  tau5 = 0

           chi2(  6) =    6.24
         Prob > chi2 =    0.3971
ATT (tau0):     0.006  SE:     0.015  p =         
> .
Average post-treatment effect:     0.013
number of observations will be reset to 11
Press any key to continue, or Break to abort
Number of observations (_N) was 0, now 11.
(0 observations deleted)
file
    /Users/hhadah/Documents/GiT/residency-medica
    > id-expansion/output/figures/139-did_unmatc
    > hed_ENT_event_unweighted.png saved as PNG
    format
file
    /Users/hhadah/Documents/GiT/residency-medica
    > id-expansion/my_paper/figures/139-did_unma
    > tched_ENT_event_unweighted.png saved as
    PNG format

--- Outcome: matched_per_100k ---

                                                  
>        Number of obs                            
>                      = 1,100
--------------------------------------------------
> ----------------------------
matched~100k | Coefficient  Std. err.      z    P>
> |z|                                             
>         [95% con                                
>                 f. interval]
-------------+------------------------------------
> ----------------------------
        tau0 |   .0009095   .0014681     0.62   0.
> 536                                             
>        -.0019679                                
>                     .0037869
        tau1 |  -.0026506   .0019516    -1.36   0.
> 174                                             
>        -.0064757                                
>                     .0011744
        tau2 |  -.0010403   .0021471    -0.48   0.
> 628                                             
>        -.0052484                                
>                     .0031679
        tau3 |  -.0043402   .0023658    -1.83   0.
> 067                                             
>         -.008977                                
>                     .0002966
        tau4 |  -.0038871   .0027628    -1.41   0.
> 159                                             
>        -.0093021                                
>                     .0015278
        tau5 |  -.0044618   .0029882    -1.49   0.
> 135                                             
>        -.0103186                                
>                     .0013949
        pre1 |  -.0016585   .0024666    -0.67   0.
> 501                                             
>        -.0064929                                
>                     .0031759
        pre2 |   .0005073   .0020415     0.25   0.
> 804                                             
>         -.003494                                
>                     .0045086
        pre3 |  -.0018487   .0017257    -1.07   0.
> 284                                             
>        -.0052311                                
>                     .0015337
        pre4 |   .0000942   .0016673     0.06   0.
> 955                                             
>        -.0031736                                
>                      .003362
        pre5 |   .0000791   .0010766     0.07   0.
> 941                                             
>         -.002031                                
>                     .0021892
--------------------------------------------------
> ----------------------------

 ( 1)  pre1 = 0
 ( 2)  pre2 = 0
 ( 3)  pre3 = 0
 ( 4)  pre4 = 0
 ( 5)  pre5 = 0

           chi2(  5) =    1.97
         Prob > chi2 =    0.8536

 ( 1)  tau0 = 0
 ( 2)  tau1 = 0
 ( 3)  tau2 = 0
 ( 4)  tau3 = 0
 ( 5)  tau4 = 0
 ( 6)  tau5 = 0

           chi2(  6) =    6.46
         Prob > chi2 =    0.3732
ATT (tau0):     0.001  SE:     0.001  p =         
> .
Average post-treatment effect:    -0.003
number of observations will be reset to 11
Press any key to continue, or Break to abort
Number of observations (_N) was 0, now 11.
(0 observations deleted)
file
    /Users/hhadah/Documents/GiT/residency-medica
    > id-expansion/output/figures/140-did_matche
    > d_per_100k_ENT_event_unweighted.png saved
    as PNG format
file
    /Users/hhadah/Documents/GiT/residency-medica
    > id-expansion/my_paper/figures/140-did_matc
    > hed_per_100k_ENT_event_unweighted.png
    saved as PNG format

--- Outcome: quota_per_100k ---

                                                  
>        Number of obs                            
>                      = 1,100
--------------------------------------------------
> ----------------------------
quota_p~100k | Coefficient  Std. err.      z    P>
> |z|                                             
>         [95% con                                
>                 f. interval]
-------------+------------------------------------
> ----------------------------
        tau0 |   .0006313   .0013881     0.45   0.
> 649                                             
>        -.0020893                                
>                      .003352
        tau1 |  -.0026568   .0019002    -1.40   0.
> 162                                             
>        -.0063812                                
>                     .0010675
        tau2 |  -.0020205   .0019911    -1.01   0.
> 310                                             
>        -.0059228                                
>                     .0018819
        tau3 |  -.0054836   .0024962    -2.20   0.
> 028                                             
>         -.010376                                
>                    -.0005911
        tau4 |    -.00284   .0025117    -1.13   0.
> 258                                             
>        -.0077628                                
>                     .0020829
        tau5 |  -.0047924   .0029345    -1.63   0.
> 102                                             
>         -.010544                                
>                     .0009592
        pre1 |   -.003344   .0025587    -1.31   0.
> 191                                             
>         -.008359                                
>                      .001671
        pre2 |  -.0010032   .0022683    -0.44   0.
> 658                                             
>        -.0054491                                
>                     .0034426
        pre3 |  -.0027605   .0017415    -1.59   0.
> 113                                             
>        -.0061738                                
>                     .0006528
        pre4 |   .0001318    .001791     0.07   0.
> 941                                             
>        -.0033786                                
>                     .0036421
        pre5 |   -.000815   .0010097    -0.81   0.
> 420                                             
>        -.0027939                                
>                     .0011639
--------------------------------------------------
> ----------------------------

 ( 1)  pre1 = 0
 ( 2)  pre2 = 0
 ( 3)  pre3 = 0
 ( 4)  pre4 = 0
 ( 5)  pre5 = 0

           chi2(  5) =    3.22
         Prob > chi2 =    0.6654

 ( 1)  tau0 = 0
 ( 2)  tau1 = 0
 ( 3)  tau2 = 0
 ( 4)  tau3 = 0
 ( 5)  tau4 = 0
 ( 6)  tau5 = 0

           chi2(  6) =    6.71
         Prob > chi2 =    0.3481
ATT (tau0):     0.001  SE:     0.001  p =         
> .
Average post-treatment effect:    -0.003
number of observations will be reset to 11
Press any key to continue, or Break to abort
Number of observations (_N) was 0, now 11.
(0 observations deleted)
file
    /Users/hhadah/Documents/GiT/residency-medica
    > id-expansion/output/figures/141-did_quota_
    > per_100k_ENT_event_unweighted.png saved as
    PNG format
file
    /Users/hhadah/Documents/GiT/residency-medica
    > id-expansion/my_paper/figures/141-did_quot
    > a_per_100k_ENT_event_unweighted.png saved
    as PNG format

--- Outcome: unmatched_per_100k ---

                                                  
>        Number of obs                            
>                      = 1,100
--------------------------------------------------
> ----------------------------
unmatch~100k | Coefficient  Std. err.      z    P>
> |z|                                             
>         [95% con                                
>                 f. interval]
-------------+------------------------------------
> ----------------------------
        tau0 |  -.0002782   .0003521    -0.79   0.
> 430                                             
>        -.0009684                                
>                      .000412
        tau1 |  -6.19e-06   .0004914    -0.01   0.
> 990                                             
>        -.0009693                                
>                     .0009569
        tau2 |  -.0009802   .0006185    -1.58   0.
> 113                                             
>        -.0021923                                
>                      .000232
        tau3 |  -.0011433   .0018641    -0.61   0.
> 540                                             
>        -.0047969                                
>                     .0025102
        tau4 |   .0010471    .000978     1.07   0.
> 284                                             
>        -.0008697                                
>                      .002964
        tau5 |  -.0003306   .0004148    -0.80   0.
> 426                                             
>        -.0011436                                
>                     .0004824
        pre1 |  -.0016855   .0008992    -1.87   0.
> 061                                             
>        -.0034479                                
>                     .0000769
        pre2 |  -.0015105   .0009407    -1.61   0.
> 108                                             
>        -.0033543                                
>                     .0003333
        pre3 |  -.0009118   .0010363    -0.88   0.
> 379                                             
>        -.0029429                                
>                     .0011193
        pre4 |   .0000375   .0013591     0.03   0.
> 978                                             
>        -.0026263                                
>                     .0027014
        pre5 |  -.0008941   .0006099    -1.47   0.
> 143                                             
>        -.0020894                                
>                     .0003012
--------------------------------------------------
> ----------------------------

 ( 1)  pre1 = 0
 ( 2)  pre2 = 0
 ( 3)  pre3 = 0
 ( 4)  pre4 = 0
 ( 5)  pre5 = 0

           chi2(  5) =    6.95
         Prob > chi2 =    0.2242

 ( 1)  tau0 = 0
 ( 2)  tau1 = 0
 ( 3)  tau2 = 0
 ( 4)  tau3 = 0
 ( 5)  tau4 = 0
 ( 6)  tau5 = 0

           chi2(  6) =    5.72
         Prob > chi2 =    0.4554
ATT (tau0):    -0.000  SE:     0.000  p =         
> .
Average post-treatment effect:    -0.000
number of observations will be reset to 11
Press any key to continue, or Break to abort
Number of observations (_N) was 0, now 11.
(0 observations deleted)
file
    /Users/hhadah/Documents/GiT/residency-medica
    > id-expansion/output/figures/142-did_unmatc
    > hed_per_100k_ENT_event_unweighted.png
    saved as PNG format
file
    /Users/hhadah/Documents/GiT/residency-medica
    > id-expansion/my_paper/figures/142-did_unma
    > tched_per_100k_ENT_event_unweighted.png
    saved as PNG format
FM

==================================================
> =======================
SPECIALTY GROUP (UNWEIGHTED): FM
==================================================
> =======================

--- Outcome: quota ---

                                                  
>        Number of obs                            
>                      = 5,460
--------------------------------------------------
> ----------------------------
       quota | Coefficient  Std. err.      z    P>
> |z|                                             
>         [95% con                                
>                 f. interval]
-------------+------------------------------------
> ----------------------------
        tau0 |   .0298796   .1376078     0.22   0.
> 828                                             
>        -.2398268                                
>                     .2995859
        tau1 |  -.0818758   .1726169    -0.47   0.
> 635                                             
>        -.4201987                                
>                     .2564471
        tau2 |  -.1395943   .1979267    -0.71   0.
> 481                                             
>        -.5275235                                
>                     .2483348
        tau3 |  -.3670932   .2436467    -1.51   0.
> 132                                             
>        -.8446319                                
>                     .1104455
        tau4 |  -.1236843   .2717062    -0.46   0.
> 649                                             
>        -.6562186                                
>                     .4088501
        tau5 |  -.0688981   .3008701    -0.23   0.
> 819                                             
>        -.6585925                                
>                     .5207964
        pre1 |  -.8103504   .3990897    -2.03   0.
> 042                                             
>        -1.592552                                
>                    -.0281491
        pre2 |  -.7639672   .3876955    -1.97   0.
> 049                                             
>        -1.523837                                
>                    -.0040979
        pre3 |   -.773921   .3617438    -2.14   0.
> 032                                             
>        -1.482926                                
>                    -.0649162
        pre4 |  -.7784672   .3347324    -2.33   0.
> 020                                             
>        -1.434531                                
>                    -.1224038
        pre5 |  -.6248574   .2894536    -2.16   0.
> 031                                             
>        -1.192176                                
>                    -.0575388
--------------------------------------------------
> ----------------------------

 ( 1)  pre1 = 0
 ( 2)  pre2 = 0
 ( 3)  pre3 = 0
 ( 4)  pre4 = 0
 ( 5)  pre5 = 0

           chi2(  5) =    6.28
         Prob > chi2 =    0.2799

 ( 1)  tau0 = 0
 ( 2)  tau1 = 0
 ( 3)  tau2 = 0
 ( 4)  tau3 = 0
 ( 5)  tau4 = 0
 ( 6)  tau5 = 0

           chi2(  6) =    9.14
         Prob > chi2 =    0.1659
ATT (tau0):     0.030  SE:     0.138  p =         
> .
Average post-treatment effect:    -0.125
number of observations will be reset to 11
Press any key to continue, or Break to abort
Number of observations (_N) was 0, now 11.
(0 observations deleted)
file
    /Users/hhadah/Documents/GiT/residency-medica
    > id-expansion/output/figures/143-did_quota_
    > FM_event_unweighted.png saved as PNG
    format
file
    /Users/hhadah/Documents/GiT/residency-medica
    > id-expansion/my_paper/figures/143-did_quot
    > a_FM_event_unweighted.png saved as PNG
    format

--- Outcome: matched ---

                                                  
>        Number of obs                            
>                      = 5,460
--------------------------------------------------
> ----------------------------
     matched | Coefficient  Std. err.      z    P>
> |z|                                             
>         [95% con                                
>                 f. interval]
-------------+------------------------------------
> ----------------------------
        tau0 |   .0090459   .1566704     0.06   0.
> 954                                             
>        -.2980225                                
>                     .3161142
        tau1 |  -.1440543   .1753582    -0.82   0.
> 411                                             
>        -.4877501                                
>                     .1996414
        tau2 |  -.1014604   .1913211    -0.53   0.
> 596                                             
>        -.4764429                                
>                     .2735221
        tau3 |  -.4074889   .2212787    -1.84   0.
> 066                                             
>        -.8411872                                
>                     .0262095
        tau4 |  -.2485999   .2634936    -0.94   0.
> 345                                             
>        -.7650378                                
>                     .2678381
        tau5 |  -.0781569   .2805899    -0.28   0.
> 781                                             
>        -.6281031                                
>                     .4717893
        pre1 |  -.5557244   .5562298    -1.00   0.
> 318                                             
>        -1.645915                                
>                     .5344659
        pre2 |  -.4212532   .5408212    -0.78   0.
> 436                                             
>        -1.481243                                
>                     .6387369
        pre3 |  -.4064028   .5225708    -0.78   0.
> 437                                             
>        -1.430623                                
>                     .6178172
        pre4 |  -.5264834   .5076192    -1.04   0.
> 300                                             
>        -1.521399                                
>                     .4684319
        pre5 |  -.2815887   .4956162    -0.57   0.
> 570                                             
>        -1.252979                                
>                     .6898013
--------------------------------------------------
> ----------------------------

 ( 1)  pre1 = 0
 ( 2)  pre2 = 0
 ( 3)  pre3 = 0
 ( 4)  pre4 = 0
 ( 5)  pre5 = 0

           chi2(  5) =    7.54
         Prob > chi2 =    0.1834

 ( 1)  tau0 = 0
 ( 2)  tau1 = 0
 ( 3)  tau2 = 0
 ( 4)  tau3 = 0
 ( 5)  tau4 = 0
 ( 6)  tau5 = 0

           chi2(  6) =   10.55
         Prob > chi2 =    0.1033
ATT (tau0):     0.009  SE:     0.157  p =         
> .
Average post-treatment effect:    -0.162
number of observations will be reset to 11
Press any key to continue, or Break to abort
Number of observations (_N) was 0, now 11.
(0 observations deleted)
file
    /Users/hhadah/Documents/GiT/residency-medica
    > id-expansion/output/figures/144-did_matche
    > d_FM_event_unweighted.png saved as PNG
    format
file
    /Users/hhadah/Documents/GiT/residency-medica
    > id-expansion/my_paper/figures/144-did_matc
    > hed_FM_event_unweighted.png saved as PNG
    format

--- Outcome: unmatched ---

                                                  
>        Number of obs                            
>                      = 5,460
--------------------------------------------------
> ----------------------------
   unmatched | Coefficient  Std. err.      z    P>
> |z|                                             
>         [95% con                                
>                 f. interval]
-------------+------------------------------------
> ----------------------------
        tau0 |   .0208335   .0681592     0.31   0.
> 760                                             
>        -.1127562                                
>                     .1544232
        tau1 |   .0621783   .0667102     0.93   0.
> 351                                             
>        -.0685712                                
>                     .1929279
        tau2 |  -.0381341   .0729257    -0.52   0.
> 601                                             
>        -.1810657                                
>                     .1047976
        tau3 |   .0403956   .0908188     0.44   0.
> 656                                             
>        -.1376059                                
>                     .2183971
        tau4 |   .1249154   .0908387     1.38   0.
> 169                                             
>        -.0531251                                
>                     .3029559
        tau5 |   .0092589   .1511243     0.06   0.
> 951                                             
>        -.2869394                                
>                     .3054571
        pre1 |   -.254626   .2173864    -1.17   0.
> 241                                             
>        -.6806955                                
>                     .1714434
        pre2 |  -.3427141   .2253904    -1.52   0.
> 128                                             
>        -.7844712                                
>                     .0990431
        pre3 |  -.3675182    .223348    -1.65   0.
> 100                                             
>        -.8052722                                
>                     .0702358
        pre4 |  -.2519838   .2218156    -1.14   0.
> 256                                             
>        -.6867344                                
>                     .1827668
        pre5 |  -.3432688   .2937631    -1.17   0.
> 243                                             
>        -.9190338                                
>                     .2324963
--------------------------------------------------
> ----------------------------

 ( 1)  pre1 = 0
 ( 2)  pre2 = 0
 ( 3)  pre3 = 0
 ( 4)  pre4 = 0
 ( 5)  pre5 = 0

           chi2(  5) =    6.40
         Prob > chi2 =    0.2688

 ( 1)  tau0 = 0
 ( 2)  tau1 = 0
 ( 3)  tau2 = 0
 ( 4)  tau3 = 0
 ( 5)  tau4 = 0
 ( 6)  tau5 = 0

           chi2(  6) =    7.24
         Prob > chi2 =    0.2992
ATT (tau0):     0.021  SE:     0.068  p =         
> .
Average post-treatment effect:     0.037
number of observations will be reset to 11
Press any key to continue, or Break to abort
Number of observations (_N) was 0, now 11.
(0 observations deleted)
file
    /Users/hhadah/Documents/GiT/residency-medica
    > id-expansion/output/figures/145-did_unmatc
    > hed_FM_event_unweighted.png saved as PNG
    format
file
    /Users/hhadah/Documents/GiT/residency-medica
    > id-expansion/my_paper/figures/145-did_unma
    > tched_FM_event_unweighted.png saved as PNG
    format

--- Outcome: matched_per_100k ---

                                                  
>        Number of obs                            
>                      = 5,460
--------------------------------------------------
> ----------------------------
matched~100k | Coefficient  Std. err.      z    P>
> |z|                                             
>         [95% con                                
>                 f. interval]
-------------+------------------------------------
> ----------------------------
        tau0 |  -.0082066   .0068971    -1.19   0.
> 234                                             
>        -.0217246                                
>                     .0053114
        tau1 |  -.0115187    .008146    -1.41   0.
> 157                                             
>        -.0274846                                
>                     .0044472
        tau2 |   -.006305   .0062592    -1.01   0.
> 314                                             
>        -.0185728                                
>                     .0059628
        tau3 |  -.0077953   .0081588    -0.96   0.
> 339                                             
>        -.0237862                                
>                     .0081957
        tau4 |  -.0126591   .0113347    -1.12   0.
> 264                                             
>        -.0348747                                
>                     .0095566
        tau5 |  -.0085488   .0147709    -0.58   0.
> 563                                             
>        -.0374993                                
>                     .0204016
        pre1 |   .0005339   .0288123     0.02   0.
> 985                                             
>        -.0559372                                
>                      .057005
        pre2 |   .0094457   .0298205     0.32   0.
> 751                                             
>        -.0490014                                
>                     .0678929
        pre3 |   .0122713   .0296341     0.41   0.
> 679                                             
>        -.0458105                                
>                      .070353
        pre4 |   .0081946   .0248416     0.33   0.
> 741                                             
>        -.0404941                                
>                     .0568832
        pre5 |   .0086573   .0216813     0.40   0.
> 690                                             
>        -.0338372                                
>                     .0511518
--------------------------------------------------
> ----------------------------

 ( 1)  pre1 = 0
 ( 2)  pre2 = 0
 ( 3)  pre3 = 0
 ( 4)  pre4 = 0
 ( 5)  pre5 = 0

           chi2(  5) =    4.40
         Prob > chi2 =    0.4930

 ( 1)  tau0 = 0
 ( 2)  tau1 = 0
 ( 3)  tau2 = 0
 ( 4)  tau3 = 0
 ( 5)  tau4 = 0
 ( 6)  tau5 = 0

           chi2(  6) =    4.46
         Prob > chi2 =    0.6141
ATT (tau0):    -0.008  SE:     0.007  p =         
> .
Average post-treatment effect:    -0.009
number of observations will be reset to 11
Press any key to continue, or Break to abort
Number of observations (_N) was 0, now 11.
(0 observations deleted)
file
    /Users/hhadah/Documents/GiT/residency-medica
    > id-expansion/output/figures/146-did_matche
    > d_per_100k_FM_event_unweighted.png saved
    as PNG format
file
    /Users/hhadah/Documents/GiT/residency-medica
    > id-expansion/my_paper/figures/146-did_matc
    > hed_per_100k_FM_event_unweighted.png saved
    as PNG format

--- Outcome: quota_per_100k ---

                                                  
>        Number of obs                            
>                      = 5,460
--------------------------------------------------
> ----------------------------
quota_p~100k | Coefficient  Std. err.      z    P>
> |z|                                             
>         [95% con                                
>                 f. interval]
-------------+------------------------------------
> ----------------------------
        tau0 |  -.0047868   .0055957    -0.86   0.
> 392                                             
>        -.0157542                                
>                     .0061806
        tau1 |  -.0078513   .0069185    -1.13   0.
> 256                                             
>        -.0214113                                
>                     .0057087
        tau2 |  -.0038704    .005493    -0.70   0.
> 481                                             
>        -.0146364                                
>                     .0068957
        tau3 |  -.0028808   .0066658    -0.43   0.
> 666                                             
>        -.0159456                                
>                      .010184
        tau4 |  -.0070797   .0094798    -0.75   0.
> 455                                             
>        -.0256598                                
>                     .0115004
        tau5 |  -.0026474     .01313    -0.20   0.
> 840                                             
>        -.0283816                                
>                     .0230869
        pre1 |  -.0028923   .0232965    -0.12   0.
> 901                                             
>        -.0485526                                
>                     .0427679
        pre2 |   .0041785   .0243861     0.17   0.
> 864                                             
>        -.0436175                                
>                     .0519744
        pre3 |   .0061785   .0244702     0.25   0.
> 801                                             
>        -.0417822                                
>                     .0541392
        pre4 |   .0014123    .019411     0.07   0.
> 942                                             
>        -.0366327                                
>                     .0394572
        pre5 |   .0050912   .0168552     0.30   0.
> 763                                             
>        -.0279445                                
>                     .0381268
--------------------------------------------------
> ----------------------------

 ( 1)  pre1 = 0
 ( 2)  pre2 = 0
 ( 3)  pre3 = 0
 ( 4)  pre4 = 0
 ( 5)  pre5 = 0

           chi2(  5) =    4.63
         Prob > chi2 =    0.4633

 ( 1)  tau0 = 0
 ( 2)  tau1 = 0
 ( 3)  tau2 = 0
 ( 4)  tau3 = 0
 ( 5)  tau4 = 0
 ( 6)  tau5 = 0

           chi2(  6) =    3.04
         Prob > chi2 =    0.8036
ATT (tau0):    -0.005  SE:     0.006  p =         
> .
Average post-treatment effect:    -0.005
number of observations will be reset to 11
Press any key to continue, or Break to abort
Number of observations (_N) was 0, now 11.
(0 observations deleted)
file
    /Users/hhadah/Documents/GiT/residency-medica
    > id-expansion/output/figures/147-did_quota_
    > per_100k_FM_event_unweighted.png saved as
    PNG format
file
    /Users/hhadah/Documents/GiT/residency-medica
    > id-expansion/my_paper/figures/147-did_quot
    > a_per_100k_FM_event_unweighted.png saved
    as PNG format

--- Outcome: unmatched_per_100k ---

                                                  
>        Number of obs                            
>                      = 5,460
--------------------------------------------------
> ----------------------------
unmatch~100k | Coefficient  Std. err.      z    P>
> |z|                                             
>         [95% con                                
>                 f. interval]
-------------+------------------------------------
> ----------------------------
        tau0 |   .0034198   .0027968     1.22   0.
> 221                                             
>        -.0020618                                
>                     .0089014
        tau1 |   .0036674   .0030283     1.21   0.
> 226                                             
>         -.002268                                
>                     .0096029
        tau2 |   .0024347   .0022562     1.08   0.
> 281                                             
>        -.0019874                                
>                     .0068567
        tau3 |   .0049145   .0034946     1.41   0.
> 160                                             
>        -.0019348                                
>                     .0117637
        tau4 |   .0055794   .0034635     1.61   0.
> 107                                             
>         -.001209                                
>                     .0123678
        tau5 |   .0059015     .00479     1.23   0.
> 218                                             
>        -.0034868                                
>                     .0152898
        pre1 |  -.0034262   .0074263    -0.46   0.
> 645                                             
>        -.0179814                                
>                      .011129
        pre2 |  -.0052673   .0077536    -0.68   0.
> 497                                             
>         -.020464                                
>                     .0099295
        pre3 |  -.0060928   .0075748    -0.80   0.
> 421                                             
>        -.0209392                                
>                     .0087536
        pre4 |  -.0067823   .0070909    -0.96   0.
> 339                                             
>        -.0206801                                
>                     .0071155
        pre5 |  -.0035661   .0104437    -0.34   0.
> 733                                             
>        -.0240354                                
>                     .0169032
--------------------------------------------------
> ----------------------------

 ( 1)  pre1 = 0
 ( 2)  pre2 = 0
 ( 3)  pre3 = 0
 ( 4)  pre4 = 0
 ( 5)  pre5 = 0

           chi2(  5) =    4.09
         Prob > chi2 =    0.5368

 ( 1)  tau0 = 0
 ( 2)  tau1 = 0
 ( 3)  tau2 = 0
 ( 4)  tau3 = 0
 ( 5)  tau4 = 0
 ( 6)  tau5 = 0

           chi2(  6) =    3.79
         Prob > chi2 =    0.7051
ATT (tau0):     0.003  SE:     0.003  p =         
> .
Average post-treatment effect:     0.004
number of observations will be reset to 11
Press any key to continue, or Break to abort
Number of observations (_N) was 0, now 11.
(0 observations deleted)
file
    /Users/hhadah/Documents/GiT/residency-medica
    > id-expansion/output/figures/148-did_unmatc
    > hed_per_100k_FM_event_unweighted.png saved
    as PNG format
file
    /Users/hhadah/Documents/GiT/residency-medica
    > id-expansion/my_paper/figures/148-did_unma
    > tched_per_100k_FM_event_unweighted.png
    saved as PNG format
Genomics

==================================================
> =======================
SPECIALTY GROUP (UNWEIGHTED): Genomics
==================================================
> =======================
  quota: no treated observations for Genomics.
  matched: no treated observations for Genomics.
  unmatched: no treated observations for Genomics.
  matched_per_100k: no treated observations for Ge
> nomics.
  quota_per_100k: no treated observations for Geno
> mics.
  unmatched_per_100k: no treated observations for 
> Genomics.
IM

==================================================
> =======================
SPECIALTY GROUP (UNWEIGHTED): IM
==================================================
> =======================

--- Outcome: quota ---

                                                  
>        Number of obs                            
>                      = 6,370
--------------------------------------------------
> ----------------------------
       quota | Coefficient  Std. err.      z    P>
> |z|                                             
>         [95% con                                
>                 f. interval]
-------------+------------------------------------
> ----------------------------
        tau0 |   .2313806   .3831789     0.60   0.
> 546                                             
>        -.5196362                                
>                     .9823975
        tau1 |  -.3520879   .6270637    -0.56   0.
> 574                                             
>         -1.58111                                
>                     .8769343
        tau2 |  -.7743307   .8105007    -0.96   0.
> 339                                             
>        -2.362883                                
>                     .8142215
        tau3 |  -1.131027   .9888618    -1.14   0.
> 253                                             
>         -3.06916                                
>                     .8071066
        tau4 |  -1.673547   1.252967    -1.34   0.
> 182                                             
>        -4.129318                                
>                     .7822233
        tau5 |  -1.977538   1.507085    -1.31   0.
> 189                                             
>         -4.93137                                
>                      .976295
        pre1 |   .2718027    .934173     0.29   0.
> 771                                             
>        -1.559143                                
>                     2.102748
        pre2 |   -.117052   .8425431    -0.14   0.
> 890                                             
>        -1.768406                                
>                     1.534302
        pre3 |  -.3898848    .790803    -0.49   0.
> 622                                             
>         -1.93983                                
>                     1.160061
        pre4 |  -.3284373   .7293533    -0.45   0.
> 652                                             
>        -1.757943                                
>                     1.101069
        pre5 |   .0230718   .5266773     0.04   0.
> 965                                             
>        -1.009197                                
>                      1.05534
--------------------------------------------------
> ----------------------------

 ( 1)  pre1 = 0
 ( 2)  pre2 = 0
 ( 3)  pre3 = 0
 ( 4)  pre4 = 0
 ( 5)  pre5 = 0

           chi2(  5) =   19.35
         Prob > chi2 =    0.0017

 ( 1)  tau0 = 0
 ( 2)  tau1 = 0
 ( 3)  tau2 = 0
 ( 4)  tau3 = 0
 ( 5)  tau4 = 0
 ( 6)  tau5 = 0

           chi2(  6) =    7.38
         Prob > chi2 =    0.2872
ATT (tau0):     0.231  SE:     0.383  p =         
> .
Average post-treatment effect:    -0.946
number of observations will be reset to 11
Press any key to continue, or Break to abort
Number of observations (_N) was 0, now 11.
(0 observations deleted)
file
    /Users/hhadah/Documents/GiT/residency-medica
    > id-expansion/output/figures/149-did_quota_
    > IM_event_unweighted.png saved as PNG
    format
file
    /Users/hhadah/Documents/GiT/residency-medica
    > id-expansion/my_paper/figures/149-did_quot
    > a_IM_event_unweighted.png saved as PNG
    format

--- Outcome: matched ---

                                                  
>        Number of obs                            
>                      = 6,370
--------------------------------------------------
> ----------------------------
     matched | Coefficient  Std. err.      z    P>
> |z|                                             
>         [95% con                                
>                 f. interval]
-------------+------------------------------------
> ----------------------------
        tau0 |   .3087541   .3669197     0.84   0.
> 400                                             
>        -.4103953                                
>                     1.027903
        tau1 |  -.3839117    .587252    -0.65   0.
> 513                                             
>        -1.534904                                
>                     .7670811
        tau2 |  -.6986583   .8171337    -0.86   0.
> 393                                             
>        -2.300211                                
>                     .9028944
        tau3 |  -.9560701   .9353807    -1.02   0.
> 307                                             
>        -2.789383                                
>                     .8772424
        tau4 |  -1.583532   1.104098    -1.43   0.
> 152                                             
>        -3.747524                                
>                     .5804593
        tau5 |  -1.310544   1.151992    -1.14   0.
> 255                                             
>        -3.568407                                
>                     .9473184
        pre1 |   .2659225   .9341648     0.28   0.
> 776                                             
>        -1.565007                                
>                     2.096852
        pre2 |  -.1486337   .8938619    -0.17   0.
> 868                                             
>        -1.900571                                
>                     1.603303
        pre3 |  -.4912064   .8442767    -0.58   0.
> 561                                             
>        -2.145958                                
>                     1.163546
        pre4 |  -.3251662   .7753175    -0.42   0.
> 675                                             
>        -1.844761                                
>                     1.194428
        pre5 |  -.1324358    .675872    -0.20   0.
> 845                                             
>        -1.457121                                
>                     1.192249
--------------------------------------------------
> ----------------------------

 ( 1)  pre1 = 0
 ( 2)  pre2 = 0
 ( 3)  pre3 = 0
 ( 4)  pre4 = 0
 ( 5)  pre5 = 0

           chi2(  5) =   22.71
         Prob > chi2 =    0.0004

 ( 1)  tau0 = 0
 ( 2)  tau1 = 0
 ( 3)  tau2 = 0
 ( 4)  tau3 = 0
 ( 5)  tau4 = 0
 ( 6)  tau5 = 0

           chi2(  6) =    9.53
         Prob > chi2 =    0.1461
ATT (tau0):     0.309  SE:     0.367  p =         
> .
Average post-treatment effect:    -0.771
number of observations will be reset to 11
Press any key to continue, or Break to abort
Number of observations (_N) was 0, now 11.
(0 observations deleted)
file
    /Users/hhadah/Documents/GiT/residency-medica
    > id-expansion/output/figures/150-did_matche
    > d_IM_event_unweighted.png saved as PNG
    format
file
    /Users/hhadah/Documents/GiT/residency-medica
    > id-expansion/my_paper/figures/150-did_matc
    > hed_IM_event_unweighted.png saved as PNG
    format

--- Outcome: unmatched ---

                                                  
>        Number of obs                            
>                      = 6,370
--------------------------------------------------
> ----------------------------
   unmatched | Coefficient  Std. err.      z    P>
> |z|                                             
>         [95% con                                
>                 f. interval]
-------------+------------------------------------
> ----------------------------
        tau0 |  -.0773735   .0890118    -0.87   0.
> 385                                             
>        -.2518335                                
>                     .0970864
        tau1 |   .0318241   .0850813     0.37   0.
> 708                                             
>        -.1349322                                
>                     .1985803
        tau2 |  -.0756723   .0890404    -0.85   0.
> 395                                             
>        -.2501882                                
>                     .0988436
        tau3 |  -.1749569   .1135688    -1.54   0.
> 123                                             
>        -.3975476                                
>                     .0476338
        tau4 |  -.0900147   .1784646    -0.50   0.
> 614                                             
>         -.439799                                
>                     .2597696
        tau5 |  -.6669927    .417012    -1.60   0.
> 110                                             
>        -1.484321                                
>                     .1503358
        pre1 |   .0058803    .149822     0.04   0.
> 969                                             
>        -.2877654                                
>                     .2995259
        pre2 |   .0315817   .1759477     0.18   0.
> 858                                             
>        -.3132695                                
>                     .3764329
        pre3 |   .1013216   .1844372     0.55   0.
> 583                                             
>        -.2601686                                
>                     .4628118
        pre4 |  -.0032711    .171067    -0.02   0.
> 985                                             
>        -.3385562                                
>                      .332014
        pre5 |   .1555076   .2535813     0.61   0.
> 540                                             
>        -.3415027                                
>                     .6525179
--------------------------------------------------
> ----------------------------

 ( 1)  pre1 = 0
 ( 2)  pre2 = 0
 ( 3)  pre3 = 0
 ( 4)  pre4 = 0
 ( 5)  pre5 = 0

           chi2(  5) =    4.68
         Prob > chi2 =    0.4559

 ( 1)  tau0 = 0
 ( 2)  tau1 = 0
 ( 3)  tau2 = 0
 ( 4)  tau3 = 0
 ( 5)  tau4 = 0
 ( 6)  tau5 = 0

           chi2(  6) =   15.40
         Prob > chi2 =    0.0174
ATT (tau0):    -0.077  SE:     0.089  p =         
> .
Average post-treatment effect:    -0.176
number of observations will be reset to 11
Press any key to continue, or Break to abort
Number of observations (_N) was 0, now 11.
(0 observations deleted)
file
    /Users/hhadah/Documents/GiT/residency-medica
    > id-expansion/output/figures/151-did_unmatc
    > hed_IM_event_unweighted.png saved as PNG
    format
file
    /Users/hhadah/Documents/GiT/residency-medica
    > id-expansion/my_paper/figures/151-did_unma
    > tched_IM_event_unweighted.png saved as PNG
    format

--- Outcome: matched_per_100k ---

                                                  
>        Number of obs                            
>                      = 6,370
--------------------------------------------------
> ----------------------------
matched~100k | Coefficient  Std. err.      z    P>
> |z|                                             
>         [95% con                                
>                 f. interval]
-------------+------------------------------------
> ----------------------------
        tau0 |   .0207348   .0144317     1.44   0.
> 151                                             
>        -.0075508                                
>                     .0490204
        tau1 |   .0133364   .0143468     0.93   0.
> 353                                             
>        -.0147827                                
>                     .0414556
        tau2 |   .0107225    .010751     1.00   0.
> 319                                             
>        -.0103491                                
>                     .0317942
        tau3 |   .0093788   .0106193     0.88   0.
> 377                                             
>        -.0114346                                
>                     .0301922
        tau4 |  -.0059626   .0110682    -0.54   0.
> 590                                             
>        -.0276559                                
>                     .0157307
        tau5 |   .0028519   .0123831     0.23   0.
> 818                                             
>        -.0214185                                
>                     .0271223
        pre1 |   .0260951   .0154542     1.69   0.
> 091                                             
>        -.0041945                                
>                     .0563848
        pre2 |   .0115108   .0135349     0.85   0.
> 395                                             
>         -.015017                                
>                     .0380386
        pre3 |   .0015702   .0110961     0.14   0.
> 887                                             
>        -.0201777                                
>                     .0233181
        pre4 |   .0042363   .0096245     0.44   0.
> 660                                             
>        -.0146274                                
>                        .0231
        pre5 |  -.0028195   .0178059    -0.16   0.
> 874                                             
>        -.0377184                                
>                     .0320794
--------------------------------------------------
> ----------------------------

 ( 1)  pre1 = 0
 ( 2)  pre2 = 0
 ( 3)  pre3 = 0
 ( 4)  pre4 = 0
 ( 5)  pre5 = 0

           chi2(  5) =    4.96
         Prob > chi2 =    0.4211

 ( 1)  tau0 = 0
 ( 2)  tau1 = 0
 ( 3)  tau2 = 0
 ( 4)  tau3 = 0
 ( 5)  tau4 = 0
 ( 6)  tau5 = 0

           chi2(  6) =   12.57
         Prob > chi2 =    0.0504
ATT (tau0):     0.021  SE:     0.014  p =         
> .
Average post-treatment effect:     0.009
number of observations will be reset to 11
Press any key to continue, or Break to abort
Number of observations (_N) was 0, now 11.
(0 observations deleted)
file
    /Users/hhadah/Documents/GiT/residency-medica
    > id-expansion/output/figures/152-did_matche
    > d_per_100k_IM_event_unweighted.png saved
    as PNG format
file
    /Users/hhadah/Documents/GiT/residency-medica
    > id-expansion/my_paper/figures/152-did_matc
    > hed_per_100k_IM_event_unweighted.png saved
    as PNG format

--- Outcome: quota_per_100k ---

                                                  
>        Number of obs                            
>                      = 6,370
--------------------------------------------------
> ----------------------------
quota_p~100k | Coefficient  Std. err.      z    P>
> |z|                                             
>         [95% con                                
>                 f. interval]
-------------+------------------------------------
> ----------------------------
        tau0 |   .0213344   .0167488     1.27   0.
> 203                                             
>        -.0114926                                
>                     .0541615
        tau1 |   .0145446   .0141421     1.03   0.
> 304                                             
>        -.0131735                                
>                     .0422627
        tau2 |   .0101617   .0104537     0.97   0.
> 331                                             
>        -.0103272                                
>                     .0306506
        tau3 |   .0082361   .0105519     0.78   0.
> 435                                             
>        -.0124453                                
>                     .0289176
        tau4 |  -.0029785   .0114705    -0.26   0.
> 795                                             
>        -.0254603                                
>                     .0195034
        tau5 |  -.0013537   .0134468    -0.10   0.
> 920                                             
>        -.0277091                                
>                     .0250016
        pre1 |   .0312899   .0145677     2.15   0.
> 032                                             
>         .0027378                                
>                     .0598421
        pre2 |   .0164931   .0122728     1.34   0.
> 179                                             
>        -.0075611                                
>                     .0405473
        pre3 |   .0085429   .0087362     0.98   0.
> 328                                             
>        -.0085798                                
>                     .0256656
        pre4 |   .0098907    .006891     1.44   0.
> 151                                             
>        -.0036155                                
>                     .0233968
        pre5 |   .0119725   .0064882     1.85   0.
> 065                                             
>        -.0007441                                
>                     .0246891
--------------------------------------------------
> ----------------------------

 ( 1)  pre1 = 0
 ( 2)  pre2 = 0
 ( 3)  pre3 = 0
 ( 4)  pre4 = 0
 ( 5)  pre5 = 0

           chi2(  5) =    9.11
         Prob > chi2 =    0.1046

 ( 1)  tau0 = 0
 ( 2)  tau1 = 0
 ( 3)  tau2 = 0
 ( 4)  tau3 = 0
 ( 5)  tau4 = 0
 ( 6)  tau5 = 0

           chi2(  6) =    6.65
         Prob > chi2 =    0.3546
ATT (tau0):     0.021  SE:     0.017  p =         
> .
Average post-treatment effect:     0.008
number of observations will be reset to 11
Press any key to continue, or Break to abort
Number of observations (_N) was 0, now 11.
(0 observations deleted)
file
    /Users/hhadah/Documents/GiT/residency-medica
    > id-expansion/output/figures/153-did_quota_
    > per_100k_IM_event_unweighted.png saved as
    PNG format
file
    /Users/hhadah/Documents/GiT/residency-medica
    > id-expansion/my_paper/figures/153-did_quot
    > a_per_100k_IM_event_unweighted.png saved
    as PNG format

--- Outcome: unmatched_per_100k ---

                                                  
>        Number of obs                            
>                      = 6,370
--------------------------------------------------
> ----------------------------
unmatch~100k | Coefficient  Std. err.      z    P>
> |z|                                             
>         [95% con                                
>                 f. interval]
-------------+------------------------------------
> ----------------------------
        tau0 |   .0005996   .0040986     0.15   0.
> 884                                             
>        -.0074335                                
>                     .0086328
        tau1 |   .0012082   .0017981     0.67   0.
> 502                                             
>         -.002316                                
>                     .0047324
        tau2 |  -.0005608   .0017285    -0.32   0.
> 746                                             
>        -.0039486                                
>                      .002827
        tau3 |  -.0011426   .0016873    -0.68   0.
> 498                                             
>        -.0044496                                
>                     .0021643
        tau4 |   .0029841   .0026992     1.11   0.
> 269                                             
>        -.0023062                                
>                     .0082745
        tau5 |  -.0042057    .002985    -1.41   0.
> 159                                             
>        -.0100561                                
>                     .0016448
        pre1 |   .0051948   .0049808     1.04   0.
> 297                                             
>        -.0045674                                
>                     .0149571
        pre2 |   .0049823   .0055405     0.90   0.
> 369                                             
>         -.005877                                
>                     .0158415
        pre3 |   .0069727   .0061314     1.14   0.
> 255                                             
>        -.0050447                                
>                       .01899
        pre4 |   .0056544   .0065793     0.86   0.
> 390                                             
>        -.0072408                                
>                     .0185495
        pre5 |    .014792   .0157915     0.94   0.
> 349                                             
>        -.0161589                                
>                     .0457428
--------------------------------------------------
> ----------------------------

 ( 1)  pre1 = 0
 ( 2)  pre2 = 0
 ( 3)  pre3 = 0
 ( 4)  pre4 = 0
 ( 5)  pre5 = 0

           chi2(  5) =    2.25
         Prob > chi2 =    0.8141

 ( 1)  tau0 = 0
 ( 2)  tau1 = 0
 ( 3)  tau2 = 0
 ( 4)  tau3 = 0
 ( 5)  tau4 = 0
 ( 6)  tau5 = 0

           chi2(  6) =    9.50
         Prob > chi2 =    0.1475
ATT (tau0):     0.001  SE:     0.004  p =         
> .
Average post-treatment effect:    -0.000
number of observations will be reset to 11
Press any key to continue, or Break to abort
Number of observations (_N) was 0, now 11.
(0 observations deleted)
file
    /Users/hhadah/Documents/GiT/residency-medica
    > id-expansion/output/figures/154-did_unmatc
    > hed_per_100k_IM_event_unweighted.png saved
    as PNG format
file
    /Users/hhadah/Documents/GiT/residency-medica
    > id-expansion/my_paper/figures/154-did_unma
    > tched_per_100k_IM_event_unweighted.png
    saved as PNG format
Neuro

==================================================
> =======================
SPECIALTY GROUP (UNWEIGHTED): Neuro
==================================================
> =======================

--- Outcome: quota ---

                                                  
>        Number of obs                            
>                      = 2,410
--------------------------------------------------
> ----------------------------
       quota | Coefficient  Std. err.      z    P>
> |z|                                             
>         [95% con                                
>                 f. interval]
-------------+------------------------------------
> ----------------------------
        tau0 |   .0547649   .1272323     0.43   0.
> 667                                             
>        -.1946058                                
>                     .3041356
        tau1 |   .0264513   .1553054     0.17   0.
> 865                                             
>        -.2779416                                
>                     .3308443
        tau2 |  -.1923949   .1992851    -0.97   0.
> 334                                             
>        -.5829865                                
>                     .1981967
        tau3 |   .0463376   .1609915     0.29   0.
> 773                                             
>        -.2691999                                
>                     .3618751
        tau4 |  -.0045812   .2050502    -0.02   0.
> 982                                             
>        -.4064723                                
>                     .3973099
        tau5 |  -.2727247   .2061329    -1.32   0.
> 186                                             
>        -.6767377                                
>                     .1312883
        pre1 |  -.5907428   .2252478    -2.62   0.
> 009                                             
>         -1.03222                                
>                    -.1492652
        pre2 |  -.4943524   .1968849    -2.51   0.
> 012                                             
>        -.8802397                                
>                    -.1084652
        pre3 |  -.5560834   .1393311    -3.99   0.
> 000                                             
>        -.8291674                                
>                    -.2829995
        pre4 |  -.4448977    .098004    -4.54   0.
> 000                                             
>        -.6369821                                
>                    -.2528134
        pre5 |  -.3970075   .0628129    -6.32   0.
> 000                                             
>        -.5201185                                
>                    -.2738965
--------------------------------------------------
> ----------------------------

 ( 1)  pre1 = 0
 ( 2)  pre2 = 0
 ( 3)  pre3 = 0
 ( 4)  pre4 = 0
 ( 5)  pre5 = 0

           chi2(  5) =   52.91
         Prob > chi2 =    0.0000

 ( 1)  tau0 = 0
 ( 2)  tau1 = 0
 ( 3)  tau2 = 0
 ( 4)  tau3 = 0
 ( 5)  tau4 = 0
 ( 6)  tau5 = 0

           chi2(  6) =   27.91
         Prob > chi2 =    0.0001
ATT (tau0):     0.055  SE:     0.127  p =         
> .
Average post-treatment effect:    -0.057
number of observations will be reset to 11
Press any key to continue, or Break to abort
Number of observations (_N) was 0, now 11.
(0 observations deleted)
file
    /Users/hhadah/Documents/GiT/residency-medica
    > id-expansion/output/figures/155-did_quota_
    > Neuro_event_unweighted.png saved as PNG
    format
file
    /Users/hhadah/Documents/GiT/residency-medica
    > id-expansion/my_paper/figures/155-did_quot
    > a_Neuro_event_unweighted.png saved as PNG
    format

--- Outcome: matched ---

                                                  
>        Number of obs                            
>                      = 2,410
--------------------------------------------------
> ----------------------------
     matched | Coefficient  Std. err.      z    P>
> |z|                                             
>         [95% con                                
>                 f. interval]
-------------+------------------------------------
> ----------------------------
        tau0 |   .1003299   .1271718     0.79   0.
> 430                                             
>        -.1489223                                
>                      .349582
        tau1 |  -.0004942   .1539145    -0.00   0.
> 997                                             
>         -.302161                                
>                     .3011727
        tau2 |  -.2050996   .1648658    -1.24   0.
> 213                                             
>        -.5282307                                
>                     .1180314
        tau3 |   .0879814   .1376134     0.64   0.
> 523                                             
>         -.181736                                
>                     .3576988
        tau4 |   .0033889   .2125916     0.02   0.
> 987                                             
>        -.4132829                                
>                     .4200608
        tau5 |  -.2027438   .2274032    -0.89   0.
> 373                                             
>        -.6484459                                
>                     .2429583
        pre1 |  -.4135153   .2018559    -2.05   0.
> 041                                             
>        -.8091456                                
>                    -.0178849
        pre2 |  -.4247183   .1908946    -2.22   0.
> 026                                             
>        -.7988649                                
>                    -.0505717
        pre3 |  -.4721337   .1440629    -3.28   0.
> 001                                             
>        -.7544918                                
>                    -.1897756
        pre4 |  -.4458815   .1176857    -3.79   0.
> 000                                             
>        -.6765413                                
>                    -.2152216
        pre5 |  -.3603344   .0773196    -4.66   0.
> 000                                             
>        -.5118779                                
>                    -.2087908
--------------------------------------------------
> ----------------------------

 ( 1)  pre1 = 0
 ( 2)  pre2 = 0
 ( 3)  pre3 = 0
 ( 4)  pre4 = 0
 ( 5)  pre5 = 0

           chi2(  5) =   32.08
         Prob > chi2 =    0.0000

 ( 1)  tau0 = 0
 ( 2)  tau1 = 0
 ( 3)  tau2 = 0
 ( 4)  tau3 = 0
 ( 5)  tau4 = 0
 ( 6)  tau5 = 0

           chi2(  6) =   20.84
         Prob > chi2 =    0.0020
ATT (tau0):     0.100  SE:     0.127  p =         
> .
Average post-treatment effect:    -0.036
number of observations will be reset to 11
Press any key to continue, or Break to abort
Number of observations (_N) was 0, now 11.
(0 observations deleted)
file
    /Users/hhadah/Documents/GiT/residency-medica
    > id-expansion/output/figures/156-did_matche
    > d_Neuro_event_unweighted.png saved as PNG
    format
file
    /Users/hhadah/Documents/GiT/residency-medica
    > id-expansion/my_paper/figures/156-did_matc
    > hed_Neuro_event_unweighted.png saved as
    PNG format

--- Outcome: unmatched ---

                                                  
>        Number of obs                            
>                      = 2,410
--------------------------------------------------
> ----------------------------
   unmatched | Coefficient  Std. err.      z    P>
> |z|                                             
>         [95% con                                
>                 f. interval]
-------------+------------------------------------
> ----------------------------
        tau0 |   -.045565   .0553539    -0.82   0.
> 410                                             
>        -.1540567                                
>                     .0629268
        tau1 |   .0269454    .075319     0.36   0.
> 721                                             
>        -.1206771                                
>                      .174568
        tau2 |   .0127047   .0735987     0.17   0.
> 863                                             
>        -.1315461                                
>                     .1569555
        tau3 |  -.0416437   .1065587    -0.39   0.
> 696                                             
>        -.2504949                                
>                     .1672074
        tau4 |  -.0079702   .0613977    -0.13   0.
> 897                                             
>        -.1283074                                
>                     .1123671
        tau5 |  -.0699809   .1353432    -0.52   0.
> 605                                             
>        -.3352486                                
>                     .1952868
        pre1 |  -.1772275   .0854449    -2.07   0.
> 038                                             
>        -.3446965                                
>                    -.0097586
        pre2 |  -.0696341   .0971619    -0.72   0.
> 474                                             
>         -.260068                                
>                     .1207998
        pre3 |  -.0839497   .0730741    -1.15   0.
> 251                                             
>        -.2271723                                
>                     .0592728
        pre4 |   .0009837   .0745822     0.01   0.
> 989                                             
>        -.1451947                                
>                     .1471622
        pre5 |  -.0366732   .0741562    -0.49   0.
> 621                                             
>        -.1820167                                
>                     .1086703
--------------------------------------------------
> ----------------------------

 ( 1)  pre1 = 0
 ( 2)  pre2 = 0
 ( 3)  pre3 = 0
 ( 4)  pre4 = 0
 ( 5)  pre5 = 0

           chi2(  5) =   11.57
         Prob > chi2 =    0.0412

 ( 1)  tau0 = 0
 ( 2)  tau1 = 0
 ( 3)  tau2 = 0
 ( 4)  tau3 = 0
 ( 5)  tau4 = 0
 ( 6)  tau5 = 0

           chi2(  6) =    2.93
         Prob > chi2 =    0.8181
ATT (tau0):    -0.046  SE:     0.055  p =         
> .
Average post-treatment effect:    -0.021
number of observations will be reset to 11
Press any key to continue, or Break to abort
Number of observations (_N) was 0, now 11.
(0 observations deleted)
file
    /Users/hhadah/Documents/GiT/residency-medica
    > id-expansion/output/figures/157-did_unmatc
    > hed_Neuro_event_unweighted.png saved as
    PNG format
file
    /Users/hhadah/Documents/GiT/residency-medica
    > id-expansion/my_paper/figures/157-did_unma
    > tched_Neuro_event_unweighted.png saved as
    PNG format

--- Outcome: matched_per_100k ---

                                                  
>        Number of obs                            
>                      = 2,410
--------------------------------------------------
> ----------------------------
matched~100k | Coefficient  Std. err.      z    P>
> |z|                                             
>         [95% con                                
>                 f. interval]
-------------+------------------------------------
> ----------------------------
        tau0 |    .004813   .0045381     1.06   0.
> 289                                             
>        -.0040815                                
>                     .0137075
        tau1 |   .0020597   .0049797     0.41   0.
> 679                                             
>        -.0077002                                
>                     .0118197
        tau2 |    .001696   .0049184     0.34   0.
> 730                                             
>        -.0079439                                
>                     .0113359
        tau3 |   .0055805   .0050316     1.11   0.
> 267                                             
>        -.0042812                                
>                     .0154422
        tau4 |   .0075519   .0070713     1.07   0.
> 286                                             
>        -.0063076                                
>                     .0214114
        tau5 |   .0033302   .0085346     0.39   0.
> 696                                             
>        -.0133973                                
>                     .0200577
        pre1 |  -.0019809   .0053914    -0.37   0.
> 713                                             
>        -.0125478                                
>                     .0085861
        pre2 |  -.0026044   .0046952    -0.55   0.
> 579                                             
>        -.0118068                                
>                      .006598
        pre3 |  -.0093056   .0052422    -1.78   0.
> 076                                             
>        -.0195802                                
>                      .000969
        pre4 |  -.0064938   .0027075    -2.40   0.
> 016                                             
>        -.0118004                                
>                    -.0011873
        pre5 |  -.0024606    .002082    -1.18   0.
> 237                                             
>        -.0065412                                
>                     .0016201
--------------------------------------------------
> ----------------------------

 ( 1)  pre1 = 0
 ( 2)  pre2 = 0
 ( 3)  pre3 = 0
 ( 4)  pre4 = 0
 ( 5)  pre5 = 0

           chi2(  5) =    6.83
         Prob > chi2 =    0.2335

 ( 1)  tau0 = 0
 ( 2)  tau1 = 0
 ( 3)  tau2 = 0
 ( 4)  tau3 = 0
 ( 5)  tau4 = 0
 ( 6)  tau5 = 0

           chi2(  6) =    9.20
         Prob > chi2 =    0.1627
ATT (tau0):     0.005  SE:     0.005  p =         
> .
Average post-treatment effect:     0.004
number of observations will be reset to 11
Press any key to continue, or Break to abort
Number of observations (_N) was 0, now 11.
(0 observations deleted)
file
    /Users/hhadah/Documents/GiT/residency-medica
    > id-expansion/output/figures/158-did_matche
    > d_per_100k_Neuro_event_unweighted.png
    saved as PNG format
file
    /Users/hhadah/Documents/GiT/residency-medica
    > id-expansion/my_paper/figures/158-did_matc
    > hed_per_100k_Neuro_event_unweighted.png
    saved as PNG format

--- Outcome: quota_per_100k ---

                                                  
>        Number of obs                            
>                      = 2,410
--------------------------------------------------
> ----------------------------
quota_p~100k | Coefficient  Std. err.      z    P>
> |z|                                             
>         [95% con                                
>                 f. interval]
-------------+------------------------------------
> ----------------------------
        tau0 |   .0022761   .0031585     0.72   0.
> 471                                             
>        -.0039144                                
>                     .0084665
        tau1 |    .001279   .0035776     0.36   0.
> 721                                             
>        -.0057329                                
>                      .008291
        tau2 |   .0021894   .0049612     0.44   0.
> 659                                             
>        -.0075343                                
>                     .0119131
        tau3 |   .0072707   .0059122     1.23   0.
> 219                                             
>        -.0043171                                
>                     .0188584
        tau4 |   .0079012   .0071568     1.10   0.
> 270                                             
>        -.0061258                                
>                     .0219282
        tau5 |   .0016334   .0094378     0.17   0.
> 863                                             
>        -.0168643                                
>                     .0201311
        pre1 |   -.005129   .0056918    -0.90   0.
> 368                                             
>        -.0162847                                
>                     .0060267
        pre2 |   -.003236   .0048819    -0.66   0.
> 507                                             
>        -.0128045                                
>                     .0063324
        pre3 |  -.0076055   .0036632    -2.08   0.
> 038                                             
>        -.0147853                                
>                    -.0004258
        pre4 |  -.0062454   .0031349    -1.99   0.
> 046                                             
>        -.0123898                                
>                    -.0001011
        pre5 |  -.0025696   .0026955    -0.95   0.
> 340                                             
>        -.0078526                                
>                     .0027134
--------------------------------------------------
> ----------------------------

 ( 1)  pre1 = 0
 ( 2)  pre2 = 0
 ( 3)  pre3 = 0
 ( 4)  pre4 = 0
 ( 5)  pre5 = 0

           chi2(  5) =    8.05
         Prob > chi2 =    0.1535

 ( 1)  tau0 = 0
 ( 2)  tau1 = 0
 ( 3)  tau2 = 0
 ( 4)  tau3 = 0
 ( 5)  tau4 = 0
 ( 6)  tau5 = 0

           chi2(  6) =   11.66
         Prob > chi2 =    0.0699
ATT (tau0):     0.002  SE:     0.003  p =         
> .
Average post-treatment effect:     0.004
number of observations will be reset to 11
Press any key to continue, or Break to abort
Number of observations (_N) was 0, now 11.
(0 observations deleted)
file
    /Users/hhadah/Documents/GiT/residency-medica
    > id-expansion/output/figures/159-did_quota_
    > per_100k_Neuro_event_unweighted.png saved
    as PNG format
file
    /Users/hhadah/Documents/GiT/residency-medica
    > id-expansion/my_paper/figures/159-did_quot
    > a_per_100k_Neuro_event_unweighted.png
    saved as PNG format

--- Outcome: unmatched_per_100k ---

                                                  
>        Number of obs                            
>                      = 2,410
--------------------------------------------------
> ----------------------------
unmatch~100k | Coefficient  Std. err.      z    P>
> |z|                                             
>         [95% con                                
>                 f. interval]
-------------+------------------------------------
> ----------------------------
        tau0 |   -.002537   .0021579    -1.18   0.
> 240                                             
>        -.0067664                                
>                     .0016925
        tau1 |  -.0007807    .002417    -0.32   0.
> 747                                             
>         -.005518                                
>                     .0039566
        tau2 |   .0004934   .0011569     0.43   0.
> 670                                             
>        -.0017741                                
>                     .0027608
        tau3 |   .0016902    .002087     0.81   0.
> 418                                             
>        -.0024003                                
>                     .0057806
        tau4 |   .0003493   .0014311     0.24   0.
> 807                                             
>        -.0024556                                
>                     .0031543
        tau5 |  -.0016968   .0033424    -0.51   0.
> 612                                             
>        -.0082478                                
>                     .0048542
        pre1 |  -.0031481   .0020005    -1.57   0.
> 116                                             
>        -.0070691                                
>                     .0007728
        pre2 |  -.0006316   .0019058    -0.33   0.
> 740                                             
>         -.004367                                
>                     .0031038
        pre3 |   .0017001   .0026602     0.64   0.
> 523                                             
>        -.0035139                                
>                      .006914
        pre4 |   .0002484   .0018893     0.13   0.
> 895                                             
>        -.0034546                                
>                     .0039513
        pre5 |   -.000109   .0014297    -0.08   0.
> 939                                             
>        -.0029113                                
>                     .0026932
--------------------------------------------------
> ----------------------------

 ( 1)  pre1 = 0
 ( 2)  pre2 = 0
 ( 3)  pre3 = 0
 ( 4)  pre4 = 0
 ( 5)  pre5 = 0

           chi2(  5) =    5.36
         Prob > chi2 =    0.3740

 ( 1)  tau0 = 0
 ( 2)  tau1 = 0
 ( 3)  tau2 = 0
 ( 4)  tau3 = 0
 ( 5)  tau4 = 0
 ( 6)  tau5 = 0

           chi2(  6) =    3.28
         Prob > chi2 =    0.7733
ATT (tau0):    -0.003  SE:     0.002  p =         
> .
Average post-treatment effect:    -0.000
number of observations will be reset to 11
Press any key to continue, or Break to abort
Number of observations (_N) was 0, now 11.
(0 observations deleted)
file
    /Users/hhadah/Documents/GiT/residency-medica
    > id-expansion/output/figures/160-did_unmatc
    > hed_per_100k_Neuro_event_unweighted.png
    saved as PNG format
file
    /Users/hhadah/Documents/GiT/residency-medica
    > id-expansion/my_paper/figures/160-did_unma
    > tched_per_100k_Neuro_event_unweighted.png
    saved as PNG format
OBGYN

==================================================
> =======================
SPECIALTY GROUP (UNWEIGHTED): OBGYN
==================================================
> =======================

--- Outcome: quota ---

                                                  
>        Number of obs                            
>                      = 2,740
--------------------------------------------------
> ----------------------------
       quota | Coefficient  Std. err.      z    P>
> |z|                                             
>         [95% con                                
>                 f. interval]
-------------+------------------------------------
> ----------------------------
        tau0 |   .0926171   .0752434     1.23   0.
> 218                                             
>        -.0548572                                
>                     .2400915
        tau1 |   .0847232   .0991185     0.85   0.
> 393                                             
>        -.1095455                                
>                     .2789918
        tau2 |  -.0298303   .1052931    -0.28   0.
> 777                                             
>         -.236201                                
>                     .1765404
        tau3 |   .0335951   .1093323     0.31   0.
> 759                                             
>        -.1806922                                
>                     .2478824
        tau4 |   .0293021   .1899493     0.15   0.
> 877                                             
>        -.3429917                                
>                     .4015959
        tau5 |   .1527135   .2077907     0.73   0.
> 462                                             
>        -.2545488                                
>                     .5599759
        pre1 |   .6835168   .3707076     1.84   0.
> 065                                             
>        -.0430567                                
>                      1.41009
        pre2 |   .6230485   .3654684     1.70   0.
> 088                                             
>        -.0932563                                
>                     1.339353
        pre3 |    .468718   .3755887     1.25   0.
> 212                                             
>        -.2674224                                
>                     1.204858
        pre4 |   .4688152   .3982854     1.18   0.
> 239                                             
>        -.3118098                                
>                      1.24944
        pre5 |   .5871279   .3916752     1.50   0.
> 134                                             
>        -.1805415                                
>                     1.354797
--------------------------------------------------
> ----------------------------

 ( 1)  pre1 = 0
 ( 2)  pre2 = 0
 ( 3)  pre3 = 0
 ( 4)  pre4 = 0
 ( 5)  pre5 = 0

           chi2(  5) =   18.12
         Prob > chi2 =    0.0028

 ( 1)  tau0 = 0
 ( 2)  tau1 = 0
 ( 3)  tau2 = 0
 ( 4)  tau3 = 0
 ( 5)  tau4 = 0
 ( 6)  tau5 = 0

           chi2(  6) =    9.20
         Prob > chi2 =    0.1626
ATT (tau0):     0.093  SE:     0.075  p =         
> .
Average post-treatment effect:     0.061
number of observations will be reset to 11
Press any key to continue, or Break to abort
Number of observations (_N) was 0, now 11.
(0 observations deleted)
file
    /Users/hhadah/Documents/GiT/residency-medica
    > id-expansion/output/figures/161-did_quota_
    > OBGYN_event_unweighted.png saved as PNG
    format
file
    /Users/hhadah/Documents/GiT/residency-medica
    > id-expansion/my_paper/figures/161-did_quot
    > a_OBGYN_event_unweighted.png saved as PNG
    format

--- Outcome: matched ---

                                                  
>        Number of obs                            
>                      = 2,740
--------------------------------------------------
> ----------------------------
     matched | Coefficient  Std. err.      z    P>
> |z|                                             
>         [95% con                                
>                 f. interval]
-------------+------------------------------------
> ----------------------------
        tau0 |   .0636429   .0718705     0.89   0.
> 376                                             
>        -.0772207                                
>                     .2045064
        tau1 |   .0701533   .0986571     0.71   0.
> 477                                             
>         -.123211                                
>                     .2635176
        tau2 |  -.0326427   .1100034    -0.30   0.
> 767                                             
>        -.2482455                                
>                       .18296
        tau3 |   .0586659   .1128158     0.52   0.
> 603                                             
>        -.1624491                                
>                     .2797808
        tau4 |   .0651154   .1902831     0.34   0.
> 732                                             
>        -.3078325                                
>                     .4380634
        tau5 |   .1813399   .2120734     0.86   0.
> 393                                             
>        -.2343163                                
>                     .5969962
        pre1 |   .6800214   .3697752     1.84   0.
> 066                                             
>        -.0447247                                
>                     1.404768
        pre2 |   .6367487   .3648573     1.75   0.
> 081                                             
>        -.0783586                                
>                     1.351856
        pre3 |   .4935609    .374751     1.32   0.
> 188                                             
>        -.2409375                                
>                     1.228059
        pre4 |   .4797509   .3953449     1.21   0.
> 225                                             
>        -.2951109                                
>                     1.254613
        pre5 |   .5951302   .3847512     1.55   0.
> 122                                             
>        -.1589683                                
>                     1.349229
--------------------------------------------------
> ----------------------------

 ( 1)  pre1 = 0
 ( 2)  pre2 = 0
 ( 3)  pre3 = 0
 ( 4)  pre4 = 0
 ( 5)  pre5 = 0

           chi2(  5) =   18.92
         Prob > chi2 =    0.0020

 ( 1)  tau0 = 0
 ( 2)  tau1 = 0
 ( 3)  tau2 = 0
 ( 4)  tau3 = 0
 ( 5)  tau4 = 0
 ( 6)  tau5 = 0

           chi2(  6) =    6.59
         Prob > chi2 =    0.3601
ATT (tau0):     0.064  SE:     0.072  p =         
> .
Average post-treatment effect:     0.068
number of observations will be reset to 11
Press any key to continue, or Break to abort
Number of observations (_N) was 0, now 11.
(0 observations deleted)
file
    /Users/hhadah/Documents/GiT/residency-medica
    > id-expansion/output/figures/162-did_matche
    > d_OBGYN_event_unweighted.png saved as PNG
    format
file
    /Users/hhadah/Documents/GiT/residency-medica
    > id-expansion/my_paper/figures/162-did_matc
    > hed_OBGYN_event_unweighted.png saved as
    PNG format

--- Outcome: unmatched ---

                                                  
>        Number of obs                            
>                      = 2,740
--------------------------------------------------
> ----------------------------
   unmatched | Coefficient  Std. err.      z    P>
> |z|                                             
>         [95% con                                
>                 f. interval]
-------------+------------------------------------
> ----------------------------
        tau0 |   .0289743   .0186882     1.55   0.
> 121                                             
>        -.0076539                                
>                     .0656025
        tau1 |     .01457   .0132072     1.10   0.
> 270                                             
>        -.0113156                                
>                     .0404556
        tau2 |   .0028125   .0306457     0.09   0.
> 927                                             
>        -.0572521                                
>                      .062877
        tau3 |  -.0250707   .0217712    -1.15   0.
> 250                                             
>        -.0677414                                
>                        .0176
        tau4 |  -.0358134   .0389505    -0.92   0.
> 358                                             
>         -.112155                                
>                     .0405281
        tau5 |  -.0286265   .0289681    -0.99   0.
> 323                                             
>         -.085403                                
>                       .02815
        pre1 |   .0034954   .0245633     0.14   0.
> 887                                             
>        -.0446479                                
>                     .0516387
        pre2 |  -.0137002   .0160094    -0.86   0.
> 392                                             
>        -.0450781                                
>                     .0176778
        pre3 |  -.0248429   .0248056    -1.00   0.
> 317                                             
>        -.0734609                                
>                     .0237752
        pre4 |  -.0109357   .0236622    -0.46   0.
> 644                                             
>        -.0573128                                
>                     .0354414
        pre5 |  -.0080023   .0148046    -0.54   0.
> 589                                             
>        -.0370188                                
>                     .0210142
--------------------------------------------------
> ----------------------------

 ( 1)  pre1 = 0
 ( 2)  pre2 = 0
 ( 3)  pre3 = 0
 ( 4)  pre4 = 0
 ( 5)  pre5 = 0

           chi2(  5) =    2.23
         Prob > chi2 =    0.8159

 ( 1)  tau0 = 0
 ( 2)  tau1 = 0
 ( 3)  tau2 = 0
 ( 4)  tau3 = 0
 ( 5)  tau4 = 0
 ( 6)  tau5 = 0

           chi2(  6) =   10.57
         Prob > chi2 =    0.1026
ATT (tau0):     0.029  SE:     0.019  p =         
> .
Average post-treatment effect:    -0.007
number of observations will be reset to 11
Press any key to continue, or Break to abort
Number of observations (_N) was 0, now 11.
(0 observations deleted)
file
    /Users/hhadah/Documents/GiT/residency-medica
    > id-expansion/output/figures/163-did_unmatc
    > hed_OBGYN_event_unweighted.png saved as
    PNG format
file
    /Users/hhadah/Documents/GiT/residency-medica
    > id-expansion/my_paper/figures/163-did_unma
    > tched_OBGYN_event_unweighted.png saved as
    PNG format

--- Outcome: matched_per_100k ---

                                                  
>        Number of obs                            
>                      = 2,740
--------------------------------------------------
> ----------------------------
matched~100k | Coefficient  Std. err.      z    P>
> |z|                                             
>         [95% con                                
>                 f. interval]
-------------+------------------------------------
> ----------------------------
        tau0 |  -.0018872   .0027227    -0.69   0.
> 488                                             
>        -.0072235                                
>                     .0034491
        tau1 |  -.0008865   .0030304    -0.29   0.
> 770                                             
>         -.006826                                
>                     .0050529
        tau2 |  -.0019723   .0030772    -0.64   0.
> 522                                             
>        -.0080036                                
>                      .004059
        tau3 |  -.0005355    .003398    -0.16   0.
> 875                                             
>        -.0071954                                
>                     .0061244
        tau4 |  -.0000928   .0036284    -0.03   0.
> 980                                             
>        -.0072043                                
>                     .0070187
        tau5 |   .0013812    .003994     0.35   0.
> 729                                             
>        -.0064468                                
>                     .0092092
        pre1 |   .0078646   .0055187     1.43   0.
> 154                                             
>        -.0029518                                
>                     .0186811
        pre2 |    .008363   .0054404     1.54   0.
> 124                                             
>        -.0023001                                
>                      .019026
        pre3 |   .0063697   .0055743     1.14   0.
> 253                                             
>        -.0045558                                
>                     .0172951
        pre4 |   .0055638    .005811     0.96   0.
> 338                                             
>        -.0058255                                
>                     .0169531
        pre5 |   .0082785   .0050976     1.62   0.
> 104                                             
>        -.0017126                                
>                     .0182695
--------------------------------------------------
> ----------------------------

 ( 1)  pre1 = 0
 ( 2)  pre2 = 0
 ( 3)  pre3 = 0
 ( 4)  pre4 = 0
 ( 5)  pre5 = 0

           chi2(  5) =   12.28
         Prob > chi2 =    0.0311

 ( 1)  tau0 = 0
 ( 2)  tau1 = 0
 ( 3)  tau2 = 0
 ( 4)  tau3 = 0
 ( 5)  tau4 = 0
 ( 6)  tau5 = 0

           chi2(  6) =    5.46
         Prob > chi2 =    0.4869
ATT (tau0):    -0.002  SE:     0.003  p =         
> .
Average post-treatment effect:    -0.001
number of observations will be reset to 11
Press any key to continue, or Break to abort
Number of observations (_N) was 0, now 11.
(0 observations deleted)
file
    /Users/hhadah/Documents/GiT/residency-medica
    > id-expansion/output/figures/164-did_matche
    > d_per_100k_OBGYN_event_unweighted.png
    saved as PNG format
file
    /Users/hhadah/Documents/GiT/residency-medica
    > id-expansion/my_paper/figures/164-did_matc
    > hed_per_100k_OBGYN_event_unweighted.png
    saved as PNG format

--- Outcome: quota_per_100k ---

                                                  
>        Number of obs                            
>                      = 2,740
--------------------------------------------------
> ----------------------------
quota_p~100k | Coefficient  Std. err.      z    P>
> |z|                                             
>         [95% con                                
>                 f. interval]
-------------+------------------------------------
> ----------------------------
        tau0 |  -.0012019   .0027097    -0.44   0.
> 657                                             
>        -.0065128                                
>                      .004109
        tau1 |  -.0004872   .0029844    -0.16   0.
> 870                                             
>        -.0063366                                
>                     .0053621
        tau2 |   -.001815   .0030148    -0.60   0.
> 547                                             
>        -.0077239                                
>                     .0040938
        tau3 |  -.0004519   .0033559    -0.13   0.
> 893                                             
>        -.0070294                                
>                     .0061256
        tau4 |  -.0006288   .0036042    -0.17   0.
> 862                                             
>         -.007693                                
>                     .0064354
        tau5 |   .0014402   .0039326     0.37   0.
> 714                                             
>        -.0062676                                
>                     .0091481
        pre1 |     .00777   .0055106     1.41   0.
> 159                                             
>        -.0030305                                
>                     .0185705
        pre2 |   .0081041   .0054403     1.49   0.
> 136                                             
>        -.0025588                                
>                      .018767
        pre3 |    .006206   .0055821     1.11   0.
> 266                                             
>        -.0047347                                
>                     .0171468
        pre4 |   .0057575   .0058333     0.99   0.
> 324                                             
>        -.0056754                                
>                     .0171905
        pre5 |    .008195   .0052103     1.57   0.
> 116                                             
>        -.0020171                                
>                     .0184071
--------------------------------------------------
> ----------------------------

 ( 1)  pre1 = 0
 ( 2)  pre2 = 0
 ( 3)  pre3 = 0
 ( 4)  pre4 = 0
 ( 5)  pre5 = 0

           chi2(  5) =   15.56
         Prob > chi2 =    0.0082

 ( 1)  tau0 = 0
 ( 2)  tau1 = 0
 ( 3)  tau2 = 0
 ( 4)  tau3 = 0
 ( 5)  tau4 = 0
 ( 6)  tau5 = 0

           chi2(  6) =    6.91
         Prob > chi2 =    0.3291
ATT (tau0):    -0.001  SE:     0.003  p =         
> .
Average post-treatment effect:    -0.001
number of observations will be reset to 11
Press any key to continue, or Break to abort
Number of observations (_N) was 0, now 11.
(0 observations deleted)
file
    /Users/hhadah/Documents/GiT/residency-medica
    > id-expansion/output/figures/165-did_quota_
    > per_100k_OBGYN_event_unweighted.png saved
    as PNG format
file
    /Users/hhadah/Documents/GiT/residency-medica
    > id-expansion/my_paper/figures/165-did_quot
    > a_per_100k_OBGYN_event_unweighted.png
    saved as PNG format

--- Outcome: unmatched_per_100k ---

                                                  
>        Number of obs                            
>                      = 2,740
--------------------------------------------------
> ----------------------------
unmatch~100k | Coefficient  Std. err.      z    P>
> |z|                                             
>         [95% con                                
>                 f. interval]
-------------+------------------------------------
> ----------------------------
        tau0 |   .0006853   .0004272     1.60   0.
> 109                                             
>         -.000152                                
>                     .0015225
        tau1 |   .0003993   .0004357     0.92   0.
> 359                                             
>        -.0004546                                
>                     .0012532
        tau2 |   .0001572   .0006205     0.25   0.
> 800                                             
>        -.0010588                                
>                     .0013733
        tau3 |   .0000836   .0004877     0.17   0.
> 864                                             
>        -.0008724                                
>                     .0010395
        tau4 |   -.000536   .0005134    -1.04   0.
> 296                                             
>        -.0015423                                
>                     .0004702
        tau5 |    .000059   .0006277     0.09   0.
> 925                                             
>        -.0011713                                
>                     .0012893
        pre1 |  -.0000946   .0003542    -0.27   0.
> 789                                             
>        -.0007889                                
>                     .0005996
        pre2 |  -.0002589   .0002721    -0.95   0.
> 341                                             
>        -.0007921                                
>                     .0002744
        pre3 |  -.0001636    .000339    -0.48   0.
> 629                                             
>        -.0008281                                
>                     .0005008
        pre4 |   .0001938   .0004336     0.45   0.
> 655                                             
>        -.0006562                                
>                     .0010437
        pre5 |  -.0000835   .0002399    -0.35   0.
> 728                                             
>        -.0005536                                
>                     .0003866
--------------------------------------------------
> ----------------------------

 ( 1)  pre1 = 0
 ( 2)  pre2 = 0
 ( 3)  pre3 = 0
 ( 4)  pre4 = 0
 ( 5)  pre5 = 0

           chi2(  5) =    1.58
         Prob > chi2 =    0.9032

 ( 1)  tau0 = 0
 ( 2)  tau1 = 0
 ( 3)  tau2 = 0
 ( 4)  tau3 = 0
 ( 5)  tau4 = 0
 ( 6)  tau5 = 0

           chi2(  6) =    6.19
         Prob > chi2 =    0.4025
ATT (tau0):     0.001  SE:     0.000  p =         
> .
Average post-treatment effect:     0.000
number of observations will be reset to 11
Press any key to continue, or Break to abort
Number of observations (_N) was 0, now 11.
(0 observations deleted)
file
    /Users/hhadah/Documents/GiT/residency-medica
    > id-expansion/output/figures/166-did_unmatc
    > hed_per_100k_OBGYN_event_unweighted.png
    saved as PNG format
file
    /Users/hhadah/Documents/GiT/residency-medica
    > id-expansion/my_paper/figures/166-did_unma
    > tched_per_100k_OBGYN_event_unweighted.png
    saved as PNG format
ONMS

==================================================
> =======================
SPECIALTY GROUP (UNWEIGHTED): ONMS
==================================================
> =======================
  quota: no control observations for ONMS.
  matched: no control observations for ONMS.
  unmatched: no control observations for ONMS.
  matched_per_100k: no control observations for ON
> MS.
  quota_per_100k: no control observations for ONMS
> .
  unmatched_per_100k: no control observations for 
> ONMS.
PMR

==================================================
> =======================
SPECIALTY GROUP (UNWEIGHTED): PMR
==================================================
> =======================

--- Outcome: quota ---

                                                  
>          Number of obs                          
>                        = 930
--------------------------------------------------
> ----------------------------
       quota | Coefficient  Std. err.      z    P>
> |z|                                             
>         [95% con                                
>                 f. interval]
-------------+------------------------------------
> ----------------------------
        tau0 |  -.0413361   .1201316    -0.34   0.
> 731                                             
>        -.2767896                                
>                     .1941175
        tau1 |  -.3224393   .2725002    -1.18   0.
> 237                                             
>          -.85653                                
>                     .2116513
        tau2 |  -.1370095   .1986083    -0.69   0.
> 490                                             
>        -.5262745                                
>                     .2522556
        tau3 |   .0031124   .2555178     0.01   0.
> 990                                             
>        -.4976933                                
>                     .5039182
        tau4 |  -.1454527   .3169321    -0.46   0.
> 646                                             
>        -.7666282                                
>                     .4757228
        tau5 |  -.0520843   .4108807    -0.13   0.
> 899                                             
>        -.8573956                                
>                      .753227
        pre1 |  -.4949862    .232292    -2.13   0.
> 033                                             
>        -.9502701                                
>                    -.0397023
        pre2 |  -.4754664   .1830854    -2.60   0.
> 009                                             
>        -.8343071                                
>                    -.1166257
        pre3 |  -.3331423   .1878407    -1.77   0.
> 076                                             
>        -.7013032                                
>                     .0350187
        pre4 |   -.354052   .2101299    -1.68   0.
> 092                                             
>        -.7658991                                
>                      .057795
        pre5 |  -.1716252   .3072824    -0.56   0.
> 576                                             
>        -.7738877                                
>                     .4306373
--------------------------------------------------
> ----------------------------

 ( 1)  pre1 = 0
 ( 2)  pre2 = 0
 ( 3)  pre3 = 0
 ( 4)  pre4 = 0
 ( 5)  pre5 = 0

           chi2(  5) =    8.71
         Prob > chi2 =    0.1212

 ( 1)  tau0 = 0
 ( 2)  tau1 = 0
 ( 3)  tau2 = 0
 ( 4)  tau3 = 0
 ( 5)  tau4 = 0
 ( 6)  tau5 = 0

           chi2(  6) =    4.61
         Prob > chi2 =    0.5941
ATT (tau0):    -0.041  SE:     0.120  p =         
> .
Average post-treatment effect:    -0.116
number of observations will be reset to 11
Press any key to continue, or Break to abort
Number of observations (_N) was 0, now 11.
(0 observations deleted)
file
    /Users/hhadah/Documents/GiT/residency-medica
    > id-expansion/output/figures/167-did_quota_
    > PMR_event_unweighted.png saved as PNG
    format
file
    /Users/hhadah/Documents/GiT/residency-medica
    > id-expansion/my_paper/figures/167-did_quot
    > a_PMR_event_unweighted.png saved as PNG
    format

--- Outcome: matched ---

                                                  
>          Number of obs                          
>                        = 930
--------------------------------------------------
> ----------------------------
     matched | Coefficient  Std. err.      z    P>
> |z|                                             
>         [95% con                                
>                 f. interval]
-------------+------------------------------------
> ----------------------------
        tau0 |  -.0986735   .1137876    -0.87   0.
> 386                                             
>        -.3216932                                
>                     .1243461
        tau1 |  -.2390785    .277689    -0.86   0.
> 389                                             
>        -.7833389                                
>                     .3051819
        tau2 |  -.1164088   .2230115    -0.52   0.
> 602                                             
>        -.5535033                                
>                     .3206857
        tau3 |   .0419691   .2774366     0.15   0.
> 880                                             
>        -.5017967                                
>                     .5857349
        tau4 |  -.0860884   .3254389    -0.26   0.
> 791                                             
>        -.7239369                                
>                       .55176
        tau5 |  -.0180535   .4003605    -0.05   0.
> 964                                             
>        -.8027457                                
>                     .7666388
        pre1 |  -.6638361   .2436699    -2.72   0.
> 006                                             
>         -1.14142                                
>                    -.1862519
        pre2 |  -.6112297   .1887662    -3.24   0.
> 001                                             
>        -.9812048                                
>                    -.2412547
        pre3 |   -.433457   .1711032    -2.53   0.
> 011                                             
>        -.7688132                                
>                    -.0981009
        pre4 |  -.6322731   .2308344    -2.74   0.
> 006                                             
>          -1.0847                                
>                    -.1798459
        pre5 |   -.314944   .3417882    -0.92   0.
> 357                                             
>        -.9848366                                
>                     .3549486
--------------------------------------------------
> ----------------------------

 ( 1)  pre1 = 0
 ( 2)  pre2 = 0
 ( 3)  pre3 = 0
 ( 4)  pre4 = 0
 ( 5)  pre5 = 0

           chi2(  5) =   11.57
         Prob > chi2 =    0.0413

 ( 1)  tau0 = 0
 ( 2)  tau1 = 0
 ( 3)  tau2 = 0
 ( 4)  tau3 = 0
 ( 5)  tau4 = 0
 ( 6)  tau5 = 0

           chi2(  6) =    3.08
         Prob > chi2 =    0.7981
ATT (tau0):    -0.099  SE:     0.114  p =         
> .
Average post-treatment effect:    -0.086
number of observations will be reset to 11
Press any key to continue, or Break to abort
Number of observations (_N) was 0, now 11.
(0 observations deleted)
file
    /Users/hhadah/Documents/GiT/residency-medica
    > id-expansion/output/figures/168-did_matche
    > d_PMR_event_unweighted.png saved as PNG
    format
file
    /Users/hhadah/Documents/GiT/residency-medica
    > id-expansion/my_paper/figures/168-did_matc
    > hed_PMR_event_unweighted.png saved as PNG
    format

--- Outcome: unmatched ---

                                                  
>          Number of obs                          
>                        = 930
--------------------------------------------------
> ----------------------------
   unmatched | Coefficient  Std. err.      z    P>
> |z|                                             
>         [95% con                                
>                 f. interval]
-------------+------------------------------------
> ----------------------------
        tau0 |   .0573375   .0601779     0.95   0.
> 341                                             
>        -.0606091                                
>                      .175284
        tau1 |  -.0833608   .1036803    -0.80   0.
> 421                                             
>        -.2865703                                
>                     .1198488
        tau2 |  -.0206006   .1054342    -0.20   0.
> 845                                             
>        -.2272478                                
>                     .1860466
        tau3 |  -.0388567   .0986621    -0.39   0.
> 694                                             
>        -.2322309                                
>                     .1545175
        tau4 |  -.0593643   .0996806    -0.60   0.
> 551                                             
>        -.2547347                                
>                     .1360061
        tau5 |  -.0340307   .1264475    -0.27   0.
> 788                                             
>        -.2818633                                
>                     .2138019
        pre1 |   .1688499   .1157296     1.46   0.
> 145                                             
>         -.057976                                
>                     .3956758
        pre2 |   .1357634   .0859571     1.58   0.
> 114                                             
>        -.0327095                                
>                     .3042362
        pre3 |   .1003147   .0705903     1.42   0.
> 155                                             
>        -.0380396                                
>                     .2386691
        pre4 |   .2782211   .0888515     3.13   0.
> 002                                             
>         .1040753                                
>                     .4523668
        pre5 |   .1433188   .1022051     1.40   0.
> 161                                             
>        -.0569996                                
>                     .3436372
--------------------------------------------------
> ----------------------------

 ( 1)  pre1 = 0
 ( 2)  pre2 = 0
 ( 3)  pre3 = 0
 ( 4)  pre4 = 0
 ( 5)  pre5 = 0

           chi2(  5) =   17.91
         Prob > chi2 =    0.0031

 ( 1)  tau0 = 0
 ( 2)  tau1 = 0
 ( 3)  tau2 = 0
 ( 4)  tau3 = 0
 ( 5)  tau4 = 0
 ( 6)  tau5 = 0

           chi2(  6) =    6.01
         Prob > chi2 =    0.4225
ATT (tau0):     0.057  SE:     0.060  p =         
> .
Average post-treatment effect:    -0.030
number of observations will be reset to 11
Press any key to continue, or Break to abort
Number of observations (_N) was 0, now 11.
(0 observations deleted)
file
    /Users/hhadah/Documents/GiT/residency-medica
    > id-expansion/output/figures/169-did_unmatc
    > hed_PMR_event_unweighted.png saved as PNG
    format
file
    /Users/hhadah/Documents/GiT/residency-medica
    > id-expansion/my_paper/figures/169-did_unma
    > tched_PMR_event_unweighted.png saved as
    PNG format

--- Outcome: matched_per_100k ---

                                                  
>          Number of obs                          
>                        = 930
--------------------------------------------------
> ----------------------------
matched~100k | Coefficient  Std. err.      z    P>
> |z|                                             
>         [95% con                                
>                 f. interval]
-------------+------------------------------------
> ----------------------------
        tau0 |  -.0002286   .0028754    -0.08   0.
> 937                                             
>        -.0058644                                
>                     .0054071
        tau1 |  -.0003411   .0049822    -0.07   0.
> 945                                             
>         -.010106                                
>                     .0094239
        tau2 |  -.0024947   .0058764    -0.42   0.
> 671                                             
>        -.0140123                                
>                     .0090229
        tau3 |    .000723   .0059278     0.12   0.
> 903                                             
>        -.0108953                                
>                     .0123412
        tau4 |  -.0111706    .014553    -0.77   0.
> 443                                             
>         -.039694                                
>                     .0173528
        tau5 |   .0009902    .016093     0.06   0.
> 951                                             
>        -.0305514                                
>                     .0325318
        pre1 |  -.0121073   .0083749    -1.45   0.
> 148                                             
>        -.0285217                                
>                     .0043071
        pre2 |  -.0103036   .0064117    -1.61   0.
> 108                                             
>        -.0228704                                
>                     .0022632
        pre3 |  -.0095159   .0050165    -1.90   0.
> 058                                             
>         -.019348                                
>                     .0003162
        pre4 |   -.011069   .0056739    -1.95   0.
> 051                                             
>        -.0221896                                
>                     .0000516
        pre5 |  -.0033504   .0070737    -0.47   0.
> 636                                             
>        -.0172146                                
>                     .0105138
--------------------------------------------------
> ----------------------------

 ( 1)  pre1 = 0
 ( 2)  pre2 = 0
 ( 3)  pre3 = 0
 ( 4)  pre4 = 0
 ( 5)  pre5 = 0

           chi2(  5) =    4.90
         Prob > chi2 =    0.4278

 ( 1)  tau0 = 0
 ( 2)  tau1 = 0
 ( 3)  tau2 = 0
 ( 4)  tau3 = 0
 ( 5)  tau4 = 0
 ( 6)  tau5 = 0

           chi2(  6) =    4.99
         Prob > chi2 =    0.5447
ATT (tau0):    -0.000  SE:     0.003  p =         
> .
Average post-treatment effect:    -0.002
number of observations will be reset to 11
Press any key to continue, or Break to abort
Number of observations (_N) was 0, now 11.
(0 observations deleted)
file
    /Users/hhadah/Documents/GiT/residency-medica
    > id-expansion/output/figures/170-did_matche
    > d_per_100k_PMR_event_unweighted.png saved
    as PNG format
file
    /Users/hhadah/Documents/GiT/residency-medica
    > id-expansion/my_paper/figures/170-did_matc
    > hed_per_100k_PMR_event_unweighted.png
    saved as PNG format

--- Outcome: quota_per_100k ---

                                                  
>          Number of obs                          
>                        = 930
--------------------------------------------------
> ----------------------------
quota_p~100k | Coefficient  Std. err.      z    P>
> |z|                                             
>         [95% con                                
>                 f. interval]
-------------+------------------------------------
> ----------------------------
        tau0 |   .0018298   .0026346     0.69   0.
> 487                                             
>         -.003334                                
>                     .0069935
        tau1 |   9.20e-06   .0042966     0.00   0.
> 998                                             
>         -.008412                                
>                     .0084304
        tau2 |  -.0013638   .0050301    -0.27   0.
> 786                                             
>        -.0112227                                
>                     .0084951
        tau3 |   .0017994   .0051514     0.35   0.
> 727                                             
>         -.008297                                
>                     .0118959
        tau4 |   -.010504   .0141245    -0.74   0.
> 457                                             
>        -.0381876                                
>                     .0171795
        tau5 |   .0020628   .0158839     0.13   0.
> 897                                             
>         -.029069                                
>                     .0331947
        pre1 |  -.0071508   .0065203    -1.10   0.
> 273                                             
>        -.0199304                                
>                     .0056289
        pre2 |  -.0064866   .0049254    -1.32   0.
> 188                                             
>        -.0161402                                
>                     .0031671
        pre3 |   -.008511   .0050622    -1.68   0.
> 093                                             
>        -.0184326                                
>                     .0014107
        pre4 |  -.0066633    .004569    -1.46   0.
> 145                                             
>        -.0156184                                
>                     .0022918
        pre5 |   .0000402    .005976     0.01   0.
> 995                                             
>        -.0116725                                
>                     .0117529
--------------------------------------------------
> ----------------------------

 ( 1)  pre1 = 0
 ( 2)  pre2 = 0
 ( 3)  pre3 = 0
 ( 4)  pre4 = 0
 ( 5)  pre5 = 0

           chi2(  5) =    3.96
         Prob > chi2 =    0.5554

 ( 1)  tau0 = 0
 ( 2)  tau1 = 0
 ( 3)  tau2 = 0
 ( 4)  tau3 = 0
 ( 5)  tau4 = 0
 ( 6)  tau5 = 0

           chi2(  6) =    6.28
         Prob > chi2 =    0.3927
ATT (tau0):     0.002  SE:     0.003  p =         
> .
Average post-treatment effect:    -0.001
number of observations will be reset to 11
Press any key to continue, or Break to abort
Number of observations (_N) was 0, now 11.
(0 observations deleted)
file
    /Users/hhadah/Documents/GiT/residency-medica
    > id-expansion/output/figures/171-did_quota_
    > per_100k_PMR_event_unweighted.png saved as
    PNG format
file
    /Users/hhadah/Documents/GiT/residency-medica
    > id-expansion/my_paper/figures/171-did_quot
    > a_per_100k_PMR_event_unweighted.png saved
    as PNG format

--- Outcome: unmatched_per_100k ---

                                                  
>          Number of obs                          
>                        = 930
--------------------------------------------------
> ----------------------------
unmatch~100k | Coefficient  Std. err.      z    P>
> |z|                                             
>         [95% con                                
>                 f. interval]
-------------+------------------------------------
> ----------------------------
        tau0 |   .0020584   .0014357     1.43   0.
> 152                                             
>        -.0007555                                
>                     .0048723
        tau1 |   .0003503   .0020425     0.17   0.
> 864                                             
>         -.003653                                
>                     .0043535
        tau2 |   .0011309    .002295     0.49   0.
> 622                                             
>        -.0033672                                
>                      .005629
        tau3 |   .0010765   .0020326     0.53   0.
> 596                                             
>        -.0029073                                
>                     .0050602
        tau4 |   .0006666   .0020516     0.32   0.
> 745                                             
>        -.0033544                                
>                     .0046876
        tau5 |   .0010726   .0024298     0.44   0.
> 659                                             
>        -.0036897                                
>                     .0058349
        pre1 |   .0049565   .0033552     1.48   0.
> 140                                             
>        -.0016195                                
>                     .0115326
        pre2 |    .003817   .0026831     1.42   0.
> 155                                             
>        -.0014417                                
>                     .0090757
        pre3 |   .0010049   .0015293     0.66   0.
> 511                                             
>        -.0019924                                
>                     .0040022
        pre4 |   .0044057   .0021182     2.08   0.
> 038                                             
>         .0002541                                
>                     .0085574
        pre5 |   .0033906   .0021472     1.58   0.
> 114                                             
>        -.0008178                                
>                     .0075991
--------------------------------------------------
> ----------------------------

 ( 1)  pre1 = 0
 ( 2)  pre2 = 0
 ( 3)  pre3 = 0
 ( 4)  pre4 = 0
 ( 5)  pre5 = 0

           chi2(  5) =    8.15
         Prob > chi2 =    0.1482

 ( 1)  tau0 = 0
 ( 2)  tau1 = 0
 ( 3)  tau2 = 0
 ( 4)  tau3 = 0
 ( 5)  tau4 = 0
 ( 6)  tau5 = 0

           chi2(  6) =    5.58
         Prob > chi2 =    0.4723
ATT (tau0):     0.002  SE:     0.001  p =         
> .
Average post-treatment effect:     0.001
number of observations will be reset to 11
Press any key to continue, or Break to abort
Number of observations (_N) was 0, now 11.
(0 observations deleted)
file
    /Users/hhadah/Documents/GiT/residency-medica
    > id-expansion/output/figures/172-did_unmatc
    > hed_per_100k_PMR_event_unweighted.png
    saved as PNG format
file
    /Users/hhadah/Documents/GiT/residency-medica
    > id-expansion/my_paper/figures/172-did_unma
    > tched_per_100k_PMR_event_unweighted.png
    saved as PNG format
Path

==================================================
> =======================
SPECIALTY GROUP (UNWEIGHTED): Path
==================================================
> =======================

--- Outcome: quota ---

                                                  
>        Number of obs                            
>                      = 1,450
--------------------------------------------------
> ----------------------------
       quota | Coefficient  Std. err.      z    P>
> |z|                                             
>         [95% con                                
>                 f. interval]
-------------+------------------------------------
> ----------------------------
        tau0 |  -.0326423   .1238313    -0.26   0.
> 792                                             
>        -.2753472                                
>                     .2100626
        tau1 |   .0030856   .1169518     0.03   0.
> 979                                             
>        -.2261357                                
>                      .232307
        tau2 |  -.0600254    .176592    -0.34   0.
> 734                                             
>        -.4061394                                
>                     .2860885
        tau3 |  -.1150366   .1497516    -0.77   0.
> 442                                             
>        -.4085444                                
>                     .1784712
        tau4 |  -.1511568    .153974    -0.98   0.
> 326                                             
>        -.4529404                                
>                     .1506267
        tau5 |   .2499848   .1847371     1.35   0.
> 176                                             
>        -.1120932                                
>                     .6120629
        pre1 |   -.025084   .1909454    -0.13   0.
> 895                                             
>        -.3993301                                
>                     .3491621
        pre2 |  -.2400475   .2190954    -1.10   0.
> 273                                             
>        -.6694665                                
>                     .1893715
        pre3 |  -.2739283   .1279728    -2.14   0.
> 032                                             
>        -.5247504                                
>                    -.0231062
        pre4 |   -.206606   .1084434    -1.91   0.
> 057                                             
>        -.4191512                                
>                     .0059392
        pre5 |  -.1911971   .1774209    -1.08   0.
> 281                                             
>        -.5389356                                
>                     .1565414
--------------------------------------------------
> ----------------------------

 ( 1)  pre1 = 0
 ( 2)  pre2 = 0
 ( 3)  pre3 = 0
 ( 4)  pre4 = 0
 ( 5)  pre5 = 0

           chi2(  5) =   13.05
         Prob > chi2 =    0.0229

 ( 1)  tau0 = 0
 ( 2)  tau1 = 0
 ( 3)  tau2 = 0
 ( 4)  tau3 = 0
 ( 5)  tau4 = 0
 ( 6)  tau5 = 0

           chi2(  6) =    5.73
         Prob > chi2 =    0.4547
ATT (tau0):    -0.033  SE:     0.124  p =         
> .
Average post-treatment effect:    -0.018
number of observations will be reset to 11
Press any key to continue, or Break to abort
Number of observations (_N) was 0, now 11.
(0 observations deleted)
file
    /Users/hhadah/Documents/GiT/residency-medica
    > id-expansion/output/figures/173-did_quota_
    > Path_event_unweighted.png saved as PNG
    format
file
    /Users/hhadah/Documents/GiT/residency-medica
    > id-expansion/my_paper/figures/173-did_quot
    > a_Path_event_unweighted.png saved as PNG
    format

--- Outcome: matched ---

                                                  
>        Number of obs                            
>                      = 1,450
--------------------------------------------------
> ----------------------------
     matched | Coefficient  Std. err.      z    P>
> |z|                                             
>         [95% con                                
>                 f. interval]
-------------+------------------------------------
> ----------------------------
        tau0 |    .039159   .1655286     0.24   0.
> 813                                             
>         -.285271                                
>                      .363589
        tau1 |  -.0536997   .1736627    -0.31   0.
> 757                                             
>        -.3940723                                
>                     .2866729
        tau2 |    .069666   .1902366     0.37   0.
> 714                                             
>        -.3031908                                
>                     .4425228
        tau3 |   .0251854   .1752582     0.14   0.
> 886                                             
>        -.3183144                                
>                     .3686851
        tau4 |   .0375868   .1699052     0.22   0.
> 825                                             
>        -.2954213                                
>                     .3705949
        tau5 |    .294947   .1894181     1.56   0.
> 119                                             
>        -.0763056                                
>                     .6661996
        pre1 |   -.803407   .2354878    -3.41   0.
> 001                                             
>        -1.264955                                
>                    -.3418594
        pre2 |   -1.11641   .2454387    -4.55   0.
> 000                                             
>        -1.597461                                
>                     -.635359
        pre3 |  -1.117416   .2495291    -4.48   0.
> 000                                             
>        -1.606484                                
>                    -.6283476
        pre4 |  -1.070395   .1744132    -6.14   0.
> 000                                             
>        -1.412238                                
>                     -.728551
        pre5 |  -.7739001   .2476238    -3.13   0.
> 002                                             
>        -1.259234                                
>                    -.2885664
--------------------------------------------------
> ----------------------------

 ( 1)  pre1 = 0
 ( 2)  pre2 = 0
 ( 3)  pre3 = 0
 ( 4)  pre4 = 0
 ( 5)  pre5 = 0

           chi2(  5) =  117.41
         Prob > chi2 =    0.0000

 ( 1)  tau0 = 0
 ( 2)  tau1 = 0
 ( 3)  tau2 = 0
 ( 4)  tau3 = 0
 ( 5)  tau4 = 0
 ( 6)  tau5 = 0

           chi2(  6) =    6.01
         Prob > chi2 =    0.4223
ATT (tau0):     0.039  SE:     0.166  p =         
> .
Average post-treatment effect:     0.069
number of observations will be reset to 11
Press any key to continue, or Break to abort
Number of observations (_N) was 0, now 11.
(0 observations deleted)
file
    /Users/hhadah/Documents/GiT/residency-medica
    > id-expansion/output/figures/174-did_matche
    > d_Path_event_unweighted.png saved as PNG
    format
file
    /Users/hhadah/Documents/GiT/residency-medica
    > id-expansion/my_paper/figures/174-did_matc
    > hed_Path_event_unweighted.png saved as PNG
    format

--- Outcome: unmatched ---

                                                  
>        Number of obs                            
>                      = 1,450
--------------------------------------------------
> ----------------------------
   unmatched | Coefficient  Std. err.      z    P>
> |z|                                             
>         [95% con                                
>                 f. interval]
-------------+------------------------------------
> ----------------------------
        tau0 |  -.0718011    .115289    -0.62   0.
> 533                                             
>        -.2977634                                
>                     .1541612
        tau1 |   .0567855   .1250726     0.45   0.
> 650                                             
>        -.1883523                                
>                     .3019234
        tau2 |  -.1296913   .1059407    -1.22   0.
> 221                                             
>        -.3373313                                
>                     .0779486
        tau3 |  -.1402219   .1071565    -1.31   0.
> 191                                             
>        -.3502448                                
>                     .0698011
        tau4 |  -.1887435   .1100132    -1.72   0.
> 086                                             
>        -.4043654                                
>                     .0268784
        tau5 |  -.0449621     .12544    -0.36   0.
> 720                                             
>          -.29082                                
>                     .2008959
        pre1 |    .778323   .1531722     5.08   0.
> 000                                             
>         .4781111                                
>                     1.078535
        pre2 |   .8763626   .1598251     5.48   0.
> 000                                             
>         .5631112                                
>                     1.189614
        pre3 |   .8434874   .1537746     5.49   0.
> 000                                             
>         .5420947                                
>                      1.14488
        pre4 |   .8637886   .0972572     8.88   0.
> 000                                             
>          .673168                                
>                     1.054409
        pre5 |   .5827029   .1477128     3.94   0.
> 000                                             
>         .2931912                                
>                     .8722147
--------------------------------------------------
> ----------------------------

 ( 1)  pre1 = 0
 ( 2)  pre2 = 0
 ( 3)  pre3 = 0
 ( 4)  pre4 = 0
 ( 5)  pre5 = 0

           chi2(  5) =  574.33
         Prob > chi2 =    0.0000

 ( 1)  tau0 = 0
 ( 2)  tau1 = 0
 ( 3)  tau2 = 0
 ( 4)  tau3 = 0
 ( 5)  tau4 = 0
 ( 6)  tau5 = 0

           chi2(  6) =    6.71
         Prob > chi2 =    0.3483
ATT (tau0):    -0.072  SE:     0.115  p =         
> .
Average post-treatment effect:    -0.086
number of observations will be reset to 11
Press any key to continue, or Break to abort
Number of observations (_N) was 0, now 11.
(0 observations deleted)
file
    /Users/hhadah/Documents/GiT/residency-medica
    > id-expansion/output/figures/175-did_unmatc
    > hed_Path_event_unweighted.png saved as PNG
    format
file
    /Users/hhadah/Documents/GiT/residency-medica
    > id-expansion/my_paper/figures/175-did_unma
    > tched_Path_event_unweighted.png saved as
    PNG format

--- Outcome: matched_per_100k ---

                                                  
>        Number of obs                            
>                      = 1,450
--------------------------------------------------
> ----------------------------
matched~100k | Coefficient  Std. err.      z    P>
> |z|                                             
>         [95% con                                
>                 f. interval]
-------------+------------------------------------
> ----------------------------
        tau0 |   .0043894   .0046477     0.94   0.
> 345                                             
>        -.0047198                                
>                     .0134987
        tau1 |   .0008924   .0083806     0.11   0.
> 915                                             
>        -.0155332                                
>                      .017318
        tau2 |   .0050571   .0045558     1.11   0.
> 267                                             
>        -.0038721                                
>                     .0139864
        tau3 |    .002022   .0056293     0.36   0.
> 719                                             
>        -.0090112                                
>                     .0130552
        tau4 |   .0056465   .0067792     0.83   0.
> 405                                             
>        -.0076404                                
>                     .0189334
        tau5 |   .0102073   .0087745     1.16   0.
> 245                                             
>        -.0069904                                
>                      .027405
        pre1 |  -.0110173   .0070956    -1.55   0.
> 120                                             
>        -.0249245                                
>                     .0028899
        pre2 |  -.0229123   .0064271    -3.56   0.
> 000                                             
>        -.0355092                                
>                    -.0103155
        pre3 |  -.0165149   .0063014    -2.62   0.
> 009                                             
>        -.0288655                                
>                    -.0041643
        pre4 |  -.0181053   .0056193    -3.22   0.
> 001                                             
>        -.0291189                                
>                    -.0070917
        pre5 |  -.0109363   .0046565    -2.35   0.
> 019                                             
>        -.0200629                                
>                    -.0018096
--------------------------------------------------
> ----------------------------

 ( 1)  pre1 = 0
 ( 2)  pre2 = 0
 ( 3)  pre3 = 0
 ( 4)  pre4 = 0
 ( 5)  pre5 = 0

           chi2(  5) =   26.09
         Prob > chi2 =    0.0001

 ( 1)  tau0 = 0
 ( 2)  tau1 = 0
 ( 3)  tau2 = 0
 ( 4)  tau3 = 0
 ( 5)  tau4 = 0
 ( 6)  tau5 = 0

           chi2(  6) =   10.65
         Prob > chi2 =    0.1000
ATT (tau0):     0.004  SE:     0.005  p =         
> .
Average post-treatment effect:     0.005
number of observations will be reset to 11
Press any key to continue, or Break to abort
Number of observations (_N) was 0, now 11.
(0 observations deleted)
file
    /Users/hhadah/Documents/GiT/residency-medica
    > id-expansion/output/figures/176-did_matche
    > d_per_100k_Path_event_unweighted.png saved
    as PNG format
file
    /Users/hhadah/Documents/GiT/residency-medica
    > id-expansion/my_paper/figures/176-did_matc
    > hed_per_100k_Path_event_unweighted.png
    saved as PNG format

--- Outcome: quota_per_100k ---

                                                  
>        Number of obs                            
>                      = 1,450
--------------------------------------------------
> ----------------------------
quota_p~100k | Coefficient  Std. err.      z    P>
> |z|                                             
>         [95% con                                
>                 f. interval]
-------------+------------------------------------
> ----------------------------
        tau0 |   .0014465   .0045875     0.32   0.
> 753                                             
>        -.0075449                                
>                     .0104378
        tau1 |    .005853   .0074588     0.78   0.
> 433                                             
>        -.0087659                                
>                     .0204719
        tau2 |  -.0002672   .0051148    -0.05   0.
> 958                                             
>         -.010292                                
>                     .0097576
        tau3 |   -.002239   .0054106    -0.41   0.
> 679                                             
>        -.0128435                                
>                     .0083655
        tau4 |   .0029493   .0062769     0.47   0.
> 638                                             
>        -.0093533                                
>                     .0152519
        tau5 |   .0090472   .0079142     1.14   0.
> 253                                             
>        -.0064643                                
>                     .0245587
        pre1 |  -.0018954   .0057284    -0.33   0.
> 741                                             
>        -.0131228                                
>                      .009332
        pre2 |  -.0089231    .004823    -1.85   0.
> 064                                             
>        -.0183759                                
>                     .0005297
        pre3 |   -.004613   .0031918    -1.45   0.
> 148                                             
>        -.0108688                                
>                     .0016428
        pre4 |  -.0058964   .0032081    -1.84   0.
> 066                                             
>        -.0121841                                
>                     .0003913
        pre5 |  -.0019274   .0023442    -0.82   0.
> 411                                             
>         -.006522                                
>                     .0026671
--------------------------------------------------
> ----------------------------

 ( 1)  pre1 = 0
 ( 2)  pre2 = 0
 ( 3)  pre3 = 0
 ( 4)  pre4 = 0
 ( 5)  pre5 = 0

           chi2(  5) =    6.42
         Prob > chi2 =    0.2678

 ( 1)  tau0 = 0
 ( 2)  tau1 = 0
 ( 3)  tau2 = 0
 ( 4)  tau3 = 0
 ( 5)  tau4 = 0
 ( 6)  tau5 = 0

           chi2(  6) =    4.91
         Prob > chi2 =    0.5551
ATT (tau0):     0.001  SE:     0.005  p =         
> .
Average post-treatment effect:     0.003
number of observations will be reset to 11
Press any key to continue, or Break to abort
Number of observations (_N) was 0, now 11.
(0 observations deleted)
file
    /Users/hhadah/Documents/GiT/residency-medica
    > id-expansion/output/figures/177-did_quota_
    > per_100k_Path_event_unweighted.png saved
    as PNG format
file
    /Users/hhadah/Documents/GiT/residency-medica
    > id-expansion/my_paper/figures/177-did_quot
    > a_per_100k_Path_event_unweighted.png saved
    as PNG format

--- Outcome: unmatched_per_100k ---

                                                  
>        Number of obs                            
>                      = 1,450
--------------------------------------------------
> ----------------------------
unmatch~100k | Coefficient  Std. err.      z    P>
> |z|                                             
>         [95% con                                
>                 f. interval]
-------------+------------------------------------
> ----------------------------
        tau0 |   -.002943   .0031181    -0.94   0.
> 345                                             
>        -.0090543                                
>                     .0031684
        tau1 |   .0049606   .0049896     0.99   0.
> 320                                             
>        -.0048189                                
>                     .0147401
        tau2 |  -.0053243    .002677    -1.99   0.
> 047                                             
>        -.0105712                                
>                    -.0000775
        tau3 |   -.004261   .0037783    -1.13   0.
> 259                                             
>        -.0116662                                
>                     .0031443
        tau4 |  -.0026972   .0029906    -0.90   0.
> 367                                             
>        -.0085586                                
>                     .0031642
        tau5 |  -.0011601   .0027911    -0.42   0.
> 678                                             
>        -.0066305                                
>                     .0043103
        pre1 |   .0091219   .0055278     1.65   0.
> 099                                             
>        -.0017124                                
>                     .0199562
        pre2 |   .0139892   .0060396     2.32   0.
> 021                                             
>         .0021518                                
>                     .0258267
        pre3 |   .0119019   .0058842     2.02   0.
> 043                                             
>         .0003691                                
>                     .0234347
        pre4 |    .012209   .0046524     2.62   0.
> 009                                             
>         .0030905                                
>                     .0213274
        pre5 |   .0090088   .0032927     2.74   0.
> 006                                             
>         .0025553                                
>                     .0154623
--------------------------------------------------
> ----------------------------

 ( 1)  pre1 = 0
 ( 2)  pre2 = 0
 ( 3)  pre3 = 0
 ( 4)  pre4 = 0
 ( 5)  pre5 = 0

           chi2(  5) =   28.69
         Prob > chi2 =    0.0000

 ( 1)  tau0 = 0
 ( 2)  tau1 = 0
 ( 3)  tau2 = 0
 ( 4)  tau3 = 0
 ( 5)  tau4 = 0
 ( 6)  tau5 = 0

           chi2(  6) =    8.27
         Prob > chi2 =    0.2187
ATT (tau0):    -0.003  SE:     0.003  p =         
> .
Average post-treatment effect:    -0.002
number of observations will be reset to 11
Press any key to continue, or Break to abort
Number of observations (_N) was 0, now 11.
(0 observations deleted)
file
    /Users/hhadah/Documents/GiT/residency-medica
    > id-expansion/output/figures/178-did_unmatc
    > hed_per_100k_Path_event_unweighted.png
    saved as PNG format
file
    /Users/hhadah/Documents/GiT/residency-medica
    > id-expansion/my_paper/figures/178-did_unma
    > tched_per_100k_Path_event_unweighted.png
    saved as PNG format
Peds

==================================================
> =======================
SPECIALTY GROUP (UNWEIGHTED): Peds
==================================================
> =======================

--- Outcome: quota ---

                                                  
>        Number of obs                            
>                      = 2,520
--------------------------------------------------
> ----------------------------
       quota | Coefficient  Std. err.      z    P>
> |z|                                             
>         [95% con                                
>                 f. interval]
-------------+------------------------------------
> ----------------------------
        tau0 |  -.1842422   .1863873    -0.99   0.
> 323                                             
>        -.5495546                                
>                     .1810702
        tau1 |  -.4835833   .2881016    -1.68   0.
> 093                                             
>        -1.048252                                
>                     .0810854
        tau2 |  -.4993707   .3728877    -1.34   0.
> 181                                             
>        -1.230217                                
>                     .2314756
        tau3 |  -.5564963   .4063479    -1.37   0.
> 171                                             
>        -1.352924                                
>                      .239931
        tau4 |  -.4400857    .447517    -0.98   0.
> 325                                             
>        -1.317203                                
>                     .4370315
        tau5 |  -.6649973   .6067779    -1.10   0.
> 273                                             
>         -1.85426                                
>                     .5242656
        pre1 |   .0187164   .4012585     0.05   0.
> 963                                             
>        -.7677358                                
>                     .8051686
        pre2 |  -.2464297   .3346134    -0.74   0.
> 461                                             
>        -.9022599                                
>                     .4094005
        pre3 |  -.3047138   .3275388    -0.93   0.
> 352                                             
>         -.946678                                
>                     .3372504
        pre4 |  -.0411954    .327131    -0.13   0.
> 900                                             
>        -.6823604                                
>                     .5999697
        pre5 |  -.1075162   .3405003    -0.32   0.
> 752                                             
>        -.7748845                                
>                      .559852
--------------------------------------------------
> ----------------------------

 ( 1)  pre1 = 0
 ( 2)  pre2 = 0
 ( 3)  pre3 = 0
 ( 4)  pre4 = 0
 ( 5)  pre5 = 0

           chi2(  5) =    7.55
         Prob > chi2 =    0.1826

 ( 1)  tau0 = 0
 ( 2)  tau1 = 0
 ( 3)  tau2 = 0
 ( 4)  tau3 = 0
 ( 5)  tau4 = 0
 ( 6)  tau5 = 0

           chi2(  6) =    6.35
         Prob > chi2 =    0.3852
ATT (tau0):    -0.184  SE:     0.186  p =         
> .
Average post-treatment effect:    -0.471
number of observations will be reset to 11
Press any key to continue, or Break to abort
Number of observations (_N) was 0, now 11.
(0 observations deleted)
file
    /Users/hhadah/Documents/GiT/residency-medica
    > id-expansion/output/figures/179-did_quota_
    > Peds_event_unweighted.png saved as PNG
    format
file
    /Users/hhadah/Documents/GiT/residency-medica
    > id-expansion/my_paper/figures/179-did_quot
    > a_Peds_event_unweighted.png saved as PNG
    format

--- Outcome: matched ---

                                                  
>        Number of obs                            
>                      = 2,520
--------------------------------------------------
> ----------------------------
     matched | Coefficient  Std. err.      z    P>
> |z|                                             
>         [95% con                                
>                 f. interval]
-------------+------------------------------------
> ----------------------------
        tau0 |  -.2478681   .1923727    -1.29   0.
> 198                                             
>        -.6249117                                
>                     .1291754
        tau1 |  -.6164924   .2749702    -2.24   0.
> 025                                             
>        -1.155424                                
>                    -.0775607
        tau2 |  -.6332249   .3524664    -1.80   0.
> 072                                             
>        -1.324046                                
>                     .0575965
        tau3 |  -.5586244   .3744827    -1.49   0.
> 136                                             
>        -1.292597                                
>                     .1753482
        tau4 |  -.4002002   .4541536    -0.88   0.
> 378                                             
>        -1.290325                                
>                     .4899244
        tau5 |  -.6957938   .6278328    -1.11   0.
> 268                                             
>        -1.926323                                
>                     .5347358
        pre1 |  -.3852344   .3860991    -1.00   0.
> 318                                             
>        -1.141975                                
>                     .3715058
        pre2 |  -.5288716    .327339    -1.62   0.
> 106                                             
>        -1.170444                                
>                     .1127011
        pre3 |  -.5475495   .3300527    -1.66   0.
> 097                                             
>        -1.194441                                
>                     .0993419
        pre4 |   -.392445    .314868    -1.25   0.
> 213                                             
>        -1.009575                                
>                     .2246849
        pre5 |  -.2333416   .3150575    -0.74   0.
> 459                                             
>        -.8508429                                
>                     .3841596
--------------------------------------------------
> ----------------------------

 ( 1)  pre1 = 0
 ( 2)  pre2 = 0
 ( 3)  pre3 = 0
 ( 4)  pre4 = 0
 ( 5)  pre5 = 0

           chi2(  5) =    3.18
         Prob > chi2 =    0.6720

 ( 1)  tau0 = 0
 ( 2)  tau1 = 0
 ( 3)  tau2 = 0
 ( 4)  tau3 = 0
 ( 5)  tau4 = 0
 ( 6)  tau5 = 0

           chi2(  6) =    6.75
         Prob > chi2 =    0.3446
ATT (tau0):    -0.248  SE:     0.192  p =         
> .
Average post-treatment effect:    -0.525
number of observations will be reset to 11
Press any key to continue, or Break to abort
Number of observations (_N) was 0, now 11.
(0 observations deleted)
file
    /Users/hhadah/Documents/GiT/residency-medica
    > id-expansion/output/figures/180-did_matche
    > d_Peds_event_unweighted.png saved as PNG
    format
file
    /Users/hhadah/Documents/GiT/residency-medica
    > id-expansion/my_paper/figures/180-did_matc
    > hed_Peds_event_unweighted.png saved as PNG
    format

--- Outcome: unmatched ---

                                                  
>        Number of obs                            
>                      = 2,520
--------------------------------------------------
> ----------------------------
   unmatched | Coefficient  Std. err.      z    P>
> |z|                                             
>         [95% con                                
>                 f. interval]
-------------+------------------------------------
> ----------------------------
        tau0 |   .0636261    .086646     0.73   0.
> 463                                             
>        -.1061969                                
>                      .233449
        tau1 |   .1329088   .0890516     1.49   0.
> 136                                             
>        -.0416292                                
>                     .3074468
        tau2 |   .1338542   .0704109     1.90   0.
> 057                                             
>        -.0041486                                
>                     .2718571
        tau3 |   .0021279   .1125033     0.02   0.
> 985                                             
>        -.2183745                                
>                     .2226303
        tau4 |  -.0398853   .1169237    -0.34   0.
> 733                                             
>        -.2690517                                
>                      .189281
        tau5 |   .0307963   .1218538     0.25   0.
> 800                                             
>        -.2080328                                
>                     .2696254
        pre1 |   .4039509    .105415     3.83   0.
> 000                                             
>         .1973412                                
>                     .6105606
        pre2 |   .2824419    .086987     3.25   0.
> 001                                             
>         .1119505                                
>                     .4529333
        pre3 |   .2428357     .07874     3.08   0.
> 002                                             
>         .0885081                                
>                     .3971633
        pre4 |   .3512496   .1328158     2.64   0.
> 008                                             
>         .0909354                                
>                     .6115638
        pre5 |   .1258254   .0931704     1.35   0.
> 177                                             
>        -.0567853                                
>                     .3084361
--------------------------------------------------
> ----------------------------

 ( 1)  pre1 = 0
 ( 2)  pre2 = 0
 ( 3)  pre3 = 0
 ( 4)  pre4 = 0
 ( 5)  pre5 = 0

           chi2(  5) =   18.50
         Prob > chi2 =    0.0024

 ( 1)  tau0 = 0
 ( 2)  tau1 = 0
 ( 3)  tau2 = 0
 ( 4)  tau3 = 0
 ( 5)  tau4 = 0
 ( 6)  tau5 = 0

           chi2(  6) =    7.02
         Prob > chi2 =    0.3189
ATT (tau0):     0.064  SE:     0.087  p =         
> .
Average post-treatment effect:     0.054
number of observations will be reset to 11
Press any key to continue, or Break to abort
Number of observations (_N) was 0, now 11.
(0 observations deleted)
file
    /Users/hhadah/Documents/GiT/residency-medica
    > id-expansion/output/figures/181-did_unmatc
    > hed_Peds_event_unweighted.png saved as PNG
    format
file
    /Users/hhadah/Documents/GiT/residency-medica
    > id-expansion/my_paper/figures/181-did_unma
    > tched_Peds_event_unweighted.png saved as
    PNG format

--- Outcome: matched_per_100k ---

                                                  
>        Number of obs                            
>                      = 2,520
--------------------------------------------------
> ----------------------------
matched~100k | Coefficient  Std. err.      z    P>
> |z|                                             
>         [95% con                                
>                 f. interval]
-------------+------------------------------------
> ----------------------------
        tau0 |  -.0030222   .0038402    -0.79   0.
> 431                                             
>        -.0105488                                
>                     .0045044
        tau1 |  -.0080893   .0041499    -1.95   0.
> 051                                             
>         -.016223                                
>                     .0000443
        tau2 |  -.0070941   .0048011    -1.48   0.
> 140                                             
>        -.0165042                                
>                     .0023159
        tau3 |   -.007394   .0055515    -1.33   0.
> 183                                             
>        -.0182747                                
>                     .0034867
        tau4 |  -.0031785    .006877    -0.46   0.
> 644                                             
>        -.0166572                                
>                     .0103002
        tau5 |   -.007039   .0096359    -0.73   0.
> 465                                             
>         -.025925                                
>                      .011847
        pre1 |  -.0068524   .0098346    -0.70   0.
> 486                                             
>        -.0261278                                
>                      .012423
        pre2 |  -.0075068   .0087333    -0.86   0.
> 390                                             
>        -.0246238                                
>                     .0096102
        pre3 |  -.0081367   .0072205    -1.13   0.
> 260                                             
>        -.0222885                                
>                     .0060152
        pre4 |   -.006536   .0056199    -1.16   0.
> 245                                             
>        -.0175508                                
>                     .0044787
        pre5 |   .0008943   .0039011     0.23   0.
> 819                                             
>        -.0067518                                
>                     .0085403
--------------------------------------------------
> ----------------------------

 ( 1)  pre1 = 0
 ( 2)  pre2 = 0
 ( 3)  pre3 = 0
 ( 4)  pre4 = 0
 ( 5)  pre5 = 0

           chi2(  5) =    5.89
         Prob > chi2 =    0.3169

 ( 1)  tau0 = 0
 ( 2)  tau1 = 0
 ( 3)  tau2 = 0
 ( 4)  tau3 = 0
 ( 5)  tau4 = 0
 ( 6)  tau5 = 0

           chi2(  6) =    7.53
         Prob > chi2 =    0.2746
ATT (tau0):    -0.003  SE:     0.004  p =         
> .
Average post-treatment effect:    -0.006
number of observations will be reset to 11
Press any key to continue, or Break to abort
Number of observations (_N) was 0, now 11.
(0 observations deleted)
file
    /Users/hhadah/Documents/GiT/residency-medica
    > id-expansion/output/figures/182-did_matche
    > d_per_100k_Peds_event_unweighted.png saved
    as PNG format
file
    /Users/hhadah/Documents/GiT/residency-medica
    > id-expansion/my_paper/figures/182-did_matc
    > hed_per_100k_Peds_event_unweighted.png
    saved as PNG format

--- Outcome: quota_per_100k ---

                                                  
>        Number of obs                            
>                      = 2,520
--------------------------------------------------
> ----------------------------
quota_p~100k | Coefficient  Std. err.      z    P>
> |z|                                             
>         [95% con                                
>                 f. interval]
-------------+------------------------------------
> ----------------------------
        tau0 |  -.0021563   .0037295    -0.58   0.
> 563                                             
>         -.009466                                
>                     .0051534
        tau1 |  -.0064845   .0040105    -1.62   0.
> 106                                             
>         -.014345                                
>                      .001376
        tau2 |  -.0052903   .0046426    -1.14   0.
> 254                                             
>        -.0143897                                
>                     .0038091
        tau3 |   -.006653   .0051158    -1.30   0.
> 193                                             
>        -.0166797                                
>                     .0033737
        tau4 |  -.0040811   .0067755    -0.60   0.
> 547                                             
>         -.017361                                
>                     .0091987
        tau5 |  -.0070014   .0094531    -0.74   0.
> 459                                             
>        -.0255291                                
>                     .0115262
        pre1 |  -.0000762   .0094899    -0.01   0.
> 994                                             
>         -.018676                                
>                     .0185237
        pre2 |  -.0031346    .008529    -0.37   0.
> 713                                             
>         -.019851                                
>                     .0135819
        pre3 |  -.0022857   .0069423    -0.33   0.
> 742                                             
>        -.0158924                                
>                      .011321
        pre4 |  -.0001577    .004988    -0.03   0.
> 975                                             
>         -.009934                                
>                     .0096185
        pre5 |   .0038895    .003154     1.23   0.
> 218                                             
>        -.0022923                                
>                     .0100713
--------------------------------------------------
> ----------------------------

 ( 1)  pre1 = 0
 ( 2)  pre2 = 0
 ( 3)  pre3 = 0
 ( 4)  pre4 = 0
 ( 5)  pre5 = 0

           chi2(  5) =    4.56
         Prob > chi2 =    0.4720

 ( 1)  tau0 = 0
 ( 2)  tau1 = 0
 ( 3)  tau2 = 0
 ( 4)  tau3 = 0
 ( 5)  tau4 = 0
 ( 6)  tau5 = 0

           chi2(  6) =    6.20
         Prob > chi2 =    0.4008
ATT (tau0):    -0.002  SE:     0.004  p =         
> .
Average post-treatment effect:    -0.005
number of observations will be reset to 11
Press any key to continue, or Break to abort
Number of observations (_N) was 0, now 11.
(0 observations deleted)
file
    /Users/hhadah/Documents/GiT/residency-medica
    > id-expansion/output/figures/183-did_quota_
    > per_100k_Peds_event_unweighted.png saved
    as PNG format
file
    /Users/hhadah/Documents/GiT/residency-medica
    > id-expansion/my_paper/figures/183-did_quot
    > a_per_100k_Peds_event_unweighted.png saved
    as PNG format

--- Outcome: unmatched_per_100k ---

                                                  
>        Number of obs                            
>                      = 2,520
--------------------------------------------------
> ----------------------------
unmatch~100k | Coefficient  Std. err.      z    P>
> |z|                                             
>         [95% con                                
>                 f. interval]
-------------+------------------------------------
> ----------------------------
        tau0 |   .0008659   .0013465     0.64   0.
> 520                                             
>        -.0017731                                
>                      .003505
        tau1 |   .0016049   .0015384     1.04   0.
> 297                                             
>        -.0014104                                
>                     .0046202
        tau2 |   .0018038   .0014281     1.26   0.
> 207                                             
>        -.0009952                                
>                     .0046029
        tau3 |   .0007411   .0020943     0.35   0.
> 723                                             
>        -.0033637                                
>                     .0048459
        tau4 |  -.0009026   .0018122    -0.50   0.
> 618                                             
>        -.0044544                                
>                     .0026492
        tau5 |   .0000376   .0032442     0.01   0.
> 991                                             
>         -.006321                                
>                     .0063962
        pre1 |   .0067762   .0027174     2.49   0.
> 013                                             
>         .0014502                                
>                     .0121023
        pre2 |   .0043723   .0024197     1.81   0.
> 071                                             
>        -.0003703                                
>                     .0091148
        pre3 |    .005851   .0023648     2.47   0.
> 013                                             
>          .001216                                
>                      .010486
        pre4 |   .0063783   .0029076     2.19   0.
> 028                                             
>         .0006794                                
>                     .0120772
        pre5 |   .0029952   .0016935     1.77   0.
> 077                                             
>         -.000324                                
>                     .0063145
--------------------------------------------------
> ----------------------------

 ( 1)  pre1 = 0
 ( 2)  pre2 = 0
 ( 3)  pre3 = 0
 ( 4)  pre4 = 0
 ( 5)  pre5 = 0

           chi2(  5) =    9.08
         Prob > chi2 =    0.1057

 ( 1)  tau0 = 0
 ( 2)  tau1 = 0
 ( 3)  tau2 = 0
 ( 4)  tau3 = 0
 ( 5)  tau4 = 0
 ( 6)  tau5 = 0

           chi2(  6) =    4.35
         Prob > chi2 =    0.6289
ATT (tau0):     0.001  SE:     0.001  p =         
> .
Average post-treatment effect:     0.001
number of observations will be reset to 11
Press any key to continue, or Break to abort
Number of observations (_N) was 0, now 11.
(0 observations deleted)
file
    /Users/hhadah/Documents/GiT/residency-medica
    > id-expansion/output/figures/184-did_unmatc
    > hed_per_100k_Peds_event_unweighted.png
    saved as PNG format
file
    /Users/hhadah/Documents/GiT/residency-medica
    > id-expansion/my_paper/figures/184-did_unma
    > tched_per_100k_Peds_event_unweighted.png
    saved as PNG format
PrevMed

==================================================
> =======================
SPECIALTY GROUP (UNWEIGHTED): PrevMed
==================================================
> =======================

--- Outcome: quota ---

                                                  
>           Number of obs                         
>                         = 80
--------------------------------------------------
> ----------------------------
       quota | Coefficient  Std. err.      z    P>
> |z|                                             
>         [95% con                                
>                 f. interval]
-------------+------------------------------------
> ----------------------------
        tau0 |    -.41875   .4969243    -0.84   0.
> 399                                             
>        -1.392704                                
>                     .5552038
        tau1 |    -.14375   .5223958    -0.28   0.
> 783                                             
>        -1.167627                                
>                     .8801269
        tau2 |       .125   .7012142     0.18   0.
> 859                                             
>        -1.249355                                
>                     1.499355
        tau3 |         .5   .5034085     0.99   0.
> 321                                             
>        -.4866626                                
>                     1.486663
        tau4 |   .4583333   .6523152     0.70   0.
> 482                                             
>        -.8201809                                
>                     1.736848
        tau5 |   .4583333   .6523152     0.70   0.
> 482                                             
>        -.8201809                                
>                     1.736848
        pre1 |  -1.582368   1.382996    -1.14   0.
> 253                                             
>        -4.292991                                
>                     1.128254
        pre2 |  -.8639474   .7306879    -1.18   0.
> 237                                             
>        -2.296069                                
>                     .5681745
        pre3 |  -.7980263   .7138361    -1.12   0.
> 264                                             
>        -2.197119                                
>                     .6010667
        pre4 |  -.4732895   .5410821    -0.87   0.
> 382                                             
>        -1.533791                                
>                     .5872119
        pre5 |  -.9963158   .1547919    -6.44   0.
> 000                                             
>        -1.299702                                
>                    -.6929292
--------------------------------------------------
> ----------------------------

 ( 1)  pre1 = 0
 ( 2)  pre2 = 0
 ( 3)  pre3 = 0
 ( 4)  pre4 = 0
 ( 5)  pre5 = 0

           chi2(  5) =  417.45
         Prob > chi2 =    0.0000

 ( 1)  tau0 = 0
 ( 2)  tau1 = 0
 ( 3)  tau2 = 0
 ( 4)  tau3 = 0
 ( 5)  tau4 = 0
 ( 6)  tau5 = 0
       Constraint 6 dropped

           chi2(  5) =  151.16
         Prob > chi2 =    0.0000
ATT (tau0):    -0.419  SE:     0.497  p =         
> .
Average post-treatment effect:     0.163
number of observations will be reset to 11
Press any key to continue, or Break to abort
Number of observations (_N) was 0, now 11.
(0 observations deleted)
file
    /Users/hhadah/Documents/GiT/residency-medica
    > id-expansion/output/figures/185-did_quota_
    > PrevMed_event_unweighted.png saved as PNG
    format
file
    /Users/hhadah/Documents/GiT/residency-medica
    > id-expansion/my_paper/figures/185-did_quot
    > a_PrevMed_event_unweighted.png saved as
    PNG format

--- Outcome: matched ---

                                                  
>           Number of obs                         
>                         = 80
--------------------------------------------------
> ----------------------------
     matched | Coefficient  Std. err.      z    P>
> |z|                                             
>         [95% con                                
>                 f. interval]
-------------+------------------------------------
> ----------------------------
        tau0 |  -.5083333   .2976966    -1.71   0.
> 088                                             
>        -1.091808                                
>                     .0751413
        tau1 |  -.6833333   .3867443    -1.77   0.
> 077                                             
>        -1.441338                                
>                     .0746716
        tau2 |  -.4833333   .5540225    -0.87   0.
> 383                                             
>        -1.569198                                
>                     .6025309
        tau3 |  -.1083333   .4471127    -0.24   0.
> 809                                             
>         -.984658                                
>                     .7679914
        tau4 |        -.2   .5954379    -0.34   0.
> 737                                             
>        -1.367037                                
>                     .9670369
        tau5 |        -.2   .5954379    -0.34   0.
> 737                                             
>        -1.367037                                
>                     .9670369
        pre1 |  -.5318421   .5592306    -0.95   0.
> 342                                             
>        -1.627914                                
>                     .5642298
        pre2 |   .2102632   .3377814     0.62   0.
> 534                                             
>        -.4517762                                
>                     .8723025
        pre3 |   .3748684   .4121774     0.91   0.
> 363                                             
>        -.4329845                                
>                     1.182721
        pre4 |   .2685526   .5209426     0.52   0.
> 606                                             
>        -.7524761                                
>                     1.289581
        pre5 |   .1884211   .2589812     0.73   0.
> 467                                             
>        -.3191728                                
>                     .6960149
--------------------------------------------------
> ----------------------------

 ( 1)  pre1 = 0
 ( 2)  pre2 = 0
 ( 3)  pre3 = 0
 ( 4)  pre4 = 0
 ( 5)  pre5 = 0

           chi2(  5) =   10.94
         Prob > chi2 =    0.0526

 ( 1)  tau0 = 0
 ( 2)  tau1 = 0
 ( 3)  tau2 = 0
 ( 4)  tau3 = 0
 ( 5)  tau4 = 0
 ( 6)  tau5 = 0
       Constraint 6 dropped

           chi2(  5) =   31.50
         Prob > chi2 =    0.0000
ATT (tau0):    -0.508  SE:     0.298  p =         
> .
Average post-treatment effect:    -0.364
number of observations will be reset to 11
Press any key to continue, or Break to abort
Number of observations (_N) was 0, now 11.
(0 observations deleted)
file
    /Users/hhadah/Documents/GiT/residency-medica
    > id-expansion/output/figures/186-did_matche
    > d_PrevMed_event_unweighted.png saved as
    PNG format
file
    /Users/hhadah/Documents/GiT/residency-medica
    > id-expansion/my_paper/figures/186-did_matc
    > hed_PrevMed_event_unweighted.png saved as
    PNG format

--- Outcome: unmatched ---

                                                  
>           Number of obs                         
>                         = 80
--------------------------------------------------
> ----------------------------
   unmatched | Coefficient  Std. err.      z    P>
> |z|                                             
>         [95% con                                
>                 f. interval]
-------------+------------------------------------
> ----------------------------
        tau0 |   .0895833   .4091295     0.22   0.
> 827                                             
>        -.7122957                                
>                     .8914624
        tau1 |   .5395833   .1999517     2.70   0.
> 007                                             
>         .1476852                                
>                     .9314814
        tau2 |   .6083333   .2135107     2.85   0.
> 004                                             
>         .1898601                                
>                     1.026807
        tau3 |   .6083333   .2135107     2.85   0.
> 004                                             
>         .1898601                                
>                     1.026807
        tau4 |   .6583333   .2297669     2.87   0.
> 004                                             
>         .2079985                                
>                     1.108668
        tau5 |   .6583333   .2297669     2.87   0.
> 004                                             
>         .2079985                                
>                     1.108668
        pre1 |  -1.050526   .9657856    -1.09   0.
> 277                                             
>        -2.943431                                
>                     .8423787
        pre2 |  -1.074211   .5611212    -1.91   0.
> 056                                             
>        -2.173988                                
>                     .0255669
        pre3 |  -1.172895   .4477077    -2.62   0.
> 009                                             
>        -2.050386                                
>                    -.2954039
        pre4 |  -.7418421   .3592156    -2.07   0.
> 039                                             
>        -1.445892                                
>                    -.0377924
        pre5 |  -1.184737   .1773578    -6.68   0.
> 000                                             
>        -1.532352                                
>                     -.837122
--------------------------------------------------
> ----------------------------

 ( 1)  pre1 = 0
 ( 2)  pre2 = 0
 ( 3)  pre3 = 0
 ( 4)  pre4 = 0
 ( 5)  pre5 = 0

           chi2(  5) =  135.93
         Prob > chi2 =    0.0000

 ( 1)  tau0 = 0
 ( 2)  tau1 = 0
 ( 3)  tau2 = 0
 ( 4)  tau3 = 0
 ( 5)  tau4 = 0
 ( 6)  tau5 = 0
       Constraint 4 dropped
       Constraint 6 dropped

           chi2(  4) =   11.90
         Prob > chi2 =    0.0181
ATT (tau0):     0.090  SE:     0.409  p =         
> .
Average post-treatment effect:     0.527
number of observations will be reset to 11
Press any key to continue, or Break to abort
Number of observations (_N) was 0, now 11.
(0 observations deleted)
file
    /Users/hhadah/Documents/GiT/residency-medica
    > id-expansion/output/figures/187-did_unmatc
    > hed_PrevMed_event_unweighted.png saved as
    PNG format
file
    /Users/hhadah/Documents/GiT/residency-medica
    > id-expansion/my_paper/figures/187-did_unma
    > tched_PrevMed_event_unweighted.png saved
    as PNG format

--- Outcome: matched_per_100k ---

                                                  
>           Number of obs                         
>                         = 80
--------------------------------------------------
> ----------------------------
matched~100k | Coefficient  Std. err.      z    P>
> |z|                                             
>         [95% con                                
>                 f. interval]
-------------+------------------------------------
> ----------------------------
        tau0 |  -.0027801   .0018028    -1.54   0.
> 123                                             
>        -.0063135                                
>                     .0007533
        tau1 |  -.0037109   .0022633    -1.64   0.
> 101                                             
>        -.0081469                                
>                     .0007251
        tau2 |   .0030748   .0073275     0.42   0.
> 675                                             
>        -.0112869                                
>                     .0174365
        tau3 |   .0050694   .0070833     0.72   0.
> 474                                             
>        -.0088137                                
>                     .0189524
        tau4 |   .0063373   .0094327     0.67   0.
> 502                                             
>        -.0121505                                
>                     .0248251
        tau5 |   .0063373   .0094327     0.67   0.
> 502                                             
>        -.0121505                                
>                     .0248251
        pre1 |  -.0005036   .0057215    -0.09   0.
> 930                                             
>        -.0117175                                
>                     .0107102
        pre2 |    .004702   .0048116     0.98   0.
> 328                                             
>        -.0047286                                
>                     .0141326
        pre3 |   .0055205   .0051864     1.06   0.
> 287                                             
>        -.0046448                                
>                     .0156857
        pre4 |  -.0003376   .0036983    -0.09   0.
> 927                                             
>         -.007586                                
>                     .0069109
        pre5 |   .0026708   .0038446     0.69   0.
> 487                                             
>        -.0048644                                
>                     .0102061
--------------------------------------------------
> ----------------------------

 ( 1)  pre1 = 0
 ( 2)  pre2 = 0
 ( 3)  pre3 = 0
 ( 4)  pre4 = 0
 ( 5)  pre5 = 0

           chi2(  5) =    5.94
         Prob > chi2 =    0.3120

 ( 1)  tau0 = 0
 ( 2)  tau1 = 0
 ( 3)  tau2 = 0
 ( 4)  tau3 = 0
 ( 5)  tau4 = 0
 ( 6)  tau5 = 0
       Constraint 6 dropped

           chi2(  5) =   41.72
         Prob > chi2 =    0.0000
ATT (tau0):    -0.003  SE:     0.002  p =         
> .
Average post-treatment effect:     0.002
number of observations will be reset to 11
Press any key to continue, or Break to abort
Number of observations (_N) was 0, now 11.
(0 observations deleted)
file
    /Users/hhadah/Documents/GiT/residency-medica
    > id-expansion/output/figures/188-did_matche
    > d_per_100k_PrevMed_event_unweighted.png
    saved as PNG format
file
    /Users/hhadah/Documents/GiT/residency-medica
    > id-expansion/my_paper/figures/188-did_matc
    > hed_per_100k_PrevMed_event_unweighted.png
    saved as PNG format

--- Outcome: quota_per_100k ---

                                                  
>           Number of obs                         
>                         = 80
--------------------------------------------------
> ----------------------------
quota_p~100k | Coefficient  Std. err.      z    P>
> |z|                                             
>         [95% con                                
>                 f. interval]
-------------+------------------------------------
> ----------------------------
        tau0 |   .0007056   .0049725     0.14   0.
> 887                                             
>        -.0090403                                
>                     .0104515
        tau1 |   .0015644   .0049248     0.32   0.
> 751                                             
>         -.008088                                
>                     .0112168
        tau2 |   .0086982   .0090966     0.96   0.
> 339                                             
>        -.0091308                                
>                     .0265273
        tau3 |   .0106928   .0084794     1.26   0.
> 207                                             
>        -.0059265                                
>                     .0273121
        tau4 |   .0130615   .0109516     1.19   0.
> 233                                             
>        -.0084033                                
>                     .0345263
        tau5 |   .0130615   .0109516     1.19   0.
> 233                                             
>        -.0084033                                
>                     .0345263
        pre1 |  -.0172155   .0132905    -1.30   0.
> 195                                             
>        -.0432643                                
>                     .0088333
        pre2 |  -.0149379   .0074015    -2.02   0.
> 044                                             
>        -.0294447                                
>                    -.0004312
        pre3 |  -.0158133   .0068184    -2.32   0.
> 020                                             
>        -.0291771                                
>                    -.0024495
        pre4 |  -.0166103   .0041843    -3.97   0.
> 000                                             
>        -.0248113                                
>                    -.0084093
        pre5 |  -.0213336   .0013969   -15.27   0.
> 000                                             
>        -.0240716                                
>                    -.0185956
--------------------------------------------------
> ----------------------------

 ( 1)  pre1 = 0
 ( 2)  pre2 = 0
 ( 3)  pre3 = 0
 ( 4)  pre4 = 0
 ( 5)  pre5 = 0

           chi2(  5) = 1948.24
         Prob > chi2 =    0.0000

 ( 1)  tau0 = 0
 ( 2)  tau1 = 0
 ( 3)  tau2 = 0
 ( 4)  tau3 = 0
 ( 5)  tau4 = 0
 ( 6)  tau5 = 0
       Constraint 6 dropped

           chi2(  5) =   31.23
         Prob > chi2 =    0.0000
ATT (tau0):     0.001  SE:     0.005  p =         
> .
Average post-treatment effect:     0.008
number of observations will be reset to 11
Press any key to continue, or Break to abort
Number of observations (_N) was 0, now 11.
(0 observations deleted)
file
    /Users/hhadah/Documents/GiT/residency-medica
    > id-expansion/output/figures/189-did_quota_
    > per_100k_PrevMed_event_unweighted.png
    saved as PNG format
file
    /Users/hhadah/Documents/GiT/residency-medica
    > id-expansion/my_paper/figures/189-did_quot
    > a_per_100k_PrevMed_event_unweighted.png
    saved as PNG format

--- Outcome: unmatched_per_100k ---

                                                  
>           Number of obs                         
>                         = 80
--------------------------------------------------
> ----------------------------
unmatch~100k | Coefficient  Std. err.      z    P>
> |z|                                             
>         [95% con                                
>                 f. interval]
-------------+------------------------------------
> ----------------------------
        tau0 |   .0034857   .0038362     0.91   0.
> 364                                             
>        -.0040331                                
>                     .0110045
        tau1 |   .0052753   .0030278     1.74   0.
> 081                                             
>        -.0006592                                
>                     .0112097
        tau2 |   .0056234   .0033482     1.68   0.
> 093                                             
>         -.000939                                
>                     .0121859
        tau3 |   .0056234   .0033482     1.68   0.
> 093                                             
>         -.000939                                
>                     .0121859
        tau4 |   .0067242    .003707     1.81   0.
> 070                                             
>        -.0005413                                
>                     .0139897
        tau5 |   .0067242    .003707     1.81   0.
> 070                                             
>        -.0005413                                
>                     .0139897
        pre1 |  -.0167119   .0080778    -2.07   0.
> 039                                             
>        -.0325441                                
>                    -.0008797
        pre2 |  -.0196399   .0045716    -4.30   0.
> 000                                             
>           -.0286                                
>                    -.0106798
        pre3 |  -.0213338   .0033107    -6.44   0.
> 000                                             
>        -.0278226                                
>                    -.0148449
        pre4 |  -.0162727   .0046017    -3.54   0.
> 000                                             
>        -.0252918                                
>                    -.0072536
        pre5 |  -.0240044   .0030877    -7.77   0.
> 000                                             
>        -.0300561                                
>                    -.0179527
--------------------------------------------------
> ----------------------------

 ( 1)  pre1 = 0
 ( 2)  pre2 = 0
 ( 3)  pre3 = 0
 ( 4)  pre4 = 0
 ( 5)  pre5 = 0

           chi2(  5) = 1262.61
         Prob > chi2 =    0.0000

 ( 1)  tau0 = 0
 ( 2)  tau1 = 0
 ( 3)  tau2 = 0
 ( 4)  tau3 = 0
 ( 5)  tau4 = 0
 ( 6)  tau5 = 0
       Constraint 4 dropped
       Constraint 6 dropped

           chi2(  4) =   14.93
         Prob > chi2 =    0.0048
ATT (tau0):     0.003  SE:     0.004  p =         
> .
Average post-treatment effect:     0.006
number of observations will be reset to 11
Press any key to continue, or Break to abort
Number of observations (_N) was 0, now 11.
(0 observations deleted)
file
    /Users/hhadah/Documents/GiT/residency-medica
    > id-expansion/output/figures/190-did_unmatc
    > hed_per_100k_PrevMed_event_unweighted.png
    saved as PNG format
file
    /Users/hhadah/Documents/GiT/residency-medica
    > id-expansion/my_paper/figures/190-did_unma
    > tched_per_100k_PrevMed_event_unweighted.pn
    > g saved as PNG format
Psych

==================================================
> =======================
SPECIALTY GROUP (UNWEIGHTED): Psych
==================================================
> =======================

--- Outcome: quota ---

                                                  
>        Number of obs                            
>                      = 2,570
--------------------------------------------------
> ----------------------------
       quota | Coefficient  Std. err.      z    P>
> |z|                                             
>         [95% con                                
>                 f. interval]
-------------+------------------------------------
> ----------------------------
        tau0 |   .0351695   .1502114     0.23   0.
> 815                                             
>        -.2592395                                
>                     .3295785
        tau1 |   .0234563   .1869283     0.13   0.
> 900                                             
>        -.3429163                                
>                      .389829
        tau2 |  -.2392436   .1972965    -1.21   0.
> 225                                             
>        -.6259376                                
>                     .1474504
        tau3 |  -.6317639   .2219043    -2.85   0.
> 004                                             
>        -1.066688                                
>                    -.1968394
        tau4 |  -.6585067   .2969602    -2.22   0.
> 027                                             
>        -1.240538                                
>                    -.0764754
        tau5 |  -1.038586   .4231573    -2.45   0.
> 014                                             
>        -1.867959                                
>                    -.2092131
        pre1 |  -.4791901   .4249834    -1.13   0.
> 260                                             
>        -1.312142                                
>                     .3537621
        pre2 |  -.4679056   .3062958    -1.53   0.
> 127                                             
>        -1.068234                                
>                     .1324231
        pre3 |  -.2343316   .2904898    -0.81   0.
> 420                                             
>        -.8036813                                
>                      .335018
        pre4 |  -.1627123   .2708224    -0.60   0.
> 548                                             
>        -.6935145                                
>                     .3680898
        pre5 |  -.0770968   .2165273    -0.36   0.
> 722                                             
>        -.5014826                                
>                      .347289
--------------------------------------------------
> ----------------------------

 ( 1)  pre1 = 0
 ( 2)  pre2 = 0
 ( 3)  pre3 = 0
 ( 4)  pre4 = 0
 ( 5)  pre5 = 0

           chi2(  5) =    9.41
         Prob > chi2 =    0.0936

 ( 1)  tau0 = 0
 ( 2)  tau1 = 0
 ( 3)  tau2 = 0
 ( 4)  tau3 = 0
 ( 5)  tau4 = 0
 ( 6)  tau5 = 0

           chi2(  6) =   18.00
         Prob > chi2 =    0.0062
ATT (tau0):     0.035  SE:     0.150  p =         
> .
Average post-treatment effect:    -0.418
number of observations will be reset to 11
Press any key to continue, or Break to abort
Number of observations (_N) was 0, now 11.
(0 observations deleted)
file
    /Users/hhadah/Documents/GiT/residency-medica
    > id-expansion/output/figures/191-did_quota_
    > Psych_event_unweighted.png saved as PNG
    format
file
    /Users/hhadah/Documents/GiT/residency-medica
    > id-expansion/my_paper/figures/191-did_quot
    > a_Psych_event_unweighted.png saved as PNG
    format

--- Outcome: matched ---

                                                  
>        Number of obs                            
>                      = 2,570
--------------------------------------------------
> ----------------------------
     matched | Coefficient  Std. err.      z    P>
> |z|                                             
>         [95% con                                
>                 f. interval]
-------------+------------------------------------
> ----------------------------
        tau0 |  -.1035394   .1451585    -0.71   0.
> 476                                             
>        -.3880448                                
>                      .180966
        tau1 |   .0440893    .193161     0.23   0.
> 819                                             
>        -.3344993                                
>                      .422678
        tau2 |  -.1591536   .1986333    -0.80   0.
> 423                                             
>        -.5484677                                
>                     .2301606
        tau3 |   -.494368   .2198366    -2.25   0.
> 025                                             
>        -.9252398                                
>                    -.0634962
        tau4 |  -.4819945   .2882285    -1.67   0.
> 094                                             
>        -1.046912                                
>                      .082923
        tau5 |  -.7592695   .4100844    -1.85   0.
> 064                                             
>         -1.56302                                
>                     .0444811
        pre1 |  -.4069672   .4715295    -0.86   0.
> 388                                             
>        -1.331148                                
>                     .5172137
        pre2 |  -.4579457   .3343843    -1.37   0.
> 171                                             
>        -1.113327                                
>                     .1974354
        pre3 |   -.216306   .3317643    -0.65   0.
> 514                                             
>        -.8665521                                
>                     .4339401
        pre4 |  -.1367813   .3212926    -0.43   0.
> 670                                             
>        -.7665032                                
>                     .4929407
        pre5 |  -.0843819    .213239    -0.40   0.
> 692                                             
>        -.5023227                                
>                      .333559
--------------------------------------------------
> ----------------------------

 ( 1)  pre1 = 0
 ( 2)  pre2 = 0
 ( 3)  pre3 = 0
 ( 4)  pre4 = 0
 ( 5)  pre5 = 0

           chi2(  5) =    8.40
         Prob > chi2 =    0.1356

 ( 1)  tau0 = 0
 ( 2)  tau1 = 0
 ( 3)  tau2 = 0
 ( 4)  tau3 = 0
 ( 5)  tau4 = 0
 ( 6)  tau5 = 0

           chi2(  6) =   10.89
         Prob > chi2 =    0.0920
ATT (tau0):    -0.104  SE:     0.145  p =         
> .
Average post-treatment effect:    -0.326
number of observations will be reset to 11
Press any key to continue, or Break to abort
Number of observations (_N) was 0, now 11.
(0 observations deleted)
file
    /Users/hhadah/Documents/GiT/residency-medica
    > id-expansion/output/figures/192-did_matche
    > d_Psych_event_unweighted.png saved as PNG
    format
file
    /Users/hhadah/Documents/GiT/residency-medica
    > id-expansion/my_paper/figures/192-did_matc
    > hed_Psych_event_unweighted.png saved as
    PNG format

--- Outcome: unmatched ---

                                                  
>        Number of obs                            
>                      = 2,570
--------------------------------------------------
> ----------------------------
   unmatched | Coefficient  Std. err.      z    P>
> |z|                                             
>         [95% con                                
>                 f. interval]
-------------+------------------------------------
> ----------------------------
        tau0 |   .1387089   .0675918     2.05   0.
> 040                                             
>         .0062314                                
>                     .2711863
        tau1 |   -.020633   .0896968    -0.23   0.
> 818                                             
>        -.1964355                                
>                     .1551695
        tau2 |    -.08009   .0883552    -0.91   0.
> 365                                             
>         -.253263                                
>                      .093083
        tau3 |   -.137396   .0875348    -1.57   0.
> 117                                             
>        -.3089611                                
>                     .0341691
        tau4 |  -.1765122   .1009674    -1.75   0.
> 080                                             
>        -.3744046                                
>                     .0213803
        tau5 |  -.2793168    .139675    -2.00   0.
> 046                                             
>        -.5530749                                
>                    -.0055587
        pre1 |  -.0722229   .0815183    -0.89   0.
> 376                                             
>        -.2319958                                
>                     .0875501
        pre2 |  -.0099599   .0653495    -0.15   0.
> 879                                             
>        -.1380425                                
>                     .1181228
        pre3 |  -.0180256   .0687675    -0.26   0.
> 793                                             
>        -.1528075                                
>                     .1167562
        pre4 |  -.0259311   .0729689    -0.36   0.
> 722                                             
>        -.1689475                                
>                     .1170853
        pre5 |   .0072851   .0782338     0.09   0.
> 926                                             
>        -.1460504                                
>                     .1606206
--------------------------------------------------
> ----------------------------

 ( 1)  pre1 = 0
 ( 2)  pre2 = 0
 ( 3)  pre3 = 0
 ( 4)  pre4 = 0
 ( 5)  pre5 = 0

           chi2(  5) =    1.24
         Prob > chi2 =    0.9414

 ( 1)  tau0 = 0
 ( 2)  tau1 = 0
 ( 3)  tau2 = 0
 ( 4)  tau3 = 0
 ( 5)  tau4 = 0
 ( 6)  tau5 = 0

           chi2(  6) =   12.30
         Prob > chi2 =    0.0557
ATT (tau0):     0.139  SE:     0.068  p =         
> .
Average post-treatment effect:    -0.093
number of observations will be reset to 11
Press any key to continue, or Break to abort
Number of observations (_N) was 0, now 11.
(0 observations deleted)
file
    /Users/hhadah/Documents/GiT/residency-medica
    > id-expansion/output/figures/193-did_unmatc
    > hed_Psych_event_unweighted.png saved as
    PNG format
file
    /Users/hhadah/Documents/GiT/residency-medica
    > id-expansion/my_paper/figures/193-did_unma
    > tched_Psych_event_unweighted.png saved as
    PNG format

--- Outcome: matched_per_100k ---

                                                  
>        Number of obs                            
>                      = 2,570
--------------------------------------------------
> ----------------------------
matched~100k | Coefficient  Std. err.      z    P>
> |z|                                             
>         [95% con                                
>                 f. interval]
-------------+------------------------------------
> ----------------------------
        tau0 |   .0008554   .0064995     0.13   0.
> 895                                             
>        -.0118833                                
>                     .0135941
        tau1 |   .0000112   .0062506     0.00   0.
> 999                                             
>        -.0122398                                
>                     .0122621
        tau2 |   .0004908   .0092394     0.05   0.
> 958                                             
>        -.0176182                                
>                     .0185997
        tau3 |  -.0034432   .0086801    -0.40   0.
> 692                                             
>        -.0204559                                
>                     .0135696
        tau4 |  -.0039555   .0100853    -0.39   0.
> 695                                             
>        -.0237222                                
>                     .0158113
        tau5 |  -.0019396   .0117788    -0.16   0.
> 869                                             
>        -.0250257                                
>                     .0211465
        pre1 |   -.003481   .0140231    -0.25   0.
> 804                                             
>        -.0309658                                
>                     .0240037
        pre2 |  -.0092583   .0102011    -0.91   0.
> 364                                             
>        -.0292521                                
>                     .0107355
        pre3 |   -.003907   .0097809    -0.40   0.
> 690                                             
>        -.0230772                                
>                     .0152631
        pre4 |  -.0006056   .0087904    -0.07   0.
> 945                                             
>        -.0178344                                
>                     .0166233
        pre5 |  -.0021487   .0060244    -0.36   0.
> 721                                             
>        -.0139563                                
>                      .009659
--------------------------------------------------
> ----------------------------

 ( 1)  pre1 = 0
 ( 2)  pre2 = 0
 ( 3)  pre3 = 0
 ( 4)  pre4 = 0
 ( 5)  pre5 = 0

           chi2(  5) =    6.28
         Prob > chi2 =    0.2795

 ( 1)  tau0 = 0
 ( 2)  tau1 = 0
 ( 3)  tau2 = 0
 ( 4)  tau3 = 0
 ( 5)  tau4 = 0
 ( 6)  tau5 = 0

           chi2(  6) =    2.27
         Prob > chi2 =    0.8929
ATT (tau0):     0.001  SE:     0.006  p =         
> .
Average post-treatment effect:    -0.001
number of observations will be reset to 11
Press any key to continue, or Break to abort
Number of observations (_N) was 0, now 11.
(0 observations deleted)
file
    /Users/hhadah/Documents/GiT/residency-medica
    > id-expansion/output/figures/194-did_matche
    > d_per_100k_Psych_event_unweighted.png
    saved as PNG format
file
    /Users/hhadah/Documents/GiT/residency-medica
    > id-expansion/my_paper/figures/194-did_matc
    > hed_per_100k_Psych_event_unweighted.png
    saved as PNG format

--- Outcome: quota_per_100k ---

                                                  
>        Number of obs                            
>                      = 2,570
--------------------------------------------------
> ----------------------------
quota_p~100k | Coefficient  Std. err.      z    P>
> |z|                                             
>         [95% con                                
>                 f. interval]
-------------+------------------------------------
> ----------------------------
        tau0 |   .0015464   .0056183     0.28   0.
> 783                                             
>        -.0094653                                
>                     .0125581
        tau1 |   .0003384   .0054428     0.06   0.
> 950                                             
>        -.0103292                                
>                      .011006
        tau2 |  -.0003636    .007523    -0.05   0.
> 961                                             
>        -.0151083                                
>                     .0143811
        tau3 |  -.0059392   .0071562    -0.83   0.
> 407                                             
>        -.0199652                                
>                     .0080867
        tau4 |   -.006658   .0085864    -0.78   0.
> 438                                             
>        -.0234871                                
>                     .0101711
        tau5 |   -.006051   .0102768    -0.59   0.
> 556                                             
>        -.0261932                                
>                     .0140912
        pre1 |  -.0055763   .0133366    -0.42   0.
> 676                                             
>        -.0317155                                
>                      .020563
        pre2 |  -.0091534   .0090478    -1.01   0.
> 312                                             
>        -.0268868                                
>                     .0085799
        pre3 |  -.0018845   .0077959    -0.24   0.
> 809                                             
>        -.0171643                                
>                     .0133952
        pre4 |  -.0006073   .0069012    -0.09   0.
> 930                                             
>        -.0141334                                
>                     .0129189
        pre5 |  -.0016085   .0056189    -0.29   0.
> 775                                             
>        -.0126212                                
>                     .0094043
--------------------------------------------------
> ----------------------------

 ( 1)  pre1 = 0
 ( 2)  pre2 = 0
 ( 3)  pre3 = 0
 ( 4)  pre4 = 0
 ( 5)  pre5 = 0

           chi2(  5) =   11.03
         Prob > chi2 =    0.0508

 ( 1)  tau0 = 0
 ( 2)  tau1 = 0
 ( 3)  tau2 = 0
 ( 4)  tau3 = 0
 ( 5)  tau4 = 0
 ( 6)  tau5 = 0

           chi2(  6) =    4.16
         Prob > chi2 =    0.6551
ATT (tau0):     0.002  SE:     0.006  p =         
> .
Average post-treatment effect:    -0.003
number of observations will be reset to 11
Press any key to continue, or Break to abort
Number of observations (_N) was 0, now 11.
(0 observations deleted)
file
    /Users/hhadah/Documents/GiT/residency-medica
    > id-expansion/output/figures/195-did_quota_
    > per_100k_Psych_event_unweighted.png saved
    as PNG format
file
    /Users/hhadah/Documents/GiT/residency-medica
    > id-expansion/my_paper/figures/195-did_quot
    > a_per_100k_Psych_event_unweighted.png
    saved as PNG format

--- Outcome: unmatched_per_100k ---

                                                  
>        Number of obs                            
>                      = 2,570
--------------------------------------------------
> ----------------------------
unmatch~100k | Coefficient  Std. err.      z    P>
> |z|                                             
>         [95% con                                
>                 f. interval]
-------------+------------------------------------
> ----------------------------
        tau0 |    .000691   .0015136     0.46   0.
> 648                                             
>        -.0022757                                
>                     .0036576
        tau1 |   .0003272   .0019108     0.17   0.
> 864                                             
>        -.0034178                                
>                     .0040722
        tau2 |  -.0008544   .0025541    -0.33   0.
> 738                                             
>        -.0058603                                
>                     .0041515
        tau3 |  -.0024961   .0024305    -1.03   0.
> 304                                             
>        -.0072598                                
>                     .0022677
        tau4 |  -.0027025   .0025268    -1.07   0.
> 285                                             
>        -.0076549                                
>                     .0022499
        tau5 |  -.0041114   .0028024    -1.47   0.
> 142                                             
>        -.0096039                                
>                     .0013811
        pre1 |  -.0020952   .0021035    -1.00   0.
> 319                                             
>        -.0062179                                
>                     .0020275
        pre2 |   .0001049   .0018825     0.06   0.
> 956                                             
>        -.0035848                                
>                     .0037945
        pre3 |   .0020225   .0028169     0.72   0.
> 473                                             
>        -.0034984                                
>                     .0075435
        pre4 |  -1.72e-06   .0028524    -0.00   1.
> 000                                             
>        -.0055923                                
>                     .0055889
        pre5 |   .0005402   .0020094     0.27   0.
> 788                                             
>        -.0033982                                
>                     .0044785
--------------------------------------------------
> ----------------------------

 ( 1)  pre1 = 0
 ( 2)  pre2 = 0
 ( 3)  pre3 = 0
 ( 4)  pre4 = 0
 ( 5)  pre5 = 0

           chi2(  5) =    2.03
         Prob > chi2 =    0.8454

 ( 1)  tau0 = 0
 ( 2)  tau1 = 0
 ( 3)  tau2 = 0
 ( 4)  tau3 = 0
 ( 5)  tau4 = 0
 ( 6)  tau5 = 0

           chi2(  6) =   11.25
         Prob > chi2 =    0.0810
ATT (tau0):     0.001  SE:     0.002  p =         
> .
Average post-treatment effect:    -0.002
number of observations will be reset to 11
Press any key to continue, or Break to abort
Number of observations (_N) was 0, now 11.
(0 observations deleted)
file
    /Users/hhadah/Documents/GiT/residency-medica
    > id-expansion/output/figures/196-did_unmatc
    > hed_per_100k_Psych_event_unweighted.png
    saved as PNG format
file
    /Users/hhadah/Documents/GiT/residency-medica
    > id-expansion/my_paper/figures/196-did_unma
    > tched_per_100k_Psych_event_unweighted.png
    saved as PNG format
Rad

==================================================
> =======================
SPECIALTY GROUP (UNWEIGHTED): Rad
==================================================
> =======================

--- Outcome: quota ---

                                                  
>        Number of obs                            
>                      = 2,910
--------------------------------------------------
> ----------------------------
       quota | Coefficient  Std. err.      z    P>
> |z|                                             
>         [95% con                                
>                 f. interval]
-------------+------------------------------------
> ----------------------------
        tau0 |  -.0241496   .0559857    -0.43   0.
> 666                                             
>        -.1338795                                
>                     .0855803
        tau1 |  -.0224167   .0601578    -0.37   0.
> 709                                             
>        -.1403238                                
>                     .0954904
        tau2 |   -.189634   .0826581    -2.29   0.
> 022                                             
>        -.3516409                                
>                    -.0276272
        tau3 |  -.2496347   .1103215    -2.26   0.
> 024                                             
>        -.4658609                                
>                    -.0334084
        tau4 |   -.351016   .1740889    -2.02   0.
> 044                                             
>        -.6922239                                
>                     -.009808
        tau5 |  -.2531013   .1876983    -1.35   0.
> 178                                             
>        -.6209832                                
>                     .1147807
        pre1 |  -.4003656   .1107469    -3.62   0.
> 000                                             
>        -.6174256                                
>                    -.1833057
        pre2 |   -.302883   .1160149    -2.61   0.
> 009                                             
>        -.5302681                                
>                     -.075498
        pre3 |  -.2441439   .0767523    -3.18   0.
> 001                                             
>        -.3945757                                
>                    -.0937121
        pre4 |  -.2141313   .0762265    -2.81   0.
> 005                                             
>        -.3635325                                
>                    -.0647301
        pre5 |  -.2364633   .0766818    -3.08   0.
> 002                                             
>         -.386757                                
>                    -.0861697
--------------------------------------------------
> ----------------------------

 ( 1)  pre1 = 0
 ( 2)  pre2 = 0
 ( 3)  pre3 = 0
 ( 4)  pre4 = 0
 ( 5)  pre5 = 0

           chi2(  5) =   17.64
         Prob > chi2 =    0.0034

 ( 1)  tau0 = 0
 ( 2)  tau1 = 0
 ( 3)  tau2 = 0
 ( 4)  tau3 = 0
 ( 5)  tau4 = 0
 ( 6)  tau5 = 0

           chi2(  6) =   11.09
         Prob > chi2 =    0.0856
ATT (tau0):    -0.024  SE:     0.056  p =         
> .
Average post-treatment effect:    -0.182
number of observations will be reset to 11
Press any key to continue, or Break to abort
Number of observations (_N) was 0, now 11.
(0 observations deleted)
file
    /Users/hhadah/Documents/GiT/residency-medica
    > id-expansion/output/figures/197-did_quota_
    > Rad_event_unweighted.png saved as PNG
    format
file
    /Users/hhadah/Documents/GiT/residency-medica
    > id-expansion/my_paper/figures/197-did_quot
    > a_Rad_event_unweighted.png saved as PNG
    format

--- Outcome: matched ---

                                                  
>        Number of obs                            
>                      = 2,910
--------------------------------------------------
> ----------------------------
     matched | Coefficient  Std. err.      z    P>
> |z|                                             
>         [95% con                                
>                 f. interval]
-------------+------------------------------------
> ----------------------------
        tau0 |   .0253145   .0822424     0.31   0.
> 758                                             
>        -.1358776                                
>                     .1865066
        tau1 |   .0120569    .136396     0.09   0.
> 930                                             
>        -.2552743                                
>                     .2793882
        tau2 |  -.1041436   .0856366    -1.22   0.
> 224                                             
>        -.2719883                                
>                      .063701
        tau3 |   -.253004   .0944423    -2.68   0.
> 007                                             
>        -.4381074                                
>                    -.0679006
        tau4 |  -.3299646   .1386172    -2.38   0.
> 017                                             
>        -.6016492                                
>                    -.0582799
        tau5 |  -.2610646   .1522995    -1.71   0.
> 087                                             
>        -.5595661                                
>                     .0374368
        pre1 |  -.4116016   .2040126    -2.02   0.
> 044                                             
>        -.8114589                                
>                    -.0117443
        pre2 |  -.3725991   .1792362    -2.08   0.
> 038                                             
>        -.7238956                                
>                    -.0213025
        pre3 |  -.3608234    .149509    -2.41   0.
> 016                                             
>        -.6538557                                
>                    -.0677912
        pre4 |  -.3316575   .1595761    -2.08   0.
> 038                                             
>         -.644421                                
>                    -.0188941
        pre5 |  -.2509841   .1443191    -1.74   0.
> 082                                             
>        -.5338443                                
>                     .0318761
--------------------------------------------------
> ----------------------------

 ( 1)  pre1 = 0
 ( 2)  pre2 = 0
 ( 3)  pre3 = 0
 ( 4)  pre4 = 0
 ( 5)  pre5 = 0

           chi2(  5) =    6.63
         Prob > chi2 =    0.2494

 ( 1)  tau0 = 0
 ( 2)  tau1 = 0
 ( 3)  tau2 = 0
 ( 4)  tau3 = 0
 ( 5)  tau4 = 0
 ( 6)  tau5 = 0

           chi2(  6) =   10.59
         Prob > chi2 =    0.1018
ATT (tau0):     0.025  SE:     0.082  p =         
> .
Average post-treatment effect:    -0.152
number of observations will be reset to 11
Press any key to continue, or Break to abort
Number of observations (_N) was 0, now 11.
(0 observations deleted)
file
    /Users/hhadah/Documents/GiT/residency-medica
    > id-expansion/output/figures/198-did_matche
    > d_Rad_event_unweighted.png saved as PNG
    format
file
    /Users/hhadah/Documents/GiT/residency-medica
    > id-expansion/my_paper/figures/198-did_matc
    > hed_Rad_event_unweighted.png saved as PNG
    format

--- Outcome: unmatched ---

                                                  
>        Number of obs                            
>                      = 2,910
--------------------------------------------------
> ----------------------------
   unmatched | Coefficient  Std. err.      z    P>
> |z|                                             
>         [95% con                                
>                 f. interval]
-------------+------------------------------------
> ----------------------------
        tau0 |  -.0494642   .0767688    -0.64   0.
> 519                                             
>        -.1999283                                
>                     .1009999
        tau1 |  -.0344737   .1020522    -0.34   0.
> 736                                             
>        -.2344924                                
>                     .1655449
        tau2 |  -.0854905   .0739289    -1.16   0.
> 248                                             
>        -.2303885                                
>                     .0594075
        tau3 |   .0033694    .074054     0.05   0.
> 964                                             
>        -.1417739                                
>                     .1485127
        tau4 |  -.0210515   .0766588    -0.27   0.
> 784                                             
>        -.1712999                                
>                     .1291969
        tau5 |   .0079632   .0913625     0.09   0.
> 931                                             
>        -.1711039                                
>                     .1870304
        pre1 |    .011236   .1142119     0.10   0.
> 922                                             
>        -.2126152                                
>                     .2350871
        pre2 |    .069716   .0934085     0.75   0.
> 455                                             
>        -.1133612                                
>                     .2527932
        pre3 |   .1166795   .1036411     1.13   0.
> 260                                             
>        -.0864533                                
>                     .3198124
        pre4 |   .1175262   .0940084     1.25   0.
> 211                                             
>        -.0667268                                
>                     .3017792
        pre5 |   .0145208   .0748918     0.19   0.
> 846                                             
>        -.1322644                                
>                      .161306
--------------------------------------------------
> ----------------------------

 ( 1)  pre1 = 0
 ( 2)  pre2 = 0
 ( 3)  pre3 = 0
 ( 4)  pre4 = 0
 ( 5)  pre5 = 0

           chi2(  5) =    5.03
         Prob > chi2 =    0.4125

 ( 1)  tau0 = 0
 ( 2)  tau1 = 0
 ( 3)  tau2 = 0
 ( 4)  tau3 = 0
 ( 5)  tau4 = 0
 ( 6)  tau5 = 0

           chi2(  6) =    3.75
         Prob > chi2 =    0.7110
ATT (tau0):    -0.049  SE:     0.077  p =         
> .
Average post-treatment effect:    -0.030
number of observations will be reset to 11
Press any key to continue, or Break to abort
Number of observations (_N) was 0, now 11.
(0 observations deleted)
file
    /Users/hhadah/Documents/GiT/residency-medica
    > id-expansion/output/figures/199-did_unmatc
    > hed_Rad_event_unweighted.png saved as PNG
    format
file
    /Users/hhadah/Documents/GiT/residency-medica
    > id-expansion/my_paper/figures/199-did_unma
    > tched_Rad_event_unweighted.png saved as
    PNG format

--- Outcome: matched_per_100k ---

                                                  
>        Number of obs                            
>                      = 2,910
--------------------------------------------------
> ----------------------------
matched~100k | Coefficient  Std. err.      z    P>
> |z|                                             
>         [95% con                                
>                 f. interval]
-------------+------------------------------------
> ----------------------------
        tau0 |    .002012   .0018166     1.11   0.
> 268                                             
>        -.0015485                                
>                     .0055726
        tau1 |   .0027134   .0024635     1.10   0.
> 271                                             
>        -.0021149                                
>                     .0075417
        tau2 |   .0004438   .0026582     0.17   0.
> 867                                             
>        -.0047663                                
>                     .0056539
        tau3 |  -.0018425   .0032839    -0.56   0.
> 575                                             
>        -.0082788                                
>                     .0045939
        tau4 |  -.0019802   .0035995    -0.55   0.
> 582                                             
>        -.0090351                                
>                     .0050748
        tau5 |   .0004961    .004289     0.12   0.
> 908                                             
>        -.0079103                                
>                     .0089024
        pre1 |    .000552   .0053065     0.10   0.
> 917                                             
>        -.0098487                                
>                     .0109526
        pre2 |   -.001315   .0049476    -0.27   0.
> 790                                             
>        -.0110122                                
>                     .0083821
        pre3 |  -.0004886   .0050155    -0.10   0.
> 922                                             
>        -.0103188                                
>                     .0093417
        pre4 |  -.0008574   .0054254    -0.16   0.
> 874                                             
>         -.011491                                
>                     .0097762
        pre5 |   .0001833   .0051173     0.04   0.
> 971                                             
>        -.0098464                                
>                      .010213
--------------------------------------------------
> ----------------------------

 ( 1)  pre1 = 0
 ( 2)  pre2 = 0
 ( 3)  pre3 = 0
 ( 4)  pre4 = 0
 ( 5)  pre5 = 0

           chi2(  5) =    1.68
         Prob > chi2 =    0.8918

 ( 1)  tau0 = 0
 ( 2)  tau1 = 0
 ( 3)  tau2 = 0
 ( 4)  tau3 = 0
 ( 5)  tau4 = 0
 ( 6)  tau5 = 0

           chi2(  6) =    3.28
         Prob > chi2 =    0.7729
ATT (tau0):     0.002  SE:     0.002  p =         
> .
Average post-treatment effect:     0.000
number of observations will be reset to 11
Press any key to continue, or Break to abort
Number of observations (_N) was 0, now 11.
(0 observations deleted)
file
    /Users/hhadah/Documents/GiT/residency-medica
    > id-expansion/output/figures/200-did_matche
    > d_per_100k_Rad_event_unweighted.png saved
    as PNG format
file
    /Users/hhadah/Documents/GiT/residency-medica
    > id-expansion/my_paper/figures/200-did_matc
    > hed_per_100k_Rad_event_unweighted.png
    saved as PNG format

--- Outcome: quota_per_100k ---

                                                  
>        Number of obs                            
>                      = 2,910
--------------------------------------------------
> ----------------------------
quota_p~100k | Coefficient  Std. err.      z    P>
> |z|                                             
>         [95% con                                
>                 f. interval]
-------------+------------------------------------
> ----------------------------
        tau0 |   .0001905   .0011068     0.17   0.
> 863                                             
>        -.0019787                                
>                     .0023597
        tau1 |  -.0005162   .0013911    -0.37   0.
> 711                                             
>        -.0032426                                
>                     .0022103
        tau2 |   -.001026   .0027008    -0.38   0.
> 704                                             
>        -.0063195                                
>                     .0042675
        tau3 |  -.0009718   .0031484    -0.31   0.
> 758                                             
>        -.0071426                                
>                     .0051989
        tau4 |  -.0017253   .0033211    -0.52   0.
> 603                                             
>        -.0082346                                
>                      .004784
        tau5 |   .0012684   .0042503     0.30   0.
> 765                                             
>        -.0070621                                
>                      .009599
        pre1 |  -.0005114   .0042892    -0.12   0.
> 905                                             
>         -.008918                                
>                     .0078952
        pre2 |  -.0000976   .0040184    -0.02   0.
> 981                                             
>        -.0079735                                
>                     .0077783
        pre3 |   .0005042   .0041131     0.12   0.
> 902                                             
>        -.0075573                                
>                     .0085658
        pre4 |   .0013655   .0044683     0.31   0.
> 760                                             
>        -.0073922                                
>                     .0101231
        pre5 |   .0011869   .0044443     0.27   0.
> 789                                             
>        -.0075238                                
>                     .0098975
--------------------------------------------------
> ----------------------------

 ( 1)  pre1 = 0
 ( 2)  pre2 = 0
 ( 3)  pre3 = 0
 ( 4)  pre4 = 0
 ( 5)  pre5 = 0

           chi2(  5) =    1.95
         Prob > chi2 =    0.8563

 ( 1)  tau0 = 0
 ( 2)  tau1 = 0
 ( 3)  tau2 = 0
 ( 4)  tau3 = 0
 ( 5)  tau4 = 0
 ( 6)  tau5 = 0

           chi2(  6) =    1.51
         Prob > chi2 =    0.9591
ATT (tau0):     0.000  SE:     0.001  p =         
> .
Average post-treatment effect:    -0.000
number of observations will be reset to 11
Press any key to continue, or Break to abort
Number of observations (_N) was 0, now 11.
(0 observations deleted)
file
    /Users/hhadah/Documents/GiT/residency-medica
    > id-expansion/output/figures/201-did_quota_
    > per_100k_Rad_event_unweighted.png saved as
    PNG format
file
    /Users/hhadah/Documents/GiT/residency-medica
    > id-expansion/my_paper/figures/201-did_quot
    > a_per_100k_Rad_event_unweighted.png saved
    as PNG format

--- Outcome: unmatched_per_100k ---

                                                  
>        Number of obs                            
>                      = 2,910
--------------------------------------------------
> ----------------------------
unmatch~100k | Coefficient  Std. err.      z    P>
> |z|                                             
>         [95% con                                
>                 f. interval]
-------------+------------------------------------
> ----------------------------
        tau0 |  -.0018216   .0016827    -1.08   0.
> 279                                             
>        -.0051196                                
>                     .0014764
        tau1 |  -.0032295    .002435    -1.33   0.
> 185                                             
>         -.008002                                
>                      .001543
        tau2 |  -.0014698   .0013948    -1.05   0.
> 292                                             
>        -.0042036                                
>                      .001264
        tau3 |   .0008706   .0011755     0.74   0.
> 459                                             
>        -.0014334                                
>                     .0031746
        tau4 |   .0002548   .0011996     0.21   0.
> 832                                             
>        -.0020963                                
>                      .002606
        tau5 |   .0007723   .0014367     0.54   0.
> 591                                             
>        -.0020435                                
>                     .0035881
        pre1 |  -.0010634   .0019744    -0.54   0.
> 590                                             
>        -.0049332                                
>                     .0028064
        pre2 |   .0012174    .001512     0.81   0.
> 421                                             
>         -.001746                                
>                     .0041809
        pre3 |   .0009928   .0013204     0.75   0.
> 452                                             
>         -.001595                                
>                     .0035807
        pre4 |   .0022229   .0011849     1.88   0.
> 061                                             
>        -.0000995                                
>                     .0045452
        pre5 |   .0010036   .0013522     0.74   0.
> 458                                             
>        -.0016468                                
>                     .0036539
--------------------------------------------------
> ----------------------------

 ( 1)  pre1 = 0
 ( 2)  pre2 = 0
 ( 3)  pre3 = 0
 ( 4)  pre4 = 0
 ( 5)  pre5 = 0

           chi2(  5) =    8.61
         Prob > chi2 =    0.1255

 ( 1)  tau0 = 0
 ( 2)  tau1 = 0
 ( 3)  tau2 = 0
 ( 4)  tau3 = 0
 ( 5)  tau4 = 0
 ( 6)  tau5 = 0

           chi2(  6) =    5.06
         Prob > chi2 =    0.5358
ATT (tau0):    -0.002  SE:     0.002  p =         
> .
Average post-treatment effect:    -0.001
number of observations will be reset to 11
Press any key to continue, or Break to abort
Number of observations (_N) was 0, now 11.
(0 observations deleted)
file
    /Users/hhadah/Documents/GiT/residency-medica
    > id-expansion/output/figures/202-did_unmatc
    > hed_per_100k_Rad_event_unweighted.png
    saved as PNG format
file
    /Users/hhadah/Documents/GiT/residency-medica
    > id-expansion/my_paper/figures/202-did_unma
    > tched_per_100k_Rad_event_unweighted.png
    saved as PNG format
RadOnc

==================================================
> =======================
SPECIALTY GROUP (UNWEIGHTED): RadOnc
==================================================
> =======================

--- Outcome: quota ---

                                                  
>          Number of obs                          
>                        = 970
--------------------------------------------------
> ----------------------------
       quota | Coefficient  Std. err.      z    P>
> |z|                                             
>         [95% con                                
>                 f. interval]
-------------+------------------------------------
> ----------------------------
        tau0 |  -.2340796   .1231688    -1.90   0.
> 057                                             
>         -.475486                                
>                     .0073269
        tau1 |   .0857005   .1099897     0.78   0.
> 436                                             
>        -.1298753                                
>                     .3012762
        tau2 |   .1379317   .1265662     1.09   0.
> 276                                             
>        -.1101334                                
>                     .3859969
        tau3 |  -.0410744   .1663926    -0.25   0.
> 805                                             
>        -.3671978                                
>                     .2850491
        tau4 |  -.1835714   .1259708    -1.46   0.
> 145                                             
>        -.4304696                                
>                     .0633269
        tau5 |  -.2483276   .1700462    -1.46   0.
> 144                                             
>         -.581612                                
>                     .0849568
        pre1 |  -.5956496     .13635    -4.37   0.
> 000                                             
>        -.8628907                                
>                    -.3284084
        pre2 |  -.2638127   .1137497    -2.32   0.
> 020                                             
>        -.4867581                                
>                    -.0408674
        pre3 |  -.4120751   .1089764    -3.78   0.
> 000                                             
>         -.625665                                
>                    -.1984852
        pre4 |  -.4089602   .1119019    -3.65   0.
> 000                                             
>        -.6282839                                
>                    -.1896366
        pre5 |  -.2110659   .1413119    -1.49   0.
> 135                                             
>        -.4880321                                
>                     .0659003
--------------------------------------------------
> ----------------------------

 ( 1)  pre1 = 0
 ( 2)  pre2 = 0
 ( 3)  pre3 = 0
 ( 4)  pre4 = 0
 ( 5)  pre5 = 0

           chi2(  5) =   33.28
         Prob > chi2 =    0.0000

 ( 1)  tau0 = 0
 ( 2)  tau1 = 0
 ( 3)  tau2 = 0
 ( 4)  tau3 = 0
 ( 5)  tau4 = 0
 ( 6)  tau5 = 0

           chi2(  6) =   15.25
         Prob > chi2 =    0.0184
ATT (tau0):    -0.234  SE:     0.123  p =         
> .
Average post-treatment effect:    -0.081
number of observations will be reset to 11
Press any key to continue, or Break to abort
Number of observations (_N) was 0, now 11.
(0 observations deleted)
file
    /Users/hhadah/Documents/GiT/residency-medica
    > id-expansion/output/figures/203-did_quota_
    > RadOnc_event_unweighted.png saved as PNG
    format
file
    /Users/hhadah/Documents/GiT/residency-medica
    > id-expansion/my_paper/figures/203-did_quot
    > a_RadOnc_event_unweighted.png saved as PNG
    format

--- Outcome: matched ---

                                                  
>          Number of obs                          
>                        = 970
--------------------------------------------------
> ----------------------------
     matched | Coefficient  Std. err.      z    P>
> |z|                                             
>         [95% con                                
>                 f. interval]
-------------+------------------------------------
> ----------------------------
        tau0 |  -.1264489   .1142562    -1.11   0.
> 268                                             
>        -.3503869                                
>                     .0974891
        tau1 |   .0793639   .1168047     0.68   0.
> 497                                             
>        -.1495691                                
>                     .3082968
        tau2 |   .0920413   .1103693     0.83   0.
> 404                                             
>        -.1242786                                
>                     .3083613
        tau3 |  -.0529891   .1461645    -0.36   0.
> 717                                             
>        -.3394662                                
>                      .233488
        tau4 |  -.1650184   .1276275    -1.29   0.
> 196                                             
>        -.4151637                                
>                     .0851268
        tau5 |  -.3584666   .1317728    -2.72   0.
> 007                                             
>        -.6167365                                
>                    -.1001966
        pre1 |  -.4429427   .1277293    -3.47   0.
> 001                                             
>        -.6932875                                
>                    -.1925979
        pre2 |  -.1041029   .0999202    -1.04   0.
> 297                                             
>         -.299943                                
>                     .0917371
        pre3 |  -.3278449   .0990352    -3.31   0.
> 001                                             
>        -.5219504                                
>                    -.1337394
        pre4 |  -.2119894   .1079928    -1.96   0.
> 050                                             
>        -.4236514                                
>                    -.0003274
        pre5 |   .0126955   .1377745     0.09   0.
> 927                                             
>        -.2573375                                
>                     .2827285
--------------------------------------------------
> ----------------------------

 ( 1)  pre1 = 0
 ( 2)  pre2 = 0
 ( 3)  pre3 = 0
 ( 4)  pre4 = 0
 ( 5)  pre5 = 0

           chi2(  5) =   26.17
         Prob > chi2 =    0.0001

 ( 1)  tau0 = 0
 ( 2)  tau1 = 0
 ( 3)  tau2 = 0
 ( 4)  tau3 = 0
 ( 5)  tau4 = 0
 ( 6)  tau5 = 0

           chi2(  6) =   17.37
         Prob > chi2 =    0.0080
ATT (tau0):    -0.126  SE:     0.114  p =         
> .
Average post-treatment effect:    -0.089
number of observations will be reset to 11
Press any key to continue, or Break to abort
Number of observations (_N) was 0, now 11.
(0 observations deleted)
file
    /Users/hhadah/Documents/GiT/residency-medica
    > id-expansion/output/figures/204-did_matche
    > d_RadOnc_event_unweighted.png saved as PNG
    format
file
    /Users/hhadah/Documents/GiT/residency-medica
    > id-expansion/my_paper/figures/204-did_matc
    > hed_RadOnc_event_unweighted.png saved as
    PNG format

--- Outcome: unmatched ---

                                                  
>          Number of obs                          
>                        = 970
--------------------------------------------------
> ----------------------------
   unmatched | Coefficient  Std. err.      z    P>
> |z|                                             
>         [95% con                                
>                 f. interval]
-------------+------------------------------------
> ----------------------------
        tau0 |  -.1076307   .0575935    -1.87   0.
> 062                                             
>         -.220512                                
>                     .0052506
        tau1 |   .0063367   .0735109     0.09   0.
> 931                                             
>        -.1377421                                
>                     .1504154
        tau2 |   .0458904   .0324739     1.41   0.
> 158                                             
>        -.0177574                                
>                     .1095382
        tau3 |   .0119148   .0862552     0.14   0.
> 890                                             
>        -.1571422                                
>                     .1809718
        tau4 |  -.0185529   .0577136    -0.32   0.
> 748                                             
>        -.1316695                                
>                     .0945636
        tau5 |    .110139   .1564949     0.70   0.
> 482                                             
>        -.1965855                                
>                     .4168634
        pre1 |  -.1527069    .046374    -3.29   0.
> 001                                             
>        -.2435983                                
>                    -.0618155
        pre2 |  -.1597098   .0498687    -3.20   0.
> 001                                             
>        -.2574507                                
>                    -.0619689
        pre3 |  -.0842302   .0573228    -1.47   0.
> 142                                             
>        -.1965809                                
>                     .0281205
        pre4 |  -.1969709   .0511829    -3.85   0.
> 000                                             
>        -.2972875                                
>                    -.0966542
        pre5 |  -.2237614    .044311    -5.05   0.
> 000                                             
>        -.3106093                                
>                    -.1369134
--------------------------------------------------
> ----------------------------

 ( 1)  pre1 = 0
 ( 2)  pre2 = 0
 ( 3)  pre3 = 0
 ( 4)  pre4 = 0
 ( 5)  pre5 = 0

           chi2(  5) =   44.09
         Prob > chi2 =    0.0000

 ( 1)  tau0 = 0
 ( 2)  tau1 = 0
 ( 3)  tau2 = 0
 ( 4)  tau3 = 0
 ( 5)  tau4 = 0
 ( 6)  tau5 = 0

           chi2(  6) =    9.75
         Prob > chi2 =    0.1355
ATT (tau0):    -0.108  SE:     0.058  p =         
> .
Average post-treatment effect:     0.008
number of observations will be reset to 11
Press any key to continue, or Break to abort
Number of observations (_N) was 0, now 11.
(0 observations deleted)
file
    /Users/hhadah/Documents/GiT/residency-medica
    > id-expansion/output/figures/205-did_unmatc
    > hed_RadOnc_event_unweighted.png saved as
    PNG format
file
    /Users/hhadah/Documents/GiT/residency-medica
    > id-expansion/my_paper/figures/205-did_unma
    > tched_RadOnc_event_unweighted.png saved as
    PNG format

--- Outcome: matched_per_100k ---

                                                  
>          Number of obs                          
>                        = 970
--------------------------------------------------
> ----------------------------
matched~100k | Coefficient  Std. err.      z    P>
> |z|                                             
>         [95% con                                
>                 f. interval]
-------------+------------------------------------
> ----------------------------
        tau0 |  -.0029303   .0021636    -1.35   0.
> 176                                             
>         -.007171                                
>                     .0013104
        tau1 |   .0013889   .0029344     0.47   0.
> 636                                             
>        -.0043623                                
>                     .0071401
        tau2 |   -.002802    .002692    -1.04   0.
> 298                                             
>        -.0080783                                
>                     .0024742
        tau3 |   -.002065   .0029644    -0.70   0.
> 486                                             
>        -.0078751                                
>                      .003745
        tau4 |  -.0051496   .0041981    -1.23   0.
> 220                                             
>        -.0133778                                
>                     .0030786
        tau5 |  -.0050583   .0027662    -1.83   0.
> 067                                             
>        -.0104799                                
>                     .0003633
        pre1 |  -.0067313   .0032608    -2.06   0.
> 039                                             
>        -.0131223                                
>                    -.0003402
        pre2 |  -.0041596   .0023647    -1.76   0.
> 079                                             
>        -.0087944                                
>                     .0004752
        pre3 |  -.0049719   .0030295    -1.64   0.
> 101                                             
>        -.0109097                                
>                     .0009658
        pre4 |  -.0043448   .0026055    -1.67   0.
> 095                                             
>        -.0094516                                
>                     .0007619
        pre5 |   -.000049   .0023355    -0.02   0.
> 983                                             
>        -.0046265                                
>                     .0045286
--------------------------------------------------
> ----------------------------

 ( 1)  pre1 = 0
 ( 2)  pre2 = 0
 ( 3)  pre3 = 0
 ( 4)  pre4 = 0
 ( 5)  pre5 = 0

           chi2(  5) =    6.34
         Prob > chi2 =    0.2746

 ( 1)  tau0 = 0
 ( 2)  tau1 = 0
 ( 3)  tau2 = 0
 ( 4)  tau3 = 0
 ( 5)  tau4 = 0
 ( 6)  tau5 = 0

           chi2(  6) =    4.73
         Prob > chi2 =    0.5789
ATT (tau0):    -0.003  SE:     0.002  p =         
> .
Average post-treatment effect:    -0.003
number of observations will be reset to 11
Press any key to continue, or Break to abort
Number of observations (_N) was 0, now 11.
(0 observations deleted)
file
    /Users/hhadah/Documents/GiT/residency-medica
    > id-expansion/output/figures/206-did_matche
    > d_per_100k_RadOnc_event_unweighted.png
    saved as PNG format
file
    /Users/hhadah/Documents/GiT/residency-medica
    > id-expansion/my_paper/figures/206-did_matc
    > hed_per_100k_RadOnc_event_unweighted.png
    saved as PNG format

--- Outcome: quota_per_100k ---

                                                  
>          Number of obs                          
>                        = 970
--------------------------------------------------
> ----------------------------
quota_p~100k | Coefficient  Std. err.      z    P>
> |z|                                             
>         [95% con                                
>                 f. interval]
-------------+------------------------------------
> ----------------------------
        tau0 |  -.0038751   .0022378    -1.73   0.
> 083                                             
>         -.008261                                
>                     .0005109
        tau1 |   .0000529   .0026404     0.02   0.
> 984                                             
>        -.0051222                                
>                      .005228
        tau2 |  -.0022402   .0026243    -0.85   0.
> 393                                             
>        -.0073838                                
>                     .0029034
        tau3 |  -.0017476   .0043875    -0.40   0.
> 690                                             
>        -.0103469                                
>                     .0068518
        tau4 |  -.0054814   .0041645    -1.32   0.
> 188                                             
>        -.0136437                                
>                     .0026809
        tau5 |   -.003777    .005049    -0.75   0.
> 454                                             
>        -.0136728                                
>                     .0061189
        pre1 |  -.0088855   .0037368    -2.38   0.
> 017                                             
>        -.0162095                                
>                    -.0015615
        pre2 |  -.0066391   .0030105    -2.21   0.
> 027                                             
>        -.0125396                                
>                    -.0007385
        pre3 |  -.0061041   .0031836    -1.92   0.
> 055                                             
>         -.012344                                
>                     .0001357
        pre4 |  -.0066645    .002643    -2.52   0.
> 012                                             
>        -.0118448                                
>                    -.0014843
        pre5 |  -.0027625   .0024719    -1.12   0.
> 264                                             
>        -.0076074                                
>                     .0020824
--------------------------------------------------
> ----------------------------

 ( 1)  pre1 = 0
 ( 2)  pre2 = 0
 ( 3)  pre3 = 0
 ( 4)  pre4 = 0
 ( 5)  pre5 = 0

           chi2(  5) =    8.78
         Prob > chi2 =    0.1181

 ( 1)  tau0 = 0
 ( 2)  tau1 = 0
 ( 3)  tau2 = 0
 ( 4)  tau3 = 0
 ( 5)  tau4 = 0
 ( 6)  tau5 = 0

           chi2(  6) =    4.52
         Prob > chi2 =    0.6068
ATT (tau0):    -0.004  SE:     0.002  p =         
> .
Average post-treatment effect:    -0.003
number of observations will be reset to 11
Press any key to continue, or Break to abort
Number of observations (_N) was 0, now 11.
(0 observations deleted)
file
    /Users/hhadah/Documents/GiT/residency-medica
    > id-expansion/output/figures/207-did_quota_
    > per_100k_RadOnc_event_unweighted.png saved
    as PNG format
file
    /Users/hhadah/Documents/GiT/residency-medica
    > id-expansion/my_paper/figures/207-did_quot
    > a_per_100k_RadOnc_event_unweighted.png
    saved as PNG format

--- Outcome: unmatched_per_100k ---

                                                  
>          Number of obs                          
>                        = 970
--------------------------------------------------
> ----------------------------
unmatch~100k | Coefficient  Std. err.      z    P>
> |z|                                             
>         [95% con                                
>                 f. interval]
-------------+------------------------------------
> ----------------------------
        tau0 |  -.0009447   .0009978    -0.95   0.
> 344                                             
>        -.0029004                                
>                     .0010109
        tau1 |   -.001336   .0020455    -0.65   0.
> 514                                             
>        -.0053451                                
>                     .0026732
        tau2 |   .0005619   .0007856     0.72   0.
> 474                                             
>        -.0009779                                
>                     .0021016
        tau3 |   .0003175   .0028941     0.11   0.
> 913                                             
>        -.0053549                                
>                     .0059899
        tau4 |  -.0003318   .0009088    -0.37   0.
> 715                                             
>         -.002113                                
>                     .0014494
        tau5 |   .0012814   .0045162     0.28   0.
> 777                                             
>        -.0075703                                
>                      .010133
        pre1 |  -.0021543   .0011229    -1.92   0.
> 055                                             
>        -.0043552                                
>                     .0000467
        pre2 |  -.0024794   .0014074    -1.76   0.
> 078                                             
>         -.005238                                
>                     .0002791
        pre3 |  -.0011322   .0014368    -0.79   0.
> 431                                             
>        -.0039484                                
>                      .001684
        pre4 |  -.0023197   .0011821    -1.96   0.
> 050                                             
>        -.0046365                                
>                    -2.86e-06
        pre5 |  -.0027135   .0008851    -3.07   0.
> 002                                             
>        -.0044483                                
>                    -.0009787
--------------------------------------------------
> ----------------------------

 ( 1)  pre1 = 0
 ( 2)  pre2 = 0
 ( 3)  pre3 = 0
 ( 4)  pre4 = 0
 ( 5)  pre5 = 0

           chi2(  5) =   20.16
         Prob > chi2 =    0.0012

 ( 1)  tau0 = 0
 ( 2)  tau1 = 0
 ( 3)  tau2 = 0
 ( 4)  tau3 = 0
 ( 5)  tau4 = 0
 ( 6)  tau5 = 0

           chi2(  6) =    3.68
         Prob > chi2 =    0.7204
ATT (tau0):    -0.001  SE:     0.001  p =         
> .
Average post-treatment effect:    -0.000
number of observations will be reset to 11
Press any key to continue, or Break to abort
Number of observations (_N) was 0, now 11.
(0 observations deleted)
file
    /Users/hhadah/Documents/GiT/residency-medica
    > id-expansion/output/figures/208-did_unmatc
    > hed_per_100k_RadOnc_event_unweighted.png
    saved as PNG format
file
    /Users/hhadah/Documents/GiT/residency-medica
    > id-expansion/my_paper/figures/208-did_unma
    > tched_per_100k_RadOnc_event_unweighted.png
    saved as PNG format
Surg

==================================================
> =======================
SPECIALTY GROUP (UNWEIGHTED): Surg
==================================================
> =======================

--- Outcome: quota ---

                                                  
>        Number of obs                            
>                      = 7,750
--------------------------------------------------
> ----------------------------
       quota | Coefficient  Std. err.      z    P>
> |z|                                             
>         [95% con                                
>                 f. interval]
-------------+------------------------------------
> ----------------------------
        tau0 |  -.1669024    .077556    -2.15   0.
> 031                                             
>        -.3189094                                
>                    -.0148955
        tau1 |  -.2954861   .1098435    -2.69   0.
> 007                                             
>        -.5107755                                
>                    -.0801968
        tau2 |   -.354873   .1327948    -2.67   0.
> 008                                             
>        -.6151461                                
>                    -.0945999
        tau3 |  -.4841503   .1604549    -3.02   0.
> 003                                             
>        -.7986362                                
>                    -.1696645
        tau4 |  -.4906023     .21787    -2.25   0.
> 024                                             
>        -.9176197                                
>                    -.0635848
        tau5 |  -.5053954   .2780334    -1.82   0.
> 069                                             
>        -1.050331                                
>                       .03954
        pre1 |  -.4984765   .2182608    -2.28   0.
> 022                                             
>        -.9262598                                
>                    -.0706932
        pre2 |   -.439179    .202487    -2.17   0.
> 030                                             
>        -.8360462                                
>                    -.0423117
        pre3 |  -.3443934   .1787814    -1.93   0.
> 054                                             
>        -.6947986                                
>                     .0060117
        pre4 |  -.3223861   .1873327    -1.72   0.
> 085                                             
>        -.6895514                                
>                     .0447793
        pre5 |  -.3344981   .1727695    -1.94   0.
> 053                                             
>          -.67312                                
>                     .0041239
--------------------------------------------------
> ----------------------------

 ( 1)  pre1 = 0
 ( 2)  pre2 = 0
 ( 3)  pre3 = 0
 ( 4)  pre4 = 0
 ( 5)  pre5 = 0

           chi2(  5) =    8.05
         Prob > chi2 =    0.1533

 ( 1)  tau0 = 0
 ( 2)  tau1 = 0
 ( 3)  tau2 = 0
 ( 4)  tau3 = 0
 ( 5)  tau4 = 0
 ( 6)  tau5 = 0

           chi2(  6) =   14.18
         Prob > chi2 =    0.0277
ATT (tau0):    -0.167  SE:     0.078  p =         
> .
Average post-treatment effect:    -0.383
number of observations will be reset to 11
Press any key to continue, or Break to abort
Number of observations (_N) was 0, now 11.
(0 observations deleted)
file
    /Users/hhadah/Documents/GiT/residency-medica
    > id-expansion/output/figures/209-did_quota_
    > Surg_event_unweighted.png saved as PNG
    format
file
    /Users/hhadah/Documents/GiT/residency-medica
    > id-expansion/my_paper/figures/209-did_quot
    > a_Surg_event_unweighted.png saved as PNG
    format

--- Outcome: matched ---

                                                  
>        Number of obs                            
>                      = 7,750
--------------------------------------------------
> ----------------------------
     matched | Coefficient  Std. err.      z    P>
> |z|                                             
>         [95% con                                
>                 f. interval]
-------------+------------------------------------
> ----------------------------
        tau0 |  -.1436452   .0892384    -1.61   0.
> 107                                             
>        -.3185491                                
>                     .0312588
        tau1 |  -.1963573   .1038904    -1.89   0.
> 059                                             
>        -.3999787                                
>                      .007264
        tau2 |  -.2463616   .1276064    -1.93   0.
> 054                                             
>        -.4964655                                
>                     .0037424
        tau3 |     -.3921   .1410126    -2.78   0.
> 005                                             
>        -.6684796                                
>                    -.1157203
        tau4 |  -.3981976   .1788456    -2.23   0.
> 026                                             
>        -.7487285                                
>                    -.0476667
        tau5 |  -.3740739   .2376002    -1.57   0.
> 115                                             
>        -.8397618                                
>                     .0916139
        pre1 |  -.2388549   .1893806    -1.26   0.
> 207                                             
>         -.610034                                
>                     .1323241
        pre2 |  -.2545614   .1686393    -1.51   0.
> 131                                             
>        -.5850883                                
>                     .0759655
        pre3 |  -.1852664   .1344912    -1.38   0.
> 168                                             
>        -.4488644                                
>                     .0783315
        pre4 |  -.2701888   .1456867    -1.85   0.
> 064                                             
>        -.5557295                                
>                     .0153519
        pre5 |    -.22492   .1438648    -1.56   0.
> 118                                             
>        -.5068898                                
>                     .0570497
--------------------------------------------------
> ----------------------------

 ( 1)  pre1 = 0
 ( 2)  pre2 = 0
 ( 3)  pre3 = 0
 ( 4)  pre4 = 0
 ( 5)  pre5 = 0

           chi2(  5) =    4.31
         Prob > chi2 =    0.5063

 ( 1)  tau0 = 0
 ( 2)  tau1 = 0
 ( 3)  tau2 = 0
 ( 4)  tau3 = 0
 ( 5)  tau4 = 0
 ( 6)  tau5 = 0

           chi2(  6) =   14.52
         Prob > chi2 =    0.0243
ATT (tau0):    -0.144  SE:     0.089  p =         
> .
Average post-treatment effect:    -0.292
number of observations will be reset to 11
Press any key to continue, or Break to abort
Number of observations (_N) was 0, now 11.
(0 observations deleted)
file
    /Users/hhadah/Documents/GiT/residency-medica
    > id-expansion/output/figures/210-did_matche
    > d_Surg_event_unweighted.png saved as PNG
    format
file
    /Users/hhadah/Documents/GiT/residency-medica
    > id-expansion/my_paper/figures/210-did_matc
    > hed_Surg_event_unweighted.png saved as PNG
    format

--- Outcome: unmatched ---

                                                  
>        Number of obs                            
>                      = 7,750
--------------------------------------------------
> ----------------------------
   unmatched | Coefficient  Std. err.      z    P>
> |z|                                             
>         [95% con                                
>                 f. interval]
-------------+------------------------------------
> ----------------------------
        tau0 |  -.0232572   .0717428    -0.32   0.
> 746                                             
>        -.1638704                                
>                     .1173561
        tau1 |  -.0991288   .0839685    -1.18   0.
> 238                                             
>        -.2637041                                
>                     .0654465
        tau2 |  -.1085115   .0784287    -1.38   0.
> 166                                             
>        -.2622289                                
>                     .0452059
        tau3 |  -.0920504   .1029502    -0.89   0.
> 371                                             
>         -.293829                                
>                     .1097283
        tau4 |  -.0924048   .0750322    -1.23   0.
> 218                                             
>        -.2394652                                
>                     .0546557
        tau5 |  -.1313216   .0980262    -1.34   0.
> 180                                             
>        -.3234495                                
>                     .0608062
        pre1 |  -.2596216   .1326557    -1.96   0.
> 050                                             
>         -.519622                                
>                     .0003788
        pre2 |  -.1846175    .101668    -1.82   0.
> 069                                             
>        -.3838832                                
>                     .0146481
        pre3 |   -.159127   .0865266    -1.84   0.
> 066                                             
>        -.3287159                                
>                     .0104619
        pre4 |  -.0521972   .0716161    -0.73   0.
> 466                                             
>        -.1925622                                
>                     .0881677
        pre5 |   -.109578   .0392644    -2.79   0.
> 005                                             
>        -.1865349                                
>                    -.0326212
--------------------------------------------------
> ----------------------------

 ( 1)  pre1 = 0
 ( 2)  pre2 = 0
 ( 3)  pre3 = 0
 ( 4)  pre4 = 0
 ( 5)  pre5 = 0

           chi2(  5) =   27.67
         Prob > chi2 =    0.0000

 ( 1)  tau0 = 0
 ( 2)  tau1 = 0
 ( 3)  tau2 = 0
 ( 4)  tau3 = 0
 ( 5)  tau4 = 0
 ( 6)  tau5 = 0

           chi2(  6) =    6.40
         Prob > chi2 =    0.3802
ATT (tau0):    -0.023  SE:     0.072  p =         
> .
Average post-treatment effect:    -0.091
number of observations will be reset to 11
Press any key to continue, or Break to abort
Number of observations (_N) was 0, now 11.
(0 observations deleted)
file
    /Users/hhadah/Documents/GiT/residency-medica
    > id-expansion/output/figures/211-did_unmatc
    > hed_Surg_event_unweighted.png saved as PNG
    format
file
    /Users/hhadah/Documents/GiT/residency-medica
    > id-expansion/my_paper/figures/211-did_unma
    > tched_Surg_event_unweighted.png saved as
    PNG format

--- Outcome: matched_per_100k ---

                                                  
>        Number of obs                            
>                      = 7,750
--------------------------------------------------
> ----------------------------
matched~100k | Coefficient  Std. err.      z    P>
> |z|                                             
>         [95% con                                
>                 f. interval]
-------------+------------------------------------
> ----------------------------
        tau0 |  -.0024177   .0018937    -1.28   0.
> 202                                             
>        -.0061293                                
>                     .0012938
        tau1 |  -.0031203   .0026266    -1.19   0.
> 235                                             
>        -.0082682                                
>                     .0020277
        tau2 |  -.0042341   .0024612    -1.72   0.
> 085                                             
>         -.009058                                
>                     .0005898
        tau3 |  -.0029102   .0030324    -0.96   0.
> 337                                             
>        -.0088536                                
>                     .0030332
        tau4 |  -.0026722   .0033079    -0.81   0.
> 419                                             
>        -.0091556                                
>                     .0038111
        tau5 |   -.001078    .003559    -0.30   0.
> 762                                             
>        -.0080535                                
>                     .0058975
        pre1 |   .0000385   .0048365     0.01   0.
> 994                                             
>        -.0094408                                
>                     .0095179
        pre2 |  -.0006207   .0046854    -0.13   0.
> 895                                             
>        -.0098039                                
>                     .0085625
        pre3 |   .0011446   .0046752     0.24   0.
> 807                                             
>        -.0080186                                
>                     .0103079
        pre4 |  -.0005198   .0048369    -0.11   0.
> 914                                             
>        -.0099999                                
>                     .0089603
        pre5 |   .0006467   .0043472     0.15   0.
> 882                                             
>        -.0078737                                
>                     .0091672
--------------------------------------------------
> ----------------------------

 ( 1)  pre1 = 0
 ( 2)  pre2 = 0
 ( 3)  pre3 = 0
 ( 4)  pre4 = 0
 ( 5)  pre5 = 0

           chi2(  5) =    3.15
         Prob > chi2 =    0.6763

 ( 1)  tau0 = 0
 ( 2)  tau1 = 0
 ( 3)  tau2 = 0
 ( 4)  tau3 = 0
 ( 5)  tau4 = 0
 ( 6)  tau5 = 0

           chi2(  6) =    3.58
         Prob > chi2 =    0.7333
ATT (tau0):    -0.002  SE:     0.002  p =         
> .
Average post-treatment effect:    -0.003
number of observations will be reset to 11
Press any key to continue, or Break to abort
Number of observations (_N) was 0, now 11.
(0 observations deleted)
file
    /Users/hhadah/Documents/GiT/residency-medica
    > id-expansion/output/figures/212-did_matche
    > d_per_100k_Surg_event_unweighted.png saved
    as PNG format
file
    /Users/hhadah/Documents/GiT/residency-medica
    > id-expansion/my_paper/figures/212-did_matc
    > hed_per_100k_Surg_event_unweighted.png
    saved as PNG format

--- Outcome: quota_per_100k ---

                                                  
>        Number of obs                            
>                      = 7,750
--------------------------------------------------
> ----------------------------
quota_p~100k | Coefficient  Std. err.      z    P>
> |z|                                             
>         [95% con                                
>                 f. interval]
-------------+------------------------------------
> ----------------------------
        tau0 |  -.0035766   .0019198    -1.86   0.
> 062                                             
>        -.0073393                                
>                     .0001862
        tau1 |  -.0054889   .0026364    -2.08   0.
> 037                                             
>        -.0106562                                
>                    -.0003216
        tau2 |  -.0069002    .002918    -2.36   0.
> 018                                             
>        -.0126195                                
>                     -.001181
        tau3 |  -.0061004   .0030932    -1.97   0.
> 049                                             
>        -.0121629                                
>                    -.0000379
        tau4 |  -.0060535   .0034271    -1.77   0.
> 077                                             
>        -.0127705                                
>                     .0006634
        tau5 |  -.0051759   .0040746    -1.27   0.
> 204                                             
>        -.0131621                                
>                     .0028103
        pre1 |  -.0023501   .0063829    -0.37   0.
> 713                                             
>        -.0148604                                
>                     .0101601
        pre2 |  -.0014957   .0061843    -0.24   0.
> 809                                             
>        -.0136168                                
>                     .0106254
        pre3 |  -.0001869   .0060705    -0.03   0.
> 975                                             
>        -.0120848                                
>                     .0117111
        pre4 |  -.0003222   .0059462    -0.05   0.
> 957                                             
>        -.0119765                                
>                     .0113321
        pre5 |  -.0004693   .0049541    -0.09   0.
> 925                                             
>        -.0101791                                
>                     .0092405
--------------------------------------------------
> ----------------------------

 ( 1)  pre1 = 0
 ( 2)  pre2 = 0
 ( 3)  pre3 = 0
 ( 4)  pre4 = 0
 ( 5)  pre5 = 0

           chi2(  5) =    3.28
         Prob > chi2 =    0.6570

 ( 1)  tau0 = 0
 ( 2)  tau1 = 0
 ( 3)  tau2 = 0
 ( 4)  tau3 = 0
 ( 5)  tau4 = 0
 ( 6)  tau5 = 0

           chi2(  6) =    6.14
         Prob > chi2 =    0.4080
ATT (tau0):    -0.004  SE:     0.002  p =         
> .
Average post-treatment effect:    -0.006
number of observations will be reset to 11
Press any key to continue, or Break to abort
Number of observations (_N) was 0, now 11.
(0 observations deleted)
file
    /Users/hhadah/Documents/GiT/residency-medica
    > id-expansion/output/figures/213-did_quota_
    > per_100k_Surg_event_unweighted.png saved
    as PNG format
file
    /Users/hhadah/Documents/GiT/residency-medica
    > id-expansion/my_paper/figures/213-did_quot
    > a_per_100k_Surg_event_unweighted.png saved
    as PNG format

--- Outcome: unmatched_per_100k ---

                                                  
>        Number of obs                            
>                      = 7,750
--------------------------------------------------
> ----------------------------
unmatch~100k | Coefficient  Std. err.      z    P>
> |z|                                             
>         [95% con                                
>                 f. interval]
-------------+------------------------------------
> ----------------------------
        tau0 |  -.0011588    .001483    -0.78   0.
> 435                                             
>        -.0040655                                
>                     .0017478
        tau1 |  -.0023687   .0017122    -1.38   0.
> 167                                             
>        -.0057245                                
>                     .0009872
        tau2 |  -.0026661   .0018706    -1.43   0.
> 154                                             
>        -.0063324                                
>                     .0010002
        tau3 |  -.0031902     .00208    -1.53   0.
> 125                                             
>        -.0072668                                
>                     .0008865
        tau4 |  -.0033813   .0018715    -1.81   0.
> 071                                             
>        -.0070494                                
>                     .0002868
        tau5 |  -.0040979   .0023296    -1.76   0.
> 079                                             
>        -.0086637                                
>                     .0004679
        pre1 |  -.0023886   .0023326    -1.02   0.
> 306                                             
>        -.0069605                                
>                     .0021832
        pre2 |   -.000875   .0019904    -0.44   0.
> 660                                             
>        -.0047761                                
>                     .0030261
        pre3 |  -.0013315   .0016738    -0.80   0.
> 426                                             
>         -.004612                                
>                     .0019491
        pre4 |   .0001975   .0015343     0.13   0.
> 898                                             
>        -.0028097                                
>                     .0032048
        pre5 |   -.001116   .0007295    -1.53   0.
> 126                                             
>        -.0025459                                
>                     .0003138
--------------------------------------------------
> ----------------------------

 ( 1)  pre1 = 0
 ( 2)  pre2 = 0
 ( 3)  pre3 = 0
 ( 4)  pre4 = 0
 ( 5)  pre5 = 0

           chi2(  5) =    6.38
         Prob > chi2 =    0.2713

 ( 1)  tau0 = 0
 ( 2)  tau1 = 0
 ( 3)  tau2 = 0
 ( 4)  tau3 = 0
 ( 5)  tau4 = 0
 ( 6)  tau5 = 0

           chi2(  6) =    4.30
         Prob > chi2 =    0.6368
ATT (tau0):    -0.001  SE:     0.001  p =         
> .
Average post-treatment effect:    -0.003
number of observations will be reset to 11
Press any key to continue, or Break to abort
Number of observations (_N) was 0, now 11.
(0 observations deleted)
file
    /Users/hhadah/Documents/GiT/residency-medica
    > id-expansion/output/figures/214-did_unmatc
    > hed_per_100k_Surg_event_unweighted.png
    saved as PNG format
file
    /Users/hhadah/Documents/GiT/residency-medica
    > id-expansion/my_paper/figures/214-did_unma
    > tched_per_100k_Surg_event_unweighted.png
    saved as PNG format
TY

==================================================
> =======================
SPECIALTY GROUP (UNWEIGHTED): TY
==================================================
> =======================

--- Outcome: quota ---

                                                  
>        Number of obs                            
>                      = 1,630
--------------------------------------------------
> ----------------------------
       quota | Coefficient  Std. err.      z    P>
> |z|                                             
>         [95% con                                
>                 f. interval]
-------------+------------------------------------
> ----------------------------
        tau0 |   -.272487   .2438289    -1.12   0.
> 264                                             
>        -.7503829                                
>                      .205409
        tau1 |   .0507479   .3266026     0.16   0.
> 877                                             
>        -.5893813                                
>                     .6908772
        tau2 |  -.4376967   .5756115    -0.76   0.
> 447                                             
>        -1.565875                                
>                     .6904812
        tau3 |  -1.798482   1.196559    -1.50   0.
> 133                                             
>        -4.143694                                
>                     .5467305
        tau4 |  -2.993097   2.039684    -1.47   0.
> 142                                             
>        -6.990805                                
>                      1.00461
        tau5 |  -3.633462   2.727838    -1.33   0.
> 183                                             
>        -8.979926                                
>                     1.713002
        pre1 |  -1.828073   1.020949    -1.79   0.
> 073                                             
>        -3.829096                                
>                     .1729499
        pre2 |  -1.704392   .9323306    -1.83   0.
> 068                                             
>        -3.531727                                
>                     .1229419
        pre3 |   -2.14058   .8177133    -2.62   0.
> 009                                             
>        -3.743269                                
>                    -.5378915
        pre4 |  -2.228502   .6850486    -3.25   0.
> 001                                             
>        -3.571173                                
>                    -.8858317
        pre5 |  -1.711493   .5889421    -2.91   0.
> 004                                             
>        -2.865798                                
>                    -.5571872
--------------------------------------------------
> ----------------------------

 ( 1)  pre1 = 0
 ( 2)  pre2 = 0
 ( 3)  pre3 = 0
 ( 4)  pre4 = 0
 ( 5)  pre5 = 0

           chi2(  5) =   34.50
         Prob > chi2 =    0.0000

 ( 1)  tau0 = 0
 ( 2)  tau1 = 0
 ( 3)  tau2 = 0
 ( 4)  tau3 = 0
 ( 5)  tau4 = 0
 ( 6)  tau5 = 0

           chi2(  6) =   10.90
         Prob > chi2 =    0.0916
ATT (tau0):    -0.272  SE:     0.244  p =         
> .
Average post-treatment effect:    -1.514
number of observations will be reset to 11
Press any key to continue, or Break to abort
Number of observations (_N) was 0, now 11.
(0 observations deleted)
file
    /Users/hhadah/Documents/GiT/residency-medica
    > id-expansion/output/figures/215-did_quota_
    > TY_event_unweighted.png saved as PNG
    format
file
    /Users/hhadah/Documents/GiT/residency-medica
    > id-expansion/my_paper/figures/215-did_quot
    > a_TY_event_unweighted.png saved as PNG
    format

--- Outcome: matched ---

                                                  
>        Number of obs                            
>                      = 1,630
--------------------------------------------------
> ----------------------------
     matched | Coefficient  Std. err.      z    P>
> |z|                                             
>         [95% con                                
>                 f. interval]
-------------+------------------------------------
> ----------------------------
        tau0 |   -.200664   .2454256    -0.82   0.
> 414                                             
>        -.6816894                                
>                     .2803614
        tau1 |  -.0624197   .3697298    -0.17   0.
> 866                                             
>        -.7870767                                
>                     .6622374
        tau2 |  -.3903726   .5655636    -0.69   0.
> 490                                             
>        -1.498857                                
>                     .7181116
        tau3 |  -1.780138    1.15265    -1.54   0.
> 122                                             
>         -4.03929                                
>                     .4790138
        tau4 |  -2.347069   1.698688    -1.38   0.
> 167                                             
>        -5.676436                                
>                      .982298
        tau5 |  -2.611327    2.36026    -1.11   0.
> 269                                             
>        -7.237352                                
>                     2.014698
        pre1 |   -1.65347   .9406535    -1.76   0.
> 079                                             
>        -3.497117                                
>                     .1901769
        pre2 |  -1.587913   .8718031    -1.82   0.
> 069                                             
>        -3.296616                                
>                       .12079
        pre3 |    -2.0102   .7513274    -2.68   0.
> 007                                             
>        -3.482775                                
>                    -.5376251
        pre4 |   -1.99817   .6265311    -3.19   0.
> 001                                             
>        -3.226148                                
>                    -.7701915
        pre5 |   -1.51585   .5430539    -2.79   0.
> 005                                             
>        -2.580217                                
>                    -.4514844
--------------------------------------------------
> ----------------------------

 ( 1)  pre1 = 0
 ( 2)  pre2 = 0
 ( 3)  pre3 = 0
 ( 4)  pre4 = 0
 ( 5)  pre5 = 0

           chi2(  5) =   17.65
         Prob > chi2 =    0.0034

 ( 1)  tau0 = 0
 ( 2)  tau1 = 0
 ( 3)  tau2 = 0
 ( 4)  tau3 = 0
 ( 5)  tau4 = 0
 ( 6)  tau5 = 0

           chi2(  6) =    7.49
         Prob > chi2 =    0.2783
ATT (tau0):    -0.201  SE:     0.245  p =         
> .
Average post-treatment effect:    -1.232
number of observations will be reset to 11
Press any key to continue, or Break to abort
Number of observations (_N) was 0, now 11.
(0 observations deleted)
file
    /Users/hhadah/Documents/GiT/residency-medica
    > id-expansion/output/figures/216-did_matche
    > d_TY_event_unweighted.png saved as PNG
    format
file
    /Users/hhadah/Documents/GiT/residency-medica
    > id-expansion/my_paper/figures/216-did_matc
    > hed_TY_event_unweighted.png saved as PNG
    format

--- Outcome: unmatched ---

                                                  
>        Number of obs                            
>                      = 1,630
--------------------------------------------------
> ----------------------------
   unmatched | Coefficient  Std. err.      z    P>
> |z|                                             
>         [95% con                                
>                 f. interval]
-------------+------------------------------------
> ----------------------------
        tau0 |   -.071823    .079984    -0.90   0.
> 369                                             
>        -.2285888                                
>                     .0849427
        tau1 |   .1131677   .1683985     0.67   0.
> 502                                             
>        -.2168873                                
>                     .4432226
        tau2 |  -.0473239   .0771684    -0.61   0.
> 540                                             
>        -.1985712                                
>                     .1039234
        tau3 |  -.0183437   .0905411    -0.20   0.
> 839                                             
>        -.1958009                                
>                     .1591135
        tau4 |  -.6460283   .3790141    -1.70   0.
> 088                                             
>        -1.388882                                
>                     .0968256
        tau5 |  -1.022135     .55131    -1.85   0.
> 064                                             
>        -2.102682                                
>                      .058413
        pre1 |  -.1746032   .0960641    -1.82   0.
> 069                                             
>        -.3628854                                
>                      .013679
        pre2 |  -.1164797   .0995341    -1.17   0.
> 242                                             
>         -.311563                                
>                     .0786036
        pre3 |  -.1303802   .0982992    -1.33   0.
> 185                                             
>        -.3230432                                
>                     .0622828
        pre4 |  -.2303323   .0807254    -2.85   0.
> 004                                             
>        -.3885511                                
>                    -.0721135
        pre5 |  -.1956421   .0780547    -2.51   0.
> 012                                             
>        -.3486266                                
>                    -.0426577
--------------------------------------------------
> ----------------------------

 ( 1)  pre1 = 0
 ( 2)  pre2 = 0
 ( 3)  pre3 = 0
 ( 4)  pre4 = 0
 ( 5)  pre5 = 0

           chi2(  5) =   13.18
         Prob > chi2 =    0.0217

 ( 1)  tau0 = 0
 ( 2)  tau1 = 0
 ( 3)  tau2 = 0
 ( 4)  tau3 = 0
 ( 5)  tau4 = 0
 ( 6)  tau5 = 0

           chi2(  6) =    6.66
         Prob > chi2 =    0.3532
ATT (tau0):    -0.072  SE:     0.080  p =         
> .
Average post-treatment effect:    -0.282
number of observations will be reset to 11
Press any key to continue, or Break to abort
Number of observations (_N) was 0, now 11.
(0 observations deleted)
file
    /Users/hhadah/Documents/GiT/residency-medica
    > id-expansion/output/figures/217-did_unmatc
    > hed_TY_event_unweighted.png saved as PNG
    format
file
    /Users/hhadah/Documents/GiT/residency-medica
    > id-expansion/my_paper/figures/217-did_unma
    > tched_TY_event_unweighted.png saved as PNG
    format

--- Outcome: matched_per_100k ---

                                                  
>        Number of obs                            
>                      = 1,630
--------------------------------------------------
> ----------------------------
matched~100k | Coefficient  Std. err.      z    P>
> |z|                                             
>         [95% con                                
>                 f. interval]
-------------+------------------------------------
> ----------------------------
        tau0 |  -.0098367   .0088154    -1.12   0.
> 264                                             
>        -.0271146                                
>                     .0074411
        tau1 |  -.0190578   .0177933    -1.07   0.
> 284                                             
>         -.053932                                
>                     .0158163
        tau2 |  -.0304711   .0196352    -1.55   0.
> 121                                             
>        -.0689555                                
>                     .0080132
        tau3 |  -.0399847   .0206441    -1.94   0.
> 053                                             
>        -.0804464                                
>                     .0004771
        tau4 |  -.0406657   .0247787    -1.64   0.
> 101                                             
>         -.089231                                
>                     .0078997
        tau5 |  -.0386278   .0298395    -1.29   0.
> 195                                             
>        -.0971121                                
>                     .0198564
        pre1 |   -.020824   .0074943    -2.78   0.
> 005                                             
>        -.0355126                                
>                    -.0061353
        pre2 |  -.0195478   .0069217    -2.82   0.
> 005                                             
>        -.0331142                                
>                    -.0059815
        pre3 |  -.0238879   .0061929    -3.86   0.
> 000                                             
>        -.0360258                                
>                    -.0117501
        pre4 |  -.0229447   .0056935    -4.03   0.
> 000                                             
>        -.0341037                                
>                    -.0117856
        pre5 |  -.0197456   .0054005    -3.66   0.
> 000                                             
>        -.0303303                                
>                    -.0091609
--------------------------------------------------
> ----------------------------

 ( 1)  pre1 = 0
 ( 2)  pre2 = 0
 ( 3)  pre3 = 0
 ( 4)  pre4 = 0
 ( 5)  pre5 = 0

           chi2(  5) =   21.43
         Prob > chi2 =    0.0007

 ( 1)  tau0 = 0
 ( 2)  tau1 = 0
 ( 3)  tau2 = 0
 ( 4)  tau3 = 0
 ( 5)  tau4 = 0
 ( 6)  tau5 = 0

           chi2(  6) =   10.49
         Prob > chi2 =    0.1055
ATT (tau0):    -0.010  SE:     0.009  p =         
> .
Average post-treatment effect:    -0.030
number of observations will be reset to 11
Press any key to continue, or Break to abort
Number of observations (_N) was 0, now 11.
(0 observations deleted)
file
    /Users/hhadah/Documents/GiT/residency-medica
    > id-expansion/output/figures/218-did_matche
    > d_per_100k_TY_event_unweighted.png saved
    as PNG format
file
    /Users/hhadah/Documents/GiT/residency-medica
    > id-expansion/my_paper/figures/218-did_matc
    > hed_per_100k_TY_event_unweighted.png saved
    as PNG format

--- Outcome: quota_per_100k ---

                                                  
>        Number of obs                            
>                      = 1,630
--------------------------------------------------
> ----------------------------
quota_p~100k | Coefficient  Std. err.      z    P>
> |z|                                             
>         [95% con                                
>                 f. interval]
-------------+------------------------------------
> ----------------------------
        tau0 |  -.0106606   .0087908    -1.21   0.
> 225                                             
>        -.0278901                                
>                      .006569
        tau1 |  -.0180511   .0176817    -1.02   0.
> 307                                             
>        -.0527066                                
>                     .0166044
        tau2 |  -.0311602   .0197036    -1.58   0.
> 114                                             
>        -.0697786                                
>                     .0074582
        tau3 |   -.035856   .0201627    -1.78   0.
> 075                                             
>        -.0753742                                
>                     .0036621
        tau4 |  -.0402885   .0250542    -1.61   0.
> 108                                             
>        -.0893939                                
>                      .008817
        tau5 |  -.0439031   .0314395    -1.40   0.
> 163                                             
>        -.1055235                                
>                     .0177172
        pre1 |  -.0220566   .0078961    -2.79   0.
> 005                                             
>        -.0375326                                
>                    -.0065806
        pre2 |  -.0206022   .0072737    -2.83   0.
> 005                                             
>        -.0348585                                
>                    -.0063459
        pre3 |  -.0247808   .0065933    -3.76   0.
> 000                                             
>        -.0377035                                
>                    -.0118582
        pre4 |  -.0249221   .0059876    -4.16   0.
> 000                                             
>        -.0366575                                
>                    -.0131866
        pre5 |  -.0213148   .0056217    -3.79   0.
> 000                                             
>        -.0323332                                
>                    -.0102964
--------------------------------------------------
> ----------------------------

 ( 1)  pre1 = 0
 ( 2)  pre2 = 0
 ( 3)  pre3 = 0
 ( 4)  pre4 = 0
 ( 5)  pre5 = 0

           chi2(  5) =   26.62
         Prob > chi2 =    0.0001

 ( 1)  tau0 = 0
 ( 2)  tau1 = 0
 ( 3)  tau2 = 0
 ( 4)  tau3 = 0
 ( 5)  tau4 = 0
 ( 6)  tau5 = 0

           chi2(  6) =    8.50
         Prob > chi2 =    0.2038
ATT (tau0):    -0.011  SE:     0.009  p =         
> .
Average post-treatment effect:    -0.030
number of observations will be reset to 11
Press any key to continue, or Break to abort
Number of observations (_N) was 0, now 11.
(0 observations deleted)
file
    /Users/hhadah/Documents/GiT/residency-medica
    > id-expansion/output/figures/219-did_quota_
    > per_100k_TY_event_unweighted.png saved as
    PNG format
file
    /Users/hhadah/Documents/GiT/residency-medica
    > id-expansion/my_paper/figures/219-did_quot
    > a_per_100k_TY_event_unweighted.png saved
    as PNG format

--- Outcome: unmatched_per_100k ---

                                                  
>        Number of obs                            
>                      = 1,630
--------------------------------------------------
> ----------------------------
unmatch~100k | Coefficient  Std. err.      z    P>
> |z|                                             
>         [95% con                                
>                 f. interval]
-------------+------------------------------------
> ----------------------------
        tau0 |  -.0008238   .0007955    -1.04   0.
> 300                                             
>         -.002383                                
>                     .0007353
        tau1 |   .0010067   .0019059     0.53   0.
> 597                                             
>        -.0027287                                
>                     .0047422
        tau2 |   -.000689   .0008881    -0.78   0.
> 438                                             
>        -.0024296                                
>                     .0010515
        tau3 |   .0041286   .0041831     0.99   0.
> 324                                             
>          -.00407                                
>                     .0123273
        tau4 |   .0003772   .0046023     0.08   0.
> 935                                             
>        -.0086431                                
>                     .0093976
        tau5 |  -.0052753    .008096    -0.65   0.
> 515                                             
>        -.0211431                                
>                     .0105925
        pre1 |  -.0012326   .0007682    -1.60   0.
> 109                                             
>        -.0027382                                
>                      .000273
        pre2 |  -.0010544   .0008698    -1.21   0.
> 225                                             
>        -.0027591                                
>                     .0006503
        pre3 |  -.0008929   .0008991    -0.99   0.
> 321                                             
>        -.0026551                                
>                     .0008693
        pre4 |  -.0019774   .0007429    -2.66   0.
> 008                                             
>        -.0034335                                
>                    -.0005213
        pre5 |  -.0015692   .0007292    -2.15   0.
> 031                                             
>        -.0029984                                
>                    -.0001399
--------------------------------------------------
> ----------------------------

 ( 1)  pre1 = 0
 ( 2)  pre2 = 0
 ( 3)  pre3 = 0
 ( 4)  pre4 = 0
 ( 5)  pre5 = 0

           chi2(  5) =    9.38
         Prob > chi2 =    0.0947

 ( 1)  tau0 = 0
 ( 2)  tau1 = 0
 ( 3)  tau2 = 0
 ( 4)  tau3 = 0
 ( 5)  tau4 = 0
 ( 6)  tau5 = 0

           chi2(  6) =    5.59
         Prob > chi2 =    0.4704
ATT (tau0):    -0.001  SE:     0.001  p =         
> .
Average post-treatment effect:    -0.000
number of observations will be reset to 11
Press any key to continue, or Break to abort
Number of observations (_N) was 0, now 11.
(0 observations deleted)
file
    /Users/hhadah/Documents/GiT/residency-medica
    > id-expansion/output/figures/220-did_unmatc
    > hed_per_100k_TY_event_unweighted.png saved
    as PNG format
file
    /Users/hhadah/Documents/GiT/residency-medica
    > id-expansion/my_paper/figures/220-did_unma
    > tched_per_100k_TY_event_unweighted.png
    saved as PNG format

. 
. postclose `did_results_spec'

. 
. use "`did_results_spec_file'", clear

. order specialty outcome coef se tstat pvalue avg
> _treat pretrend_p treat_p n_programs n_states

. save "${tabdir}/did_summary_residency_by_special
> ty_unweighted.dta", replace
file
    /Users/hhadah/Documents/GiT/residency-medica
    > id-expansion/output/tables/did_summary_res
    > idency_by_specialty_unweighted.dta saved

. export delimited using "${tabdir}/did_summary_re
> sidency_by_specialty_unweighted.csv", replace
file /Users/hhadah/Documents/GiT/residency-medicai
> d-expansion/output/tables/did_summary_residency_
> by_specialty_unweighted.csv saved

. 
. di ""


. di "============================================
> ======================"
==================================================
> ================

. di "Difference-in-differences estimates (UNWEIGH
> TED) by specialty completed."
Difference-in-differences estimates (UNWEIGHTED) b
> y specialty completed.

. di "Summary table:"
Summary table:

. di "  - ${tabdir}/did_summary_residency_by_speci
> alty_unweighted.dta"
  - /Users/hhadah/Documents/GiT/residency-medicaid
> -expansion/output/tables/did_summary_residency_b
> y_specialty_unweighted.dta

. di "  - ${tabdir}/did_summary_residency_by_speci
> alty_unweighted.csv"
  - /Users/hhadah/Documents/GiT/residency-medicaid
> -expansion/output/tables/did_summary_residency_b
> y_specialty_unweighted.csv

. di "Figures:"
Figures:

. di "  - ${figdir}/11-did_*_event_unweighted.png 
> (and LaTeX copies)"
  - /Users/hhadah/Documents/GiT/residency-medicaid
> -expansion/output/figures/11-did_*_event_unweigh
> ted.png (and LaTeX copies)

. di "============================================
> ======================"
==================================================
> ================

. 
. log close
      name:  <unnamed>
       log:  /Users/hhadah/Documents/GiT/residency
> -medicaid-expansion/output/08-did-analysis-byspe
> ciality-unweighted.log
  log type:  text
 closed on:  27 Jan 2026, 20:43:01
--------------------------------------------------
