----------------------------------------------------------
      name:  <unnamed>
       log:  /Users/hhadah/Documents/GiT/residency-medicai
> d-expansion/output/12-dd-analysis-hetero-byspecialty-unw
> eighted.log
  log type:  text
 opened on:  27 Jan 2026, 19:54:39

. 
. cap mkdir "${figdir}"

. cap mkdir "${tabdir}"

. cap mkdir "${latex_figdir}"

. 
. * ------------------------------------------------------
> -------------------
. * Load cleaned data
. * ------------------------------------------------------
> -------------------
. use "${datadir}/cleaned_residency_medicaid.dta", clear

. 
. *=======================================================
> ========================
. * Data Setup
. *=======================================================
> ========================
. 
. * Use gen_specialty_alt for specialty grouping
. capture confirm variable gen_specialty_alt

. if _rc != 0 {
.     di as error "Variable gen_specialty_alt not found. C
> heck data."
.     exit 459
. }

. 
. * Create urban/rural group based on ruca_1_2010
. * 0 = Urban (RUCA codes 1, 2, 3), 1 = Rural (RUCA codes 
> > 3)
. gen urban_rural = (ruca_1_2010 > 3) if !missing(ruca_1_2
> 010)
(590 missing values generated)

. label define urban_rural_lab 0 "Urban" 1 "Rural"

. label values urban_rural urban_rural_lab

. 
. * Build specialty_group from gen_specialty_alt
. capture drop specialty_group specialty_group_name

. encode gen_specialty_alt, gen(specialty_group)

. gen str30 specialty_group_name = gen_specialty_alt

. 
. * Check for unclassified rows
. quietly count if missing(gen_specialty_alt) | gen_specia
> lty_alt == ""

. if r(N) > 0 {
.     di as error "WARNING: " r(N) " rows have missing gen
> _specialty_alt - dropping"
.     drop if missing(gen_specialty_alt) | gen_specialty_a
> lt == ""
. }

. 
. * Keep only observations with non-missing urban_rural
. keep if !missing(urban_rural)
(590 observations deleted)

. 
. * ------------------------------------------------------
> -------------------
. * Recreate treatment flags
. * ------------------------------------------------------
> -------------------
. capture confirm variable treated_state

. if _rc != 0 {
.     gen byte treated_state = (year_expanded < .)
. }

. 
. capture confirm variable post_expansion

. if _rc != 0 {
.     gen byte post_expansion = ///
>         (treated_state == 1 & year_expanded < . & year >
> = year_expanded)
. }

. 
. capture confirm variable treated_post

. if _rc != 0 {
.     gen byte treated_post = treated_state * post_expansi
> on
. }

. 
. capture confirm variable year_expanded

. if _rc != 0 {
.     di as error "Variable year_expanded not found. Re-ru
> n 02-data-cleaning.R."
.     exit 459
. }

. 
. * ------------------------------------------------------
> -------------------
. * Panel identifiers
. * ------------------------------------------------------
> -------------------
. egen program_numeric_id = group(state institution_code)

. encode state, gen(state_id)

. 
. di "Specialty distribution (gen_specialty_alt):"
Specialty distribution (gen_specialty_alt):

. tab gen_specialty_alt

gen_special |
     ty_alt |      Freq.     Percent        Cum.
------------+-----------------------------------
     Anesth |      1,520        3.49        3.49
       Derm |      1,330        3.05        6.54
         EM |      2,310        5.30       11.85
        ENT |      1,100        2.53       14.37
         FM |      5,320       12.21       26.58
   Genomics |         10        0.02       26.61
         IM |      6,300       14.46       41.07
      Neuro |      2,410        5.53       46.60
      OBGYN |      2,690        6.18       52.78
       ONMS |         30        0.07       52.85
        PMR |        920        2.11       54.96
       Path |      1,440        3.31       58.26
       Peds |      2,500        5.74       64.00
    PrevMed |         70        0.16       64.16
      Psych |      2,490        5.72       69.88
        Rad |      2,880        6.61       76.49
     RadOnc |        970        2.23       78.72
       Surg |      7,670       17.61       96.33
         TY |      1,600        3.67      100.00
------------+-----------------------------------
      Total |     43,560      100.00

. di "Urban/Rural coding: 0 = Urban, 1 = Rural"
Urban/Rural coding: 0 = Urban, 1 = Rural

. tab urban_rural, missing

urban_rural |      Freq.     Percent        Cum.
------------+-----------------------------------
      Urban |     42,090       96.63       96.63
      Rural |      1,470        3.37      100.00
------------+-----------------------------------
      Total |     43,560      100.00

. 
. * ------------------------------------------------------
> -------------------
. * Outcomes and labels
. * ------------------------------------------------------
> -------------------
. global outcomes "quota matched unmatched matched_per_100
> k quota_per_100k unmatched_per_100k"

. global label_quota     "Residency Quota Positions"

. global label_matched   "Matched Residency Positions"

. global label_unmatched "Unmatched Residency Positions"

. global label_quota_per_100k "Residency Quota Positions p
> er 100k Population"

. global label_matched_per_100k "Matched Residency Positio
> ns per 100k Population"

. global label_unmatched_per_100k "Unmatched Residency Pos
> itions per 100k Population"

. 
. global short_quota     "quota"

. global short_matched   "matched"

. global short_unmatched "unmatched"

. global short_quota_per_100k "quota_per_100k"

. global short_matched_per_100k "matched_per_100k"

. global short_unmatched_per_100k "unmatched_per_100k"

. 
. *=======================================================
> ========================
. * Heterogeneity Analysis - Urban vs Rural by Specialty (
> UNWEIGHTED)
. *=======================================================
> ========================
. 
. di ""


. di "====================================================
> ====================="
==========================================================
> ===============

. di "HETEROGENEITY ANALYSIS (UNWEIGHTED): By Urban/Rural 
> within Specialty Groups"
HETEROGENEITY ANALYSIS (UNWEIGHTED): By Urban/Rural within
>  Specialty Groups

. di "Urban vs Rural"
Urban vs Rural

. di "====================================================
> ====================="
==========================================================
> ===============

. di ""


. 
. local plotnum = 322

. 
. levelsof specialty_group, local(spec_groups)
1 2 3 4 5 6 7 8 9 10 11 12 13 14 15 16 17 18 19

. foreach spec of local spec_groups {
  2.     levelsof specialty_group_name if specialty_group 
> == `spec', local(spec_name) clean
  3.     
.     di ""
  4.     di "=============================================
> ============================"
  5.     di "SPECIALTY GROUP (UNWEIGHTED): `spec_name' (Ur
> ban/Rural Heterogeneity)"
  6.     di "=============================================
> ============================"
  7.     di ""
  8.     
.     foreach outcome of global outcomes {
  9.         
.         capture confirm variable `outcome'
 10.         if _rc != 0 {
 11.             di as error "Outcome `outcome' not found.
>  Skipping."
 12.             continue
 13.         }
 14.         
.         quietly count if specialty_group == `spec' & urb
> an_rural == 0 & treated_state == 1 & !missing(`outcome')
 15.         if (r(N) == 0) {
 16.             di as error "Outcome `outcome': no treate
> d urban observations for `spec_name'."
 17.             continue
 18.         }
 19.         
.         quietly count if specialty_group == `spec' & urb
> an_rural == 1 & treated_state == 1 & !missing(`outcome')
 20.         if (r(N) == 0) {
 21.             di as error "Outcome `outcome': no treate
> d rural observations for `spec_name'."
 22.             continue
 23.         }
 24.         
.         di ""
 25.         di "--- Outcome: `outcome' (Urban/Rural, UNWE
> IGHTED) ---"
 26.         
.         * Run did_imputation with heterogeneous effects 
> by urban/rural within specialty (UNWEIGHTED)
.         capture noisily did_imputation `outcome' program
> _numeric_id year year_expanded ///
>             if specialty_group == `spec', ///
>             horizons(0/5) pretrend(5) ///
>             cluster(state_id) ///
>             hetby(urban_rural) ///
>             fe(program_numeric_id year) ///
>             minn(0) autosample
 27.         
.         if (_rc != 0) {
 28.             di as error "did_imputation failed. Error
>  code `_rc'."
 29.             continue
 30.         }
 31.         
.         * =====================
.         * Post-treatment averages and p-value tests
.         * =====================
.         test pre1 pre2 pre3 pre4 pre5
 32.         local pretrend_p = r(p)
 33. 
.         * Calculate average effects for both groups
.         local avg_urban = (_b[tau0_0] + _b[tau1_0] + _b[
> tau2_0] + _b[tau3_0] + _b[tau4_0] + _b[tau5_0])/6
 34.         local avg_rural = (_b[tau0_1] + _b[tau1_1] + 
> _b[tau2_1] + _b[tau3_1] + _b[tau4_1] + _b[tau5_1])/6
 35.         local avg_diff = `avg_rural' - `avg_urban'
 36. 
.         testnl ((_b[tau0_1] + _b[tau1_1] + _b[tau2_1] + 
> _b[tau3_1] + _b[tau4_1] + _b[tau5_1])/6) - ((_b[tau0_0] 
> + _b[tau1_0] + _b[tau2_0] + _b[tau3_0] + _b[tau4_0] + _b
> [tau5_0])/6) = 0
 37.         local avg_diff_p = r(p)
 38. 
.         test (tau0_0 = tau0_1) (tau1_0 = tau1_1) (tau2_0
>  = tau2_1) (tau3_0 = tau3_1) (tau4_0 = tau4_1) (tau5_0 =
>  tau5_1)
 39.         local joint_het_p = r(p)
 40. 
.         test tau0_0 tau1_0 tau2_0 tau3_0 tau4_0 tau5_0
 41.         local urban_p = r(p)
 42.         test tau0_1 tau1_1 tau2_1 tau3_1 tau4_1 tau5_
> 1
 43.         local rural_p = r(p)
 44. 
.         * Calculate baseline means (UNWEIGHTED)
.         quietly summarize `outcome' if specialty_group =
> = `spec' & urban_rural == 0 & treated_state == 1 & year 
> < year_expanded
 45.         local baseline_urban = r(mean)
 46.         if missing(`baseline_urban') | `baseline_urba
> n' == 0 {
 47.             local baseline_urban = 1
 48.         }
 49.         
.         quietly summarize `outcome' if specialty_group =
> = `spec' & urban_rural == 1 & treated_state == 1 & year 
> < year_expanded
 50.         local baseline_rural = r(mean)
 51.         if missing(`baseline_rural') | `baseline_rura
> l' == 0 {
 52.             local baseline_rural = 1
 53.         }
 54.         
.         local pct_urban = (`avg_urban' / `baseline_urban
> ') * 100
 55.         local pct_rural = (`avg_rural' / `baseline_ru
> ral') * 100
 56.         if `pct_urban' < -100 local pct_urban = -100
 57.         if `pct_rural' < -100 local pct_rural = -100
 58. 
.         * Store values for annotation
.         local text_urban = string(`avg_urban', "%9.2f")
 59.         local text_rural = string(`avg_rural', "%9.2f
> ")
 60.         local text_urban_p = string(`urban_p', "%9.2f
> ")
 61.         local text_rural_p = string(`rural_p', "%9.2f
> ")
 62.         local text_avg_diff = string(`avg_diff', "%9.
> 2f")
 63.         local text_avg_diff_p = string(`avg_diff_p', 
> "%9.2f")
 64.         local text_baseline_urban = string(`baseline_
> urban', "%9.2f")
 65.         local text_baseline_rural = string(`baseline_
> rural', "%9.2f")
 66.         local text_pct_urban = string(`pct_urban', "%
> 9.1f")
 67.         local text_pct_rural = string(`pct_rural', "%
> 9.1f")
 68.         
.         di "Average urban effect: " %9.3f `avg_urban' " 
> (p = " %9.3f `urban_p' ")"
 69.         di "Average rural effect: " %9.3f `avg_rural'
>  " (p = " %9.3f `rural_p' ")"
 70.         di "Difference (rural - urban): " %9.3f `avg_
> diff' " (p = " %9.3f `avg_diff_p' ")"
 71.         di "Joint heterogeneity test p-value: " %9.3f
>  `joint_het_p'
 72. 
.         * =====================
.         * Plotting
.         * =====================
.         matrix urban = J(11, 5, .)
 73.         matrix rural = J(11, 5, .)
 74.         matrix colnames urban = period coef se ci_upp
> er ci_lower
 75.         matrix colnames rural = period coef se ci_upp
> er ci_lower
 76.         
.         local row = 1
 77.         forval h = 5(-1)1 {
 78.             matrix urban[`row',1] = -`h'
 79.             matrix urban[`row',2] = _b[pre`h']
 80.             matrix urban[`row',3] = _se[pre`h']
 81.             matrix urban[`row',4] = _b[pre`h'] + 1.96
> *_se[pre`h']
 82.             matrix urban[`row',5] = _b[pre`h'] - 1.96
> *_se[pre`h']
 83.             
.             matrix rural[`row',1] = -`h'
 84.             matrix rural[`row',2] = _b[pre`h']
 85.             matrix rural[`row',3] = _se[pre`h']  
 86.             matrix rural[`row',4] = _b[pre`h'] + 1.96
> *_se[pre`h']
 87.             matrix rural[`row',5] = _b[pre`h'] - 1.96
> *_se[pre`h']
 88.             
.             local ++row
 89.         }
 90.         
.         forval h = 0/5 {
 91.             matrix urban[`row',1] = `h'
 92.             matrix urban[`row',2] = _b[tau`h'_0]
 93.             matrix urban[`row',3] = _se[tau`h'_0]
 94.             matrix urban[`row',4] = _b[tau`h'_0] + 1.
> 96*_se[tau`h'_0]
 95.             matrix urban[`row',5] = _b[tau`h'_0] - 1.
> 96*_se[tau`h'_0]
 96.             
.             matrix rural[`row',1] = `h'
 97.             matrix rural[`row',2] = _b[tau`h'_1]
 98.             matrix rural[`row',3] = _se[tau`h'_1]
 99.             matrix rural[`row',4] = _b[tau`h'_1] + 1.
> 96*_se[tau`h'_1]
100.             matrix rural[`row',5] = _b[tau`h'_1] - 1.
> 96*_se[tau`h'_1]
101.             
.             local ++row
102.         }
103.         
.         preserve
104.         clear
105.         svmat urban, names(urb)
106.         svmat rural, names(rur)
107.         
.         rename urb1 urb_period
108.         rename urb2 urb_coef  
109.         rename urb3 urb_se
110.         rename urb4 urb_ci_upper
111.         rename urb5 urb_ci_lower
112.         
.         rename rur1 rur_period
113.         rename rur2 rur_coef
114.         rename rur3 rur_se  
115.         rename rur4 rur_ci_upper
116.         rename rur5 rur_ci_lower
117.         
.         gen urb_pre = (urb_period < 0)
118.         gen urb_post = (urb_period >= 0)
119.         gen rur_pre = (rur_period < 0)  
120.         gen rur_post = (rur_period >= 0)
121. 
.         quietly summarize urb_ci_upper
122.         local max1 = r(max)
123.         quietly summarize rur_ci_upper
124.         local max2 = r(max) 
125.         local y_annot = max(`max1', `max2')
126.         local x_annot = -2
127.         
.         local short = "${short_`outcome'}"
128.         local label = "${label_`outcome'}"
129.         if ("`label'" == "") {
130.             local label = "`outcome'"
131.         }
132.         local prefix : display %02.0f `plotnum'
133.         local ytitle_str "Treatment Effect (differenc
> e-in-differences)"
134.         local plot_title "Heterogeneity (Unweighted):
>  `spec_name' - Urban vs Rural - `label'"
135.         
.         if (strpos("`short'", "_100k") > 0) {
136.             local ytitle_str "Treatment Effect (per 1
> 00,000 population)"
137.             local x_annot = -2
138.         }
139.         
.         twoway (rarea urb_ci_upper urb_ci_lower urb_peri
> od if urb_pre, fcolor("31 119 180%20") lcolor("31 119 18
> 0%20") lwidth(none)) ///
>                (rarea urb_ci_upper urb_ci_lower urb_peri
> od if urb_post, fcolor("31 119 180%20") lcolor("31 119 1
> 80%20") lwidth(none)) ///
>                (rarea rur_ci_upper rur_ci_lower rur_peri
> od if rur_pre, fcolor("255 127 14%25") lcolor("255 127 1
> 4%25") lwidth(none)) ///
>                (rarea rur_ci_upper rur_ci_lower rur_peri
> od if rur_post, fcolor("255 127 14%25") lcolor("255 127 
> 14%25") lwidth(none)) ///
>                (line urb_coef urb_period if urb_pre, lco
> lor("31 119 180") lwidth(medium) lpattern(solid)) ///
>                (line urb_coef urb_period if urb_post, lc
> olor("31 119 180") lwidth(medium) lpattern(solid)) ///
>                (line rur_coef rur_period if rur_pre, lco
> lor("255 127 14") lwidth(medium) lpattern(dash)) ///
>                (line rur_coef rur_period if rur_post, lc
> olor("255 127 14") lwidth(medium) lpattern(dash)) ///
>                (scatter urb_coef urb_period if urb_pre, 
> mcolor("31 119 180") msize(medium) msymbol(circle)) ///
>                (scatter urb_coef urb_period if urb_post,
>  mcolor("31 119 180") msize(medium) msymbol(circle)) ///
>                (scatter rur_coef rur_period if rur_pre, 
> mcolor("255 127 14") msize(medium) msymbol(triangle)) //
> /
>                (scatter rur_coef rur_period if rur_post,
>  mcolor("255 127 14") msize(medium) msymbol(triangle)) /
> //
>                , ///
>                xline(-0.5, lcolor(black) lpattern(solid)
>  lwidth(thin)) ///
>                yline(0, lcolor(black) lpattern(solid) lw
> idth(thin)) ///
>                xlabel(-5(1)5, labsize(small)) ///
>                ylabel(#10, labsize(small) format(%9.2f))
>  ///
>                xtitle("Years relative to Medicaid expans
> ion", size(small)) ///
>                ytitle("`ytitle_str'", size(small)) ///
>                title("`plot_title'", size(small)) ///
>                legend(order(9 11) label(9 "Urban") label
> (11 "Rural") ///
>                    position(6) rows(1) size(small)) ///
>                text(`y_annot' `x_annot' `"Urban Baseline
> : `text_baseline_urban' | Effect: `text_urban' (`text_pc
> t_urban'%, p=`text_urban_p')"' `"Rural Baseline: `text_b
> aseline_rural' | Effect: `text_rural' (`text_pct_rural'%
> , p=`text_rural_p')"' `"Difference: `text_avg_diff' (p=`
> text_avg_diff_p')"', size(small)) ///
>                graphregion(color(white)) plotregion(colo
> r(white)) ///
>                note("Vertical line at period 0 indicates
>  Medicaid expansion" ///
>                     "Blue (solid): Urban counties, Orang
> e (dashed): Rural counties", size(vsmall))
140.         
.         local spec_clean = subinstr("`spec_name'", " ", 
> "_", .)
141.         local spec_clean = subinstr("`spec_clean'", "
> /", "_", .)
142.         
.         graph export "${figdir}/`prefix'-hetero_urbanrur
> al_`short'_`spec_clean'_event_unweighted.png", as(png) r
> eplace width(1200) height(800)
143.         graph export "${latex_figdir}/`prefix'-hetero
> _urbanrural_`short'_`spec_clean'_event_unweighted.png", 
> as(png) replace width(1200) height(800)
144.         
.         restore
145.         local ++plotnum
146.     }
147. }
Anesth

==========================================================
> ===============
SPECIALTY GROUP (UNWEIGHTED): Anesth (Urban/Rural Heteroge
> neity)
==========================================================
> ===============


--- Outcome: quota (Urban/Rural, UNWEIGHTED) ---

                                                         N
> umber of obs                                            
>              = 1,520
----------------------------------------------------------
> --------------------
       quota | Coefficient  Std. err.      z    P>|z|     
> [95% con                                                
>         f. interval]
-------------+--------------------------------------------
> --------------------
      tau0_0 |   .0491616   .2315103     0.21   0.832    -
> .4045903                                                
>             .5029135
      tau0_1 |  -2.122952   .1768334   -12.01   0.000    -
> 2.469539                                                
>            -1.776364
      tau1_0 |   .1013645   .3672262     0.28   0.783    -
> .6183856                                                
>             .8211146
      tau1_1 |  -2.355203   .3533889    -6.66   0.000    -
> 3.047832                                                
>            -1.662573
      tau2_0 |  -.0930136   .2480654    -0.37   0.708     
> -.579213                                                
>             .3931857
      tau2_1 |  -2.483397   .2130573   -11.66   0.000    -
> 2.900981                                                
>            -2.065812
      tau3_0 |  -.1694305   .2856632    -0.59   0.553     
>  -.72932                                                
>             .3904591
      tau3_1 |  -2.683396   .2359171   -11.37   0.000    -
> 3.145785                                                
>            -2.221007
      tau4_0 |   -.043253   .6270477    -0.07   0.945    -
> 1.272244                                                
>             1.185738
      tau4_1 |  -2.350062   .5751429    -4.09   0.000    -
> 3.477322                                                
>            -1.222803
      tau5_0 |  -.5695512   .7159243    -0.80   0.426    -
> 1.972737                                                
>             .8336347
      tau5_1 |  -2.875107   .6832243    -4.21   0.000    -
> 4.214202                                                
>            -1.536012
        pre1 |    .151573   .9367398     0.16   0.871    -
> 1.684403                                                
>             1.987549
        pre2 |   .0040535   .9252743     0.00   0.997    -
> 1.809451                                                
>             1.817558
        pre3 |   .0660886   .8735384     0.08   0.940    -
> 1.646015                                                
>             1.778192
        pre4 |   .1033167   .8653958     0.12   0.905    -
> 1.592828                                                
>             1.799461
        pre5 |   .5400725    .863179     0.63   0.532    -
> 1.151727                                                
>             2.231872
----------------------------------------------------------
> --------------------

 ( 1)  pre1 = 0
 ( 2)  pre2 = 0
 ( 3)  pre3 = 0
 ( 4)  pre4 = 0
 ( 5)  pre5 = 0

           chi2(  5) =   15.65
         Prob > chi2 =    0.0079

  (1)  ((_b[tau0_1] + _b[tau1_1] + _b[tau2_1] + _b[tau3_1]
>  + _b[tau4_1] + _b[tau5_1])/6) - ((_b[tau0_0] + _b[tau1_
> 0] + _b[tau2_0] + _b[tau3_0] + _b[tau4_0] + _b[tau5_0])/
> 6) = 0

               chi2(1) =      324.16
           Prob > chi2 =        0.0000

 ( 1)  tau0_0 - tau0_1 = 0
 ( 2)  tau1_0 - tau1_1 = 0
 ( 3)  tau2_0 - tau2_1 = 0
 ( 4)  tau3_0 - tau3_1 = 0
 ( 5)  tau4_0 - tau4_1 = 0
 ( 6)  tau5_0 - tau5_1 = 0

           chi2(  6) =  762.48
         Prob > chi2 =    0.0000

 ( 1)  tau0_0 = 0
 ( 2)  tau1_0 = 0
 ( 3)  tau2_0 = 0
 ( 4)  tau3_0 = 0
 ( 5)  tau4_0 = 0
 ( 6)  tau5_0 = 0

           chi2(  6) =    2.39
         Prob > chi2 =    0.8804

 ( 1)  tau0_1 = 0
 ( 2)  tau1_1 = 0
 ( 3)  tau2_1 = 0
 ( 4)  tau3_1 = 0
 ( 5)  tau4_1 = 0
 ( 6)  tau5_1 = 0

           chi2(  6) =  198.85
         Prob > chi2 =    0.0000
Average urban effect:    -0.121 (p =     0.880)
Average rural effect:    -2.478 (p =     0.000)
Difference (rural - urban):    -2.358 (p =     0.000)
Joint heterogeneity test p-value:     0.000
number of observations will be reset to 11
Press any key to continue, or Break to abort
Number of observations (_N) was 0, now 11.
file
    /Users/hhadah/Documents/GiT/residency-medicaid-expan
    > sion/output/figures/322-hetero_urbanrural_quota_An
    > esth_event_unweighted.png saved as PNG format
file
    /Users/hhadah/Documents/GiT/residency-medicaid-expan
    > sion/my_paper/figures/322-hetero_urbanrural_quota_
    > Anesth_event_unweighted.png saved as PNG format

--- Outcome: matched (Urban/Rural, UNWEIGHTED) ---

                                                         N
> umber of obs                                            
>              = 1,520
----------------------------------------------------------
> --------------------
     matched | Coefficient  Std. err.      z    P>|z|     
> [95% con                                                
>         f. interval]
-------------+--------------------------------------------
> --------------------
      tau0_0 |   -.206169   .2678621    -0.77   0.441    -
> .7311691                                                
>              .318831
      tau0_1 |  -1.446721   .1910942    -7.57   0.000    -
> 1.821259                                                
>            -1.072183
      tau1_0 |  -.2278644   .3671388    -0.62   0.535    -
> .9474432                                                
>             .4917144
      tau1_1 |  -1.583221   .2878867    -5.50   0.000    -
> 2.147469                                                
>            -1.018974
      tau2_0 |   .0622482   .3316742     0.19   0.851    -
> .5878213                                                
>             .7123178
      tau2_1 |  -4.253139   .3128136   -13.60   0.000    -
> 4.866242                                                
>            -3.640035
      tau3_0 |   -.288582     .34032    -0.85   0.396    -
> .9555969                                                
>             .3784329
      tau3_1 |  -1.808694    .265623    -6.81   0.000    -
> 2.329305                                                
>            -1.288082
      tau4_0 |  -.0774054    .576834    -0.13   0.893    -
> 1.207979                                                
>             1.053169
      tau4_1 |  -1.630917   .5170592    -3.15   0.002    -
> 2.644334                                                
>            -.6174992
      tau5_0 |  -.1640289   .4923171    -0.33   0.739    -
> 1.128953                                                
>              .800895
      tau5_1 |  -1.961251   .4435304    -4.42   0.000    -
> 2.830555                                                
>            -1.091948
        pre1 |   .5022643   1.117283     0.45   0.653     
> -1.68757                                                
>             2.692098
        pre2 |   .2690382   1.095183     0.25   0.806    -
> 1.877481                                                
>             2.415557
        pre3 |   .4247149   1.054352     0.40   0.687    -
> 1.641778                                                
>             2.491207
        pre4 |   .1252453   1.118741     0.11   0.911    -
> 2.067447                                                
>             2.317937
        pre5 |   .6170727   1.145117     0.54   0.590    -
> 1.627315                                                
>             2.861461
----------------------------------------------------------
> --------------------

 ( 1)  pre1 = 0
 ( 2)  pre2 = 0
 ( 3)  pre3 = 0
 ( 4)  pre4 = 0
 ( 5)  pre5 = 0

           chi2(  5) =   23.04
         Prob > chi2 =    0.0003

  (1)  ((_b[tau0_1] + _b[tau1_1] + _b[tau2_1] + _b[tau3_1]
>  + _b[tau4_1] + _b[tau5_1])/6) - ((_b[tau0_0] + _b[tau1_
> 0] + _b[tau2_0] + _b[tau3_0] + _b[tau4_0] + _b[tau5_0])/
> 6) = 0

               chi2(1) =      151.85
           Prob > chi2 =        0.0000

 ( 1)  tau0_0 - tau0_1 = 0
 ( 2)  tau1_0 - tau1_1 = 0
 ( 3)  tau2_0 - tau2_1 = 0
 ( 4)  tau3_0 - tau3_1 = 0
 ( 5)  tau4_0 - tau4_1 = 0
 ( 6)  tau5_0 - tau5_1 = 0

           chi2(  6) = 1202.93
         Prob > chi2 =    0.0000

 ( 1)  tau0_0 = 0
 ( 2)  tau1_0 = 0
 ( 3)  tau2_0 = 0
 ( 4)  tau3_0 = 0
 ( 5)  tau4_0 = 0
 ( 6)  tau5_0 = 0

           chi2(  6) =    4.12
         Prob > chi2 =    0.6603

 ( 1)  tau0_1 = 0
 ( 2)  tau1_1 = 0
 ( 3)  tau2_1 = 0
 ( 4)  tau3_1 = 0
 ( 5)  tau4_1 = 0
 ( 6)  tau5_1 = 0

           chi2(  6) =  295.26
         Prob > chi2 =    0.0000
Average urban effect:    -0.150 (p =     0.660)
Average rural effect:    -2.114 (p =     0.000)
Difference (rural - urban):    -1.964 (p =     0.000)
Joint heterogeneity test p-value:     0.000
number of observations will be reset to 11
Press any key to continue, or Break to abort
Number of observations (_N) was 0, now 11.
file
    /Users/hhadah/Documents/GiT/residency-medicaid-expan
    > sion/output/figures/323-hetero_urbanrural_matched_
    > Anesth_event_unweighted.png saved as PNG format
file
    /Users/hhadah/Documents/GiT/residency-medicaid-expan
    > sion/my_paper/figures/323-hetero_urbanrural_matche
    > d_Anesth_event_unweighted.png saved as PNG format

--- Outcome: unmatched (Urban/Rural, UNWEIGHTED) ---

                                                         N
> umber of obs                                            
>              = 1,520
----------------------------------------------------------
> --------------------
   unmatched | Coefficient  Std. err.      z    P>|z|     
> [95% con                                                
>         f. interval]
-------------+--------------------------------------------
> --------------------
      tau0_0 |   .2553309   .1538261     1.66   0.097    -
> .0461627                                                
>             .5568245
      tau0_1 |  -.6762295   .0918217    -7.36   0.000    -
> .8561968                                                
>            -.4962622
      tau1_0 |   .3292291   .2268404     1.45   0.147     
>  -.11537                                                
>             .7738282
      tau1_1 |  -.7719805   .1501352    -5.14   0.000     
> -1.06624                                                
>            -.4777209
      tau2_0 |  -.1552616   .2598844    -0.60   0.550    -
> .6646256                                                
>             .3541024
      tau2_1 |   1.769743   .2660347     6.65   0.000     
> 1.248324                                                
>             2.291161
      tau3_0 |   .1191519   .2075725     0.57   0.566    -
> .2876828                                                
>             .5259866
      tau3_1 |  -.8747016   .1809718    -4.83   0.000     
>  -1.2294                                                
>            -.5200034
      tau4_0 |   .0341524   .1418306     0.24   0.810    -
> .2438306                                                
>             .3121353
      tau4_1 |  -.7191461   .1250306    -5.75   0.000    -
> .9642016                                                
>            -.4740905
      tau5_0 |  -.4055218   .3869332    -1.05   0.295    -
> 1.163897                                                
>             .3528535
      tau5_1 |  -.9138551   .3800782    -2.40   0.016    -
> 1.658795                                                
>            -.1689156
        pre1 |  -.3506913   .2638663    -1.33   0.184    -
> .8678597                                                
>             .1664771
        pre2 |  -.2649847   .2453163    -1.08   0.280    -
> .7457959                                                
>             .2158264
        pre3 |  -.3586263   .2415125    -1.48   0.138     
> -.831982                                                
>             .1147295
        pre4 |  -.0219286   .3083356    -0.07   0.943    -
> .6262553                                                
>              .582398
        pre5 |  -.0770002   .3640368    -0.21   0.832    -
> .7904992                                                
>             .6364988
----------------------------------------------------------
> --------------------

 ( 1)  pre1 = 0
 ( 2)  pre2 = 0
 ( 3)  pre3 = 0
 ( 4)  pre4 = 0
 ( 5)  pre5 = 0

           chi2(  5) =   15.79
         Prob > chi2 =    0.0075

  (1)  ((_b[tau0_1] + _b[tau1_1] + _b[tau2_1] + _b[tau3_1]
>  + _b[tau4_1] + _b[tau5_1])/6) - ((_b[tau0_0] + _b[tau1_
> 0] + _b[tau2_0] + _b[tau3_0] + _b[tau4_0] + _b[tau5_0])/
> 6) = 0

               chi2(1) =       45.21
           Prob > chi2 =        0.0000

 ( 1)  tau0_0 - tau0_1 = 0
 ( 2)  tau1_0 - tau1_1 = 0
 ( 3)  tau2_0 - tau2_1 = 0
 ( 4)  tau3_0 - tau3_1 = 0
 ( 5)  tau4_0 - tau4_1 = 0
 ( 6)  tau5_0 - tau5_1 = 0

           chi2(  6) = 1148.28
         Prob > chi2 =    0.0000

 ( 1)  tau0_0 = 0
 ( 2)  tau1_0 = 0
 ( 3)  tau2_0 = 0
 ( 4)  tau3_0 = 0
 ( 5)  tau4_0 = 0
 ( 6)  tau5_0 = 0

           chi2(  6) =    7.41
         Prob > chi2 =    0.2845

 ( 1)  tau0_1 = 0
 ( 2)  tau1_1 = 0
 ( 3)  tau2_1 = 0
 ( 4)  tau3_1 = 0
 ( 5)  tau4_1 = 0
 ( 6)  tau5_1 = 0

           chi2(  6) =  179.69
         Prob > chi2 =    0.0000
Average urban effect:     0.030 (p =     0.285)
Average rural effect:    -0.364 (p =     0.000)
Difference (rural - urban):    -0.394 (p =     0.000)
Joint heterogeneity test p-value:     0.000
number of observations will be reset to 11
Press any key to continue, or Break to abort
Number of observations (_N) was 0, now 11.
file
    /Users/hhadah/Documents/GiT/residency-medicaid-expan
    > sion/output/figures/324-hetero_urbanrural_unmatche
    > d_Anesth_event_unweighted.png saved as PNG format
file
    /Users/hhadah/Documents/GiT/residency-medicaid-expan
    > sion/my_paper/figures/324-hetero_urbanrural_unmatc
    > hed_Anesth_event_unweighted.png saved as PNG
    format

--- Outcome: matched_per_100k (Urban/Rural, UNWEIGHTED) --
> -

                                                         N
> umber of obs                                            
>              = 1,520
----------------------------------------------------------
> --------------------
matched~100k | Coefficient  Std. err.      z    P>|z|     
> [95% con                                                
>         f. interval]
-------------+--------------------------------------------
> --------------------
      tau0_0 |  -.0007074   .0050828    -0.14   0.889    -
> .0106696                                                
>             .0092548
      tau0_1 |  -.0334071   .0043152    -7.74   0.000    -
> .0418647                                                
>            -.0249496
      tau1_0 |  -.0030253   .0068299    -0.44   0.658    -
> .0164117                                                
>             .0103611
      tau1_1 |  -.0387108   .0066581    -5.81   0.000    -
> .0517604                                                
>            -.0256612
      tau2_0 |   .0053686   .0062999     0.85   0.394     
> -.006979                                                
>             .0177162
      tau2_1 |  -.2540918   .0044532   -57.06   0.000     
>  -.26282                                                
>            -.2453636
      tau3_0 |  -.0014067   .0070852    -0.20   0.843    -
> .0152933                                                
>               .01248
      tau3_1 |  -.0350872   .0044469    -7.89   0.000    -
> .0438029                                                
>            -.0263715
      tau4_0 |   .0321447   .0250584     1.28   0.200    -
> .0169689                                                
>             .0812583
      tau4_1 |   .0314838   .0050819     6.20   0.000     
> .0215234                                                
>             .0414442
      tau5_0 |   .0179152   .0161652     1.11   0.268     
> -.013768                                                
>             .0495984
      tau5_1 |   .0270938   .0062668     4.32   0.000     
>  .014811                                                
>             .0393766
        pre1 |   .0081556   .0172417     0.47   0.636    -
> .0256375                                                
>             .0419488
        pre2 |    .006115   .0152777     0.40   0.689    -
> .0238288                                                
>             .0360589
        pre3 |    .008383   .0134994     0.62   0.535    -
> .0180753                                                
>             .0348412
        pre4 |   .0006237    .015774     0.04   0.968    -
> .0302927                                                
>             .0315401
        pre5 |   .0089298   .0159779     0.56   0.576    -
> .0223863                                                
>              .040246
----------------------------------------------------------
> --------------------

 ( 1)  pre1 = 0
 ( 2)  pre2 = 0
 ( 3)  pre3 = 0
 ( 4)  pre4 = 0
 ( 5)  pre5 = 0

           chi2(  5) =    3.50
         Prob > chi2 =    0.6239

  (1)  ((_b[tau0_1] + _b[tau1_1] + _b[tau2_1] + _b[tau3_1]
>  + _b[tau4_1] + _b[tau5_1])/6) - ((_b[tau0_0] + _b[tau1_
> 0] + _b[tau2_0] + _b[tau3_0] + _b[tau4_0] + _b[tau5_0])/
> 6) = 0

               chi2(1) =       64.74
           Prob > chi2 =        0.0000

 ( 1)  tau0_0 - tau0_1 = 0
 ( 2)  tau1_0 - tau1_1 = 0
 ( 3)  tau2_0 - tau2_1 = 0
 ( 4)  tau3_0 - tau3_1 = 0
 ( 5)  tau4_0 - tau4_1 = 0
 ( 6)  tau5_0 - tau5_1 = 0

           chi2(  6) = 4757.57
         Prob > chi2 =    0.0000

 ( 1)  tau0_0 = 0
 ( 2)  tau1_0 = 0
 ( 3)  tau2_0 = 0
 ( 4)  tau3_0 = 0
 ( 5)  tau4_0 = 0
 ( 6)  tau5_0 = 0

           chi2(  6) =    3.66
         Prob > chi2 =    0.7222

 ( 1)  tau0_1 = 0
 ( 2)  tau1_1 = 0
 ( 3)  tau2_1 = 0
 ( 4)  tau3_1 = 0
 ( 5)  tau4_1 = 0
 ( 6)  tau5_1 = 0

           chi2(  6) = 4462.66
         Prob > chi2 =    0.0000
Average urban effect:     0.008 (p =     0.722)
Average rural effect:    -0.050 (p =     0.000)
Difference (rural - urban):    -0.059 (p =     0.000)
Joint heterogeneity test p-value:     0.000
number of observations will be reset to 11
Press any key to continue, or Break to abort
Number of observations (_N) was 0, now 11.
file
    /Users/hhadah/Documents/GiT/residency-medicaid-expan
    > sion/output/figures/325-hetero_urbanrural_matched_
    > per_100k_Anesth_event_unweighted.png saved as PNG
    format
file
    /Users/hhadah/Documents/GiT/residency-medicaid-expan
    > sion/my_paper/figures/325-hetero_urbanrural_matche
    > d_per_100k_Anesth_event_unweighted.png saved as
    PNG format

--- Outcome: quota_per_100k (Urban/Rural, UNWEIGHTED) ---

                                                         N
> umber of obs                                            
>              = 1,520
----------------------------------------------------------
> --------------------
quota_p~100k | Coefficient  Std. err.      z    P>|z|     
> [95% con                                                
>         f. interval]
-------------+--------------------------------------------
> --------------------
      tau0_0 |   .0019873   .0043641     0.46   0.649    -
> .0065662                                                
>             .0105409
      tau0_1 |  -.0888684   .0030945   -28.72   0.000    -
> .0949335                                                
>            -.0828034
      tau1_0 |  -.0002985   .0066657    -0.04   0.964    -
> .0133629                                                
>              .012766
      tau1_1 |   -.095247    .006574   -14.49   0.000    -
> .1081319                                                
>            -.0823621
      tau2_0 |   .0018157   .0049626     0.37   0.714    -
> .0079108                                                
>             .0115421
      tau2_1 |   -.092212   .0039076   -23.60   0.000    -
> .0998707                                                
>            -.0845532
      tau3_0 |   .0045425   .0075929     0.60   0.550    -
> .0103394                                                
>             .0194244
      tau3_1 |   -.094532   .0046344   -20.40   0.000    -
> .1036154                                                
>            -.0854487
      tau4_0 |   .0328435   .0255114     1.29   0.198     
> -.017158                                                
>             .0828449
      tau4_1 |  -.0249704   .0048256    -5.17   0.000    -
> .0344283                                                
>            -.0155125
      tau5_0 |    .013169   .0206095     0.64   0.523    -
> .0272248                                                
>             .0535629
      tau5_1 |  -.0337295   .0134441    -2.51   0.012    -
> .0600796                                                
>            -.0073795
        pre1 |    .006217   .0151023     0.41   0.681     
> -.023383                                                
>             .0358171
        pre2 |   .0021609   .0130355     0.17   0.868    -
> .0233882                                                
>             .0277099
        pre3 |   .0024391   .0111771     0.22   0.827    -
> .0194675                                                
>             .0243457
        pre4 |   .0012294   .0120347     0.10   0.919    -
> .0223581                                                
>             .0248169
        pre5 |   .0108516   .0111217     0.98   0.329    -
> .0109465                                                
>             .0326498
----------------------------------------------------------
> --------------------

 ( 1)  pre1 = 0
 ( 2)  pre2 = 0
 ( 3)  pre3 = 0
 ( 4)  pre4 = 0
 ( 5)  pre5 = 0

           chi2(  5) =    4.14
         Prob > chi2 =    0.5296

  (1)  ((_b[tau0_1] + _b[tau1_1] + _b[tau2_1] + _b[tau3_1]
>  + _b[tau4_1] + _b[tau5_1])/6) - ((_b[tau0_0] + _b[tau1_
> 0] + _b[tau2_0] + _b[tau3_0] + _b[tau4_0] + _b[tau5_0])/
> 6) = 0

               chi2(1) =       98.12
           Prob > chi2 =        0.0000

 ( 1)  tau0_0 - tau0_1 = 0
 ( 2)  tau1_0 - tau1_1 = 0
 ( 3)  tau2_0 - tau2_1 = 0
 ( 4)  tau3_0 - tau3_1 = 0
 ( 5)  tau4_0 - tau4_1 = 0
 ( 6)  tau5_0 - tau5_1 = 0

           chi2(  6) = 3566.15
         Prob > chi2 =    0.0000

 ( 1)  tau0_0 = 0
 ( 2)  tau1_0 = 0
 ( 3)  tau2_0 = 0
 ( 4)  tau3_0 = 0
 ( 5)  tau4_0 = 0
 ( 6)  tau5_0 = 0

           chi2(  6) =    2.78
         Prob > chi2 =    0.8360

 ( 1)  tau0_1 = 0
 ( 2)  tau1_1 = 0
 ( 3)  tau2_1 = 0
 ( 4)  tau3_1 = 0
 ( 5)  tau4_1 = 0
 ( 6)  tau5_1 = 0

           chi2(  6) = 1109.11
         Prob > chi2 =    0.0000
Average urban effect:     0.009 (p =     0.836)
Average rural effect:    -0.072 (p =     0.000)
Difference (rural - urban):    -0.081 (p =     0.000)
Joint heterogeneity test p-value:     0.000
number of observations will be reset to 11
Press any key to continue, or Break to abort
Number of observations (_N) was 0, now 11.
file
    /Users/hhadah/Documents/GiT/residency-medicaid-expan
    > sion/output/figures/326-hetero_urbanrural_quota_pe
    > r_100k_Anesth_event_unweighted.png saved as PNG
    format
file
    /Users/hhadah/Documents/GiT/residency-medicaid-expan
    > sion/my_paper/figures/326-hetero_urbanrural_quota_
    > per_100k_Anesth_event_unweighted.png saved as PNG
    format

--- Outcome: unmatched_per_100k (Urban/Rural, UNWEIGHTED) 
> ---

                                                         N
> umber of obs                                            
>              = 1,520
----------------------------------------------------------
> --------------------
unmatch~100k | Coefficient  Std. err.      z    P>|z|     
> [95% con                                                
>         f. interval]
-------------+--------------------------------------------
> --------------------
      tau0_0 |   .0026948   .0022607     1.19   0.233     
> -.001736                                                
>             .0071256
      tau0_1 |  -.0554613   .0019635   -28.25   0.000    -
> .0593096                                                
>             -.051613
      tau1_0 |   .0027268   .0031459     0.87   0.386     
> -.003439                                                
>             .0088926
      tau1_1 |  -.0565362   .0028297   -19.98   0.000    -
> .0620822                                                
>            -.0509902
      tau2_0 |  -.0035529   .0055682    -0.64   0.523    -
> .0144663                                                
>             .0073605
      tau2_1 |   .1618799   .0049401    32.77   0.000     
> .1521975                                                
>             .1715623
      tau3_0 |   .0059492   .0093984     0.63   0.527    -
> .0124714                                                
>             .0243697
      tau3_1 |  -.0594448   .0030126   -19.73   0.000    -
> .0653495                                                
>            -.0535401
      tau4_0 |   .0006988   .0026466     0.26   0.792    -
> .0044884                                                
>              .005886
      tau4_1 |  -.0564542   .0024295   -23.24   0.000    -
> .0612159                                                
>            -.0516924
      tau5_0 |  -.0047462   .0083378    -0.57   0.569     
> -.021088                                                
>             .0115956
      tau5_1 |  -.0608233   .0081031    -7.51   0.000    -
> .0767052                                                
>            -.0449414
        pre1 |  -.0019386    .004422    -0.44   0.661    -
> .0106056                                                
>             .0067284
        pre2 |  -.0039541   .0038627    -1.02   0.306    -
> .0115249                                                
>             .0036166
        pre3 |  -.0059439   .0044603    -1.33   0.183    -
> .0146858                                                
>             .0027981
        pre4 |   .0006057   .0052988     0.11   0.909    -
> .0097797                                                
>             .0109911
        pre5 |   .0019218   .0060114     0.32   0.749    -
> .0098603                                                
>             .0137039
----------------------------------------------------------
> --------------------

 ( 1)  pre1 = 0
 ( 2)  pre2 = 0
 ( 3)  pre3 = 0
 ( 4)  pre4 = 0
 ( 5)  pre5 = 0

           chi2(  5) =    4.95
         Prob > chi2 =    0.4226

  (1)  ((_b[tau0_1] + _b[tau1_1] + _b[tau2_1] + _b[tau3_1]
>  + _b[tau4_1] + _b[tau5_1])/6) - ((_b[tau0_0] + _b[tau1_
> 0] + _b[tau2_0] + _b[tau3_0] + _b[tau4_0] + _b[tau5_0])/
> 6) = 0

               chi2(1) =      122.47
           Prob > chi2 =        0.0000

 ( 1)  tau0_0 - tau0_1 = 0
 ( 2)  tau1_0 - tau1_1 = 0
 ( 3)  tau2_0 - tau2_1 = 0
 ( 4)  tau3_0 - tau3_1 = 0
 ( 5)  tau4_0 - tau4_1 = 0
 ( 6)  tau5_0 - tau5_1 = 0

           chi2(  6) = 7865.75
         Prob > chi2 =    0.0000

 ( 1)  tau0_0 = 0
 ( 2)  tau1_0 = 0
 ( 3)  tau2_0 = 0
 ( 4)  tau3_0 = 0
 ( 5)  tau4_0 = 0
 ( 6)  tau5_0 = 0

           chi2(  6) =    3.69
         Prob > chi2 =    0.7182

 ( 1)  tau0_1 = 0
 ( 2)  tau1_1 = 0
 ( 3)  tau2_1 = 0
 ( 4)  tau3_1 = 0
 ( 5)  tau4_1 = 0
 ( 6)  tau5_1 = 0

           chi2(  6) = 2807.69
         Prob > chi2 =    0.0000
Average urban effect:     0.001 (p =     0.718)
Average rural effect:    -0.021 (p =     0.000)
Difference (rural - urban):    -0.022 (p =     0.000)
Joint heterogeneity test p-value:     0.000
number of observations will be reset to 11
Press any key to continue, or Break to abort
Number of observations (_N) was 0, now 11.
file
    /Users/hhadah/Documents/GiT/residency-medicaid-expan
    > sion/output/figures/327-hetero_urbanrural_unmatche
    > d_per_100k_Anesth_event_unweighted.png saved as
    PNG format
file
    /Users/hhadah/Documents/GiT/residency-medicaid-expan
    > sion/my_paper/figures/327-hetero_urbanrural_unmatc
    > hed_per_100k_Anesth_event_unweighted.png saved as
    PNG format
Derm

==========================================================
> ===============
SPECIALTY GROUP (UNWEIGHTED): Derm (Urban/Rural Heterogene
> ity)
==========================================================
> ===============


--- Outcome: quota (Urban/Rural, UNWEIGHTED) ---

                                                         N
> umber of obs                                            
>              = 1,330
----------------------------------------------------------
> --------------------
       quota | Coefficient  Std. err.      z    P>|z|     
> [95% con                                                
>         f. interval]
-------------+--------------------------------------------
> --------------------
      tau0_0 |  -.1769024    .087321    -2.03   0.043    -
> .3480485                                                
>            -.0057563
      tau0_1 |  -.3705356   .0631968    -5.86   0.000    -
> .4943991                                                
>            -.2466721
      tau1_0 |   -.127443   .1676759    -0.76   0.447    -
> .4560817                                                
>             .2011957
      tau1_1 |  -.4698517   .1417992    -3.31   0.001     
> -.747773                                                
>            -.1919305
      tau2_0 |  -.1738783   .1270309    -1.37   0.171    -
> .4228543                                                
>             .0750977
      tau2_1 |  -.6104348   .0979097    -6.23   0.000    -
> .8023342                                                
>            -.4185353
      tau3_0 |  -.3622657   .1724234    -2.10   0.036    -
> .7002094                                                
>            -.0243221
      tau3_1 |  -.8326571   .1464893    -5.68   0.000    -
> 1.119771                                                
>            -.5455433
      tau4_0 |  -.4679255   .2246769    -2.08   0.037    -
> .9082841                                                
>             -.027567
      tau4_1 |   .9895651   .2062941     4.80   0.000     
> .5852362                                                
>             1.393894
      tau5_0 |  -.6647888   .4326851    -1.54   0.124    -
> 1.512836                                                
>             .1832585
      tau5_1 |  -.4608414   .4231007    -1.09   0.276    -
> 1.290104                                                
>             .3684208
        pre1 |  -.0986049   .1687982    -0.58   0.559    -
> .4294434                                                
>             .2322336
        pre2 |   -.098072   .1468036    -0.67   0.504    -
> .3858018                                                
>             .1896579
        pre3 |   .0489887   .1125036     0.44   0.663    -
> .1715144                                                
>             .2694917
        pre4 |   .1257041   .1090887     1.15   0.249    -
> .0881059                                                
>              .339514
        pre5 |  -.1553594   .0798424    -1.95   0.052    -
> .3118476                                                
>             .0011288
----------------------------------------------------------
> --------------------

 ( 1)  pre1 = 0
 ( 2)  pre2 = 0
 ( 3)  pre3 = 0
 ( 4)  pre4 = 0
 ( 5)  pre5 = 0

           chi2(  5) =   15.52
         Prob > chi2 =    0.0084

  (1)  ((_b[tau0_1] + _b[tau1_1] + _b[tau2_1] + _b[tau3_1]
>  + _b[tau4_1] + _b[tau5_1])/6) - ((_b[tau0_0] + _b[tau1_
> 0] + _b[tau2_0] + _b[tau3_0] + _b[tau4_0] + _b[tau5_0])/
> 6) = 0

               chi2(1) =        0.33
           Prob > chi2 =        0.5667

 ( 1)  tau0_0 - tau0_1 = 0
 ( 2)  tau1_0 - tau1_1 = 0
 ( 3)  tau2_0 - tau2_1 = 0
 ( 4)  tau3_0 - tau3_1 = 0
 ( 5)  tau4_0 - tau4_1 = 0
 ( 6)  tau5_0 - tau5_1 = 0

           chi2(  6) =  772.04
         Prob > chi2 =    0.0000

 ( 1)  tau0_0 = 0
 ( 2)  tau1_0 = 0
 ( 3)  tau2_0 = 0
 ( 4)  tau3_0 = 0
 ( 5)  tau4_0 = 0
 ( 6)  tau5_0 = 0

           chi2(  6) =    9.35
         Prob > chi2 =    0.1547

 ( 1)  tau0_1 = 0
 ( 2)  tau1_1 = 0
 ( 3)  tau2_1 = 0
 ( 4)  tau3_1 = 0
 ( 5)  tau4_1 = 0
 ( 6)  tau5_1 = 0

           chi2(  6) =  251.87
         Prob > chi2 =    0.0000
Average urban effect:    -0.329 (p =     0.155)
Average rural effect:    -0.292 (p =     0.000)
Difference (rural - urban):     0.036 (p =     0.567)
Joint heterogeneity test p-value:     0.000
number of observations will be reset to 11
Press any key to continue, or Break to abort
Number of observations (_N) was 0, now 11.
file
    /Users/hhadah/Documents/GiT/residency-medicaid-expan
    > sion/output/figures/328-hetero_urbanrural_quota_De
    > rm_event_unweighted.png saved as PNG format
file
    /Users/hhadah/Documents/GiT/residency-medicaid-expan
    > sion/my_paper/figures/328-hetero_urbanrural_quota_
    > Derm_event_unweighted.png saved as PNG format

--- Outcome: matched (Urban/Rural, UNWEIGHTED) ---

                                                         N
> umber of obs                                            
>              = 1,330
----------------------------------------------------------
> --------------------
     matched | Coefficient  Std. err.      z    P>|z|     
> [95% con                                                
>         f. interval]
-------------+--------------------------------------------
> --------------------
      tau0_0 |   -.175662   .0828292    -2.12   0.034    -
> .3380042                                                
>            -.0133199
      tau0_1 |      -.125    .068944    -1.81   0.070    -
> .2601277                                                
>             .0101277
      tau1_0 |   -.063275   .1610423    -0.39   0.694    -
> .3789121                                                
>             .2523621
      tau1_1 |  -.2079787   .1375516    -1.51   0.131     
> -.477575                                                
>             .0616175
      tau2_0 |    -.09295   .1338857    -0.69   0.488    -
> .3553611                                                
>             .1694612
      tau2_1 |  -1.303645   .1024595   -12.72   0.000    -
> 1.504462                                                
>            -1.102828
      tau3_0 |  -.2569817   .1495471    -1.72   0.086    -
> .5500885                                                
>             .0361252
      tau3_1 |  -.5258667   .1254587    -4.19   0.000    -
> .7717613                                                
>            -.2799722
      tau4_0 |  -.3925215   .1745423    -2.25   0.025     
> -.734618                                                
>            -.0504249
      tau4_1 |   1.318578   .1527816     8.63   0.000     
> 1.019131                                                
>             1.618024
      tau5_0 |  -.5309115    .377392    -1.41   0.159    -
> 1.270586                                                
>             .2087632
      tau5_1 |  -.1723588   .3664156    -0.47   0.638    -
> .8905202                                                
>             .5458027
        pre1 |  -.1334448     .16033    -0.83   0.405    -
> .4476859                                                
>             .1807963
        pre2 |  -.1431331   .1554665    -0.92   0.357    -
> .4478418                                                
>             .1615756
        pre3 |    .058993   .1105335     0.53   0.594    -
> .1576487                                                
>             .2756347
        pre4 |   .1189492   .0902507     1.32   0.188    -
> .0579388                                                
>             .2958373
        pre5 |  -.1200955   .0910389    -1.32   0.187    -
> .2985285                                                
>             .0583375
----------------------------------------------------------
> --------------------

 ( 1)  pre1 = 0
 ( 2)  pre2 = 0
 ( 3)  pre3 = 0
 ( 4)  pre4 = 0
 ( 5)  pre5 = 0

           chi2(  5) =    9.30
         Prob > chi2 =    0.0976

  (1)  ((_b[tau0_1] + _b[tau1_1] + _b[tau2_1] + _b[tau3_1]
>  + _b[tau4_1] + _b[tau5_1])/6) - ((_b[tau0_0] + _b[tau1_
> 0] + _b[tau2_0] + _b[tau3_0] + _b[tau4_0] + _b[tau5_0])/
> 6) = 0

               chi2(1) =        2.11
           Prob > chi2 =        0.1461

 ( 1)  tau0_0 - tau0_1 = 0
 ( 2)  tau1_0 - tau1_1 = 0
 ( 3)  tau2_0 - tau2_1 = 0
 ( 4)  tau3_0 - tau3_1 = 0
 ( 5)  tau4_0 - tau4_1 = 0
 ( 6)  tau5_0 - tau5_1 = 0

           chi2(  6) =  726.07
         Prob > chi2 =    0.0000

 ( 1)  tau0_0 = 0
 ( 2)  tau1_0 = 0
 ( 3)  tau2_0 = 0
 ( 4)  tau3_0 = 0
 ( 5)  tau4_0 = 0
 ( 6)  tau5_0 = 0

           chi2(  6) =   14.60
         Prob > chi2 =    0.0236

 ( 1)  tau0_1 = 0
 ( 2)  tau1_1 = 0
 ( 3)  tau2_1 = 0
 ( 4)  tau3_1 = 0
 ( 5)  tau4_1 = 0
 ( 6)  tau5_1 = 0

           chi2(  6) =  917.96
         Prob > chi2 =    0.0000
Average urban effect:    -0.252 (p =     0.024)
Average rural effect:    -0.169 (p =     0.000)
Difference (rural - urban):     0.083 (p =     0.146)
Joint heterogeneity test p-value:     0.000
number of observations will be reset to 11
Press any key to continue, or Break to abort
Number of observations (_N) was 0, now 11.
file
    /Users/hhadah/Documents/GiT/residency-medicaid-expan
    > sion/output/figures/329-hetero_urbanrural_matched_
    > Derm_event_unweighted.png saved as PNG format
file
    /Users/hhadah/Documents/GiT/residency-medicaid-expan
    > sion/my_paper/figures/329-hetero_urbanrural_matche
    > d_Derm_event_unweighted.png saved as PNG format

--- Outcome: unmatched (Urban/Rural, UNWEIGHTED) ---

                                                         N
> umber of obs                                            
>              = 1,330
----------------------------------------------------------
> --------------------
   unmatched | Coefficient  Std. err.      z    P>|z|     
> [95% con                                                
>         f. interval]
-------------+--------------------------------------------
> --------------------
      tau0_0 |  -.0012403   .0426557    -0.03   0.977     
> -.084844                                                
>             .0823633
      tau0_1 |  -.2455357   .0288956    -8.50   0.000    -
> .3021701                                                
>            -.1889014
      tau1_0 |   -.064168   .0476649    -1.35   0.178    -
> .1575895                                                
>             .0292535
      tau1_1 |  -.2618731   .0410449    -6.38   0.000    -
> .3423196                                                
>            -.1814266
      tau2_0 |  -.0809284   .0447562    -1.81   0.071    -
> .1686489                                                
>             .0067921
      tau2_1 |   .6932096   .0323521    21.43   0.000     
> .6298008                                                
>             .7566185
      tau3_0 |   -.105284   .0765964    -1.37   0.169    -
> .2554103                                                
>             .0448422
      tau3_1 |  -.3067904   .0643956    -4.76   0.000    -
> .4330035                                                
>            -.1805773
      tau4_0 |  -.0754039    .099182    -0.76   0.447    -
> .2697971                                                
>             .1189892
      tau4_1 |  -.3290126   .0791138    -4.16   0.000    -
> .4840729                                                
>            -.1739523
      tau5_0 |  -.1338774   .0688812    -1.94   0.052    -
> .2688821                                                
>             .0011274
      tau5_1 |  -.2884826   .0601073    -4.80   0.000    -
> .4062908                                                
>            -.1706745
        pre1 |   .0348399   .0563357     0.62   0.536    -
> .0755761                                                
>             .1452559
        pre2 |   .0450612   .0651537     0.69   0.489    -
> .0826378                                                
>             .1727602
        pre3 |  -.0100043   .0540551    -0.19   0.853    -
> .1159504                                                
>             .0959417
        pre4 |   .0067549   .0504453     0.13   0.893     
> -.092116                                                
>             .1056257
        pre5 |  -.0352639   .0387198    -0.91   0.362    -
> .1111534                                                
>             .0406256
----------------------------------------------------------
> --------------------

 ( 1)  pre1 = 0
 ( 2)  pre2 = 0
 ( 3)  pre3 = 0
 ( 4)  pre4 = 0
 ( 5)  pre5 = 0

           chi2(  5) =    4.13
         Prob > chi2 =    0.5306

  (1)  ((_b[tau0_1] + _b[tau1_1] + _b[tau2_1] + _b[tau3_1]
>  + _b[tau4_1] + _b[tau5_1])/6) - ((_b[tau0_0] + _b[tau1_
> 0] + _b[tau2_0] + _b[tau3_0] + _b[tau4_0] + _b[tau5_0])/
> 6) = 0

               chi2(1) =        2.12
           Prob > chi2 =        0.1451

 ( 1)  tau0_0 - tau0_1 = 0
 ( 2)  tau1_0 - tau1_1 = 0
 ( 3)  tau2_0 - tau2_1 = 0
 ( 4)  tau3_0 - tau3_1 = 0
 ( 5)  tau4_0 - tau4_1 = 0
 ( 6)  tau5_0 - tau5_1 = 0

           chi2(  6) = 1049.60
         Prob > chi2 =    0.0000

 ( 1)  tau0_0 = 0
 ( 2)  tau1_0 = 0
 ( 3)  tau2_0 = 0
 ( 4)  tau3_0 = 0
 ( 5)  tau4_0 = 0
 ( 6)  tau5_0 = 0

           chi2(  6) =   12.18
         Prob > chi2 =    0.0581

 ( 1)  tau0_1 = 0
 ( 2)  tau1_1 = 0
 ( 3)  tau2_1 = 0
 ( 4)  tau3_1 = 0
 ( 5)  tau4_1 = 0
 ( 6)  tau5_1 = 0

           chi2(  6) =  547.26
         Prob > chi2 =    0.0000
Average urban effect:    -0.077 (p =     0.058)
Average rural effect:    -0.123 (p =     0.000)
Difference (rural - urban):    -0.046 (p =     0.145)
Joint heterogeneity test p-value:     0.000
number of observations will be reset to 11
Press any key to continue, or Break to abort
Number of observations (_N) was 0, now 11.
file
    /Users/hhadah/Documents/GiT/residency-medicaid-expan
    > sion/output/figures/330-hetero_urbanrural_unmatche
    > d_Derm_event_unweighted.png saved as PNG format
file
    /Users/hhadah/Documents/GiT/residency-medicaid-expan
    > sion/my_paper/figures/330-hetero_urbanrural_unmatc
    > hed_Derm_event_unweighted.png saved as PNG format

--- Outcome: matched_per_100k (Urban/Rural, UNWEIGHTED) --
> -

                                                         N
> umber of obs                                            
>              = 1,330
----------------------------------------------------------
> --------------------
matched~100k | Coefficient  Std. err.      z    P>|z|     
> [95% con                                                
>         f. interval]
-------------+--------------------------------------------
> --------------------
      tau0_0 |  -.0015502   .0022823    -0.68   0.497    -
> .0060234                                                
>              .002923
      tau0_1 |   .0139769    .001683     8.30   0.000     
> .0106783                                                
>             .0172755
      tau1_0 |   .0076098   .0127253     0.60   0.550    -
> .0173314                                                
>             .0325509
      tau1_1 |   .0106648   .0034128     3.12   0.002     
> .0039759                                                
>             .0173538
      tau2_0 |  -.0027047   .0036869    -0.73   0.463    -
> .0099309                                                
>             .0045216
      tau2_1 |  -.0651364   .0032138   -20.27   0.000    -
> .0714354                                                
>            -.0588373
      tau3_0 |   .0015943   .0094653     0.17   0.866    -
> .0169574                                                
>              .020146
      tau3_1 |   .0067107   .0042151     1.59   0.111    -
> .0015507                                                
>             .0149722
      tau4_0 |  -.0037171   .0052456    -0.71   0.479    -
> .0139982                                                
>              .006564
      tau4_1 |     .15892   .0038245    41.55   0.000     
> .1514241                                                
>             .1664159
      tau5_0 |  -.0030689   .0082736    -0.37   0.711    -
> .0192848                                                
>              .013147
      tau5_1 |   .0754832   .0060209    12.54   0.000     
> .0636824                                                
>              .087284
        pre1 |  -.0031506   .0051082    -0.62   0.537    -
> .0131625                                                
>             .0068613
        pre2 |   -.002174   .0040528    -0.54   0.592    -
> .0101174                                                
>             .0057694
        pre3 |   .0003789    .003553     0.11   0.915    -
> .0065849                                                
>             .0073426
        pre4 |   .0005778   .0032282     0.18   0.858    -
> .0057493                                                
>             .0069049
        pre5 |  -.0020741   .0025238    -0.82   0.411    -
> .0070206                                                
>             .0028725
----------------------------------------------------------
> --------------------

 ( 1)  pre1 = 0
 ( 2)  pre2 = 0
 ( 3)  pre3 = 0
 ( 4)  pre4 = 0
 ( 5)  pre5 = 0

           chi2(  5) =    2.74
         Prob > chi2 =    0.7402

  (1)  ((_b[tau0_1] + _b[tau1_1] + _b[tau2_1] + _b[tau3_1]
>  + _b[tau4_1] + _b[tau5_1])/6) - ((_b[tau0_0] + _b[tau1_
> 0] + _b[tau2_0] + _b[tau3_0] + _b[tau4_0] + _b[tau5_0])/
> 6) = 0

               chi2(1) =       42.70
           Prob > chi2 =        0.0000

 ( 1)  tau0_0 - tau0_1 = 0
 ( 2)  tau1_0 - tau1_1 = 0
 ( 3)  tau2_0 - tau2_1 = 0
 ( 4)  tau3_0 - tau3_1 = 0
 ( 5)  tau4_0 - tau4_1 = 0
 ( 6)  tau5_0 - tau5_1 = 0

           chi2(  6) =12640.03
         Prob > chi2 =    0.0000

 ( 1)  tau0_0 = 0
 ( 2)  tau1_0 = 0
 ( 3)  tau2_0 = 0
 ( 4)  tau3_0 = 0
 ( 5)  tau4_0 = 0
 ( 6)  tau5_0 = 0

           chi2(  6) =    2.86
         Prob > chi2 =    0.8267

 ( 1)  tau0_1 = 0
 ( 2)  tau1_1 = 0
 ( 3)  tau2_1 = 0
 ( 4)  tau3_1 = 0
 ( 5)  tau4_1 = 0
 ( 6)  tau5_1 = 0

           chi2(  6) =14887.61
         Prob > chi2 =    0.0000
Average urban effect:    -0.000 (p =     0.827)
Average rural effect:     0.033 (p =     0.000)
Difference (rural - urban):     0.034 (p =     0.000)
Joint heterogeneity test p-value:     0.000
number of observations will be reset to 11
Press any key to continue, or Break to abort
Number of observations (_N) was 0, now 11.
file
    /Users/hhadah/Documents/GiT/residency-medicaid-expan
    > sion/output/figures/331-hetero_urbanrural_matched_
    > per_100k_Derm_event_unweighted.png saved as PNG
    format
file
    /Users/hhadah/Documents/GiT/residency-medicaid-expan
    > sion/my_paper/figures/331-hetero_urbanrural_matche
    > d_per_100k_Derm_event_unweighted.png saved as PNG
    format

--- Outcome: quota_per_100k (Urban/Rural, UNWEIGHTED) ---

                                                         N
> umber of obs                                            
>              = 1,330
----------------------------------------------------------
> --------------------
quota_p~100k | Coefficient  Std. err.      z    P>|z|     
> [95% con                                                
>         f. interval]
-------------+--------------------------------------------
> --------------------
      tau0_0 |  -.0022942   .0023088    -0.99   0.320    -
> .0068194                                                
>              .002231
      tau0_1 |  -.0050684   .0017307    -2.93   0.003    -
> .0084604                                                
>            -.0016764
      tau1_0 |   .0075942   .0129685     0.59   0.558    -
> .0178236                                                
>              .033012
      tau1_1 |  -.0091012   .0038955    -2.34   0.019    -
> .0167362                                                
>            -.0014662
      tau2_0 |  -.0015803    .004486    -0.35   0.725    -
> .0103726                                                
>              .007212
      tau2_1 |  -.0090049   .0032873    -2.74   0.006    -
> .0154479                                                
>             -.002562
      tau3_0 |  -.0007308   .0096951    -0.08   0.940    -
> .0197328                                                
>             .0182712
      tau3_1 |  -.0135118   .0045721    -2.96   0.003     
> -.022473                                                
>            -.0045505
      tau4_0 |  -.0018814   .0086975    -0.22   0.829    -
> .0189282                                                
>             .0151653
      tau4_1 |   .1377167   .0051477    26.75   0.000     
> .1276273                                                
>             .1478061
      tau5_0 |   -.004961   .0083948    -0.59   0.555    -
> .0214145                                                
>             .0114925
      tau5_1 |   .0560759   .0062263     9.01   0.000     
> .0438726                                                
>             .0682792
        pre1 |  -.0028856   .0056842    -0.51   0.612    -
> .0140265                                                
>             .0082553
        pre2 |  -.0025896   .0045129    -0.57   0.566    -
> .0114347                                                
>             .0062555
        pre3 |  -.0004869   .0037227    -0.13   0.896    -
> .0077832                                                
>             .0068095
        pre4 |   .0001798   .0035936     0.05   0.960    -
> .0068635                                                
>             .0072231
        pre5 |  -.0025522   .0026129    -0.98   0.329    -
> .0076734                                                
>             .0025689
----------------------------------------------------------
> --------------------

 ( 1)  pre1 = 0
 ( 2)  pre2 = 0
 ( 3)  pre3 = 0
 ( 4)  pre4 = 0
 ( 5)  pre5 = 0

           chi2(  5) =    2.85
         Prob > chi2 =    0.7229

  (1)  ((_b[tau0_1] + _b[tau1_1] + _b[tau2_1] + _b[tau3_1]
>  + _b[tau4_1] + _b[tau5_1])/6) - ((_b[tau0_0] + _b[tau1_
> 0] + _b[tau2_0] + _b[tau3_0] + _b[tau4_0] + _b[tau5_0])/
> 6) = 0

               chi2(1) =       19.31
           Prob > chi2 =        0.0000

 ( 1)  tau0_0 - tau0_1 = 0
 ( 2)  tau1_0 - tau1_1 = 0
 ( 3)  tau2_0 - tau2_1 = 0
 ( 4)  tau3_0 - tau3_1 = 0
 ( 5)  tau4_0 - tau4_1 = 0
 ( 6)  tau5_0 - tau5_1 = 0

           chi2(  6) = 9841.38
         Prob > chi2 =    0.0000

 ( 1)  tau0_0 = 0
 ( 2)  tau1_0 = 0
 ( 3)  tau2_0 = 0
 ( 4)  tau3_0 = 0
 ( 5)  tau4_0 = 0
 ( 6)  tau5_0 = 0

           chi2(  6) =    4.65
         Prob > chi2 =    0.5897

 ( 1)  tau0_1 = 0
 ( 2)  tau1_1 = 0
 ( 3)  tau2_1 = 0
 ( 4)  tau3_1 = 0
 ( 5)  tau4_1 = 0
 ( 6)  tau5_1 = 0

           chi2(  6) = 4598.03
         Prob > chi2 =    0.0000
Average urban effect:    -0.001 (p =     0.590)
Average rural effect:     0.026 (p =     0.000)
Difference (rural - urban):     0.027 (p =     0.000)
Joint heterogeneity test p-value:     0.000
number of observations will be reset to 11
Press any key to continue, or Break to abort
Number of observations (_N) was 0, now 11.
file
    /Users/hhadah/Documents/GiT/residency-medicaid-expan
    > sion/output/figures/332-hetero_urbanrural_quota_pe
    > r_100k_Derm_event_unweighted.png saved as PNG
    format
file
    /Users/hhadah/Documents/GiT/residency-medicaid-expan
    > sion/my_paper/figures/332-hetero_urbanrural_quota_
    > per_100k_Derm_event_unweighted.png saved as PNG
    format

--- Outcome: unmatched_per_100k (Urban/Rural, UNWEIGHTED) 
> ---

                                                         N
> umber of obs                                            
>              = 1,330
----------------------------------------------------------
> --------------------
unmatch~100k | Coefficient  Std. err.      z    P>|z|     
> [95% con                                                
>         f. interval]
-------------+--------------------------------------------
> --------------------
      tau0_0 |   -.000744   .0005009    -1.49   0.137    -
> .0017257                                                
>             .0002376
      tau0_1 |  -.0190453   .0002259   -84.30   0.000    -
> .0194881                                                
>            -.0186025
      tau1_0 |  -.0000156   .0020291    -0.01   0.994    -
> .0039926                                                
>             .0039614
      tau1_1 |   -.019766   .0008304   -23.80   0.000    -
> .0213936                                                
>            -.0181384
      tau2_0 |   .0011244   .0021964     0.51   0.609    -
> .0031806                                                
>             .0054293
      tau2_1 |   .0561314   .0006749    83.18   0.000     
> .0548087                                                
>             .0574541
      tau3_0 |  -.0023252   .0011119    -2.09   0.037    -
> .0045044                                                
>            -.0001459
      tau3_1 |  -.0202225   .0009391   -21.53   0.000    -
> .0220631                                                
>            -.0183819
      tau4_0 |   .0018357   .0042752     0.43   0.668    -
> .0065435                                                
>             .0102149
      tau4_1 |  -.0212033   .0015305   -13.85   0.000    -
> .0242029                                                
>            -.0182036
      tau5_0 |   -.001892   .0007443    -2.54   0.011    -
> .0033508                                                
>            -.0004333
      tau5_1 |  -.0194073   .0004732   -41.02   0.000    -
> .0203347                                                
>            -.0184799
        pre1 |    .000265   .0010627     0.25   0.803    -
> .0018179                                                
>             .0023478
        pre2 |  -.0004156   .0009765    -0.43   0.670    -
> .0023294                                                
>             .0014983
        pre3 |  -.0008657   .0007442    -1.16   0.245    -
> .0023242                                                
>             .0005928
        pre4 |   -.000398   .0007706    -0.52   0.606    -
> .0019085                                                
>             .0011124
        pre5 |  -.0004782   .0004736    -1.01   0.313    -
> .0014065                                                
>             .0004501
----------------------------------------------------------
> --------------------

 ( 1)  pre1 = 0
 ( 2)  pre2 = 0
 ( 3)  pre3 = 0
 ( 4)  pre4 = 0
 ( 5)  pre5 = 0

           chi2(  5) =    3.18
         Prob > chi2 =    0.6727

  (1)  ((_b[tau0_1] + _b[tau1_1] + _b[tau2_1] + _b[tau3_1]
>  + _b[tau4_1] + _b[tau5_1])/6) - ((_b[tau0_0] + _b[tau1_
> 0] + _b[tau2_0] + _b[tau3_0] + _b[tau4_0] + _b[tau5_0])/
> 6) = 0

               chi2(1) =       38.79
           Prob > chi2 =        0.0000

 ( 1)  tau0_0 - tau0_1 = 0
 ( 2)  tau1_0 - tau1_1 = 0
 ( 3)  tau2_0 - tau2_1 = 0
 ( 4)  tau3_0 - tau3_1 = 0
 ( 5)  tau4_0 - tau4_1 = 0
 ( 6)  tau5_0 - tau5_1 = 0

           chi2(  6) = 4279.10
         Prob > chi2 =    0.0000

 ( 1)  tau0_0 = 0
 ( 2)  tau1_0 = 0
 ( 3)  tau2_0 = 0
 ( 4)  tau3_0 = 0
 ( 5)  tau4_0 = 0
 ( 6)  tau5_0 = 0

           chi2(  6) =    8.78
         Prob > chi2 =    0.1861

 ( 1)  tau0_1 = 0
 ( 2)  tau1_1 = 0
 ( 3)  tau2_1 = 0
 ( 4)  tau3_1 = 0
 ( 5)  tau4_1 = 0
 ( 6)  tau5_1 = 0

           chi2(  6) =17531.56
         Prob > chi2 =    0.0000
Average urban effect:    -0.000 (p =     0.186)
Average rural effect:    -0.007 (p =     0.000)
Difference (rural - urban):    -0.007 (p =     0.000)
Joint heterogeneity test p-value:     0.000
number of observations will be reset to 11
Press any key to continue, or Break to abort
Number of observations (_N) was 0, now 11.
file
    /Users/hhadah/Documents/GiT/residency-medicaid-expan
    > sion/output/figures/333-hetero_urbanrural_unmatche
    > d_per_100k_Derm_event_unweighted.png saved as PNG
    format
file
    /Users/hhadah/Documents/GiT/residency-medicaid-expan
    > sion/my_paper/figures/333-hetero_urbanrural_unmatc
    > hed_per_100k_Derm_event_unweighted.png saved as
    PNG format
EM

==========================================================
> ===============
SPECIALTY GROUP (UNWEIGHTED): EM (Urban/Rural Heterogeneit
> y)
==========================================================
> ===============


--- Outcome: quota (Urban/Rural, UNWEIGHTED) ---

                                                         N
> umber of obs                                            
>              = 2,310
----------------------------------------------------------
> --------------------
       quota | Coefficient  Std. err.      z    P>|z|     
> [95% con                                                
>         f. interval]
-------------+--------------------------------------------
> --------------------
      tau0_0 |  -.1906674   .2326969    -0.82   0.413    -
> .6467449                                                
>             .2654102
      tau0_1 |   .0529412   .5984788     0.09   0.930    -
> 1.120056                                                
>             1.225938
      tau1_0 |  -.9103064   .3036741    -3.00   0.003    -
> 1.505497                                                
>            -.3151161
      tau1_1 |  -.8564706   .6188253    -1.38   0.166    -
> 2.069346                                                
>             .3564047
      tau2_0 |  -1.335761   .3064566    -4.36   0.000    -
> 1.936405                                                
>            -.7351176
      tau2_1 |   -1.39538   .6131173    -2.28   0.023    -
> 2.597068                                                
>            -.1936922
      tau3_0 |  -1.641514   .5426912    -3.02   0.002    -
> 2.705169                                                
>            -.5778587
      tau3_1 |   -2.33288   .7245406    -3.22   0.001    -
> 3.752953                                                
>            -.9128064
      tau4_0 |  -1.439628    .651231    -2.21   0.027    -
> 2.716017                                                
>            -.1632387
      tau4_1 |   .9171201   1.379474     0.66   0.506     
>  -1.7866                                                
>              3.62084
      tau5_0 |  -1.976869   1.059397    -1.87   0.062    -
> 4.053249                                                
>             .0995115
      tau5_1 |   .7185209   1.235715     0.58   0.561    -
> 1.703435                                                
>             3.140477
        pre1 |   .0921117   .7775415     0.12   0.906    -
> 1.431842                                                
>             1.616065
        pre2 |   .1784231    .708895     0.25   0.801    -
> 1.210986                                                
>             1.567832
        pre3 |   .2480592   .6739702     0.37   0.713    -
> 1.072898                                                
>             1.569017
        pre4 |   .5249584   .6333589     0.83   0.407    -
> .7164022                                                
>             1.766319
        pre5 |   .6295082    .477444     1.32   0.187    -
> .3062648                                                
>             1.565281
----------------------------------------------------------
> --------------------

 ( 1)  pre1 = 0
 ( 2)  pre2 = 0
 ( 3)  pre3 = 0
 ( 4)  pre4 = 0
 ( 5)  pre5 = 0

           chi2(  5) =    3.82
         Prob > chi2 =    0.5755

  (1)  ((_b[tau0_1] + _b[tau1_1] + _b[tau2_1] + _b[tau3_1]
>  + _b[tau4_1] + _b[tau5_1])/6) - ((_b[tau0_0] + _b[tau1_
> 0] + _b[tau2_0] + _b[tau3_0] + _b[tau4_0] + _b[tau5_0])/
> 6) = 0

               chi2(1) =        6.52
           Prob > chi2 =        0.0106

 ( 1)  tau0_0 - tau0_1 = 0
 ( 2)  tau1_0 - tau1_1 = 0
 ( 3)  tau2_0 - tau2_1 = 0
 ( 4)  tau3_0 - tau3_1 = 0
 ( 5)  tau4_0 - tau4_1 = 0
 ( 6)  tau5_0 - tau5_1 = 0

           chi2(  6) =  243.98
         Prob > chi2 =    0.0000

 ( 1)  tau0_0 = 0
 ( 2)  tau1_0 = 0
 ( 3)  tau2_0 = 0
 ( 4)  tau3_0 = 0
 ( 5)  tau4_0 = 0
 ( 6)  tau5_0 = 0

           chi2(  6) =   24.40
         Prob > chi2 =    0.0004

 ( 1)  tau0_1 = 0
 ( 2)  tau1_1 = 0
 ( 3)  tau2_1 = 0
 ( 4)  tau3_1 = 0
 ( 5)  tau4_1 = 0
 ( 6)  tau5_1 = 0

           chi2(  6) =   64.61
         Prob > chi2 =    0.0000
Average urban effect:    -1.249 (p =     0.000)
Average rural effect:    -0.483 (p =     0.000)
Difference (rural - urban):     0.766 (p =     0.011)
Joint heterogeneity test p-value:     0.000
number of observations will be reset to 11
Press any key to continue, or Break to abort
Number of observations (_N) was 0, now 11.
file
    /Users/hhadah/Documents/GiT/residency-medicaid-expan
    > sion/output/figures/334-hetero_urbanrural_quota_EM
    > _event_unweighted.png saved as PNG format
file
    /Users/hhadah/Documents/GiT/residency-medicaid-expan
    > sion/my_paper/figures/334-hetero_urbanrural_quota_
    > EM_event_unweighted.png saved as PNG format

--- Outcome: matched (Urban/Rural, UNWEIGHTED) ---

                                                         N
> umber of obs                                            
>              = 2,310
----------------------------------------------------------
> --------------------
     matched | Coefficient  Std. err.      z    P>|z|     
> [95% con                                                
>         f. interval]
-------------+--------------------------------------------
> --------------------
      tau0_0 |   -.231459    .248191    -0.93   0.351    -
> .7179044                                                
>             .2549864
      tau0_1 |   .0911765   .6065482     0.15   0.881    -
> 1.097636                                                
>             1.279989
      tau1_0 |  -.8956119   .3041392    -2.94   0.003    -
> 1.491714                                                
>              -.29951
      tau1_1 |  -.8429413   .6167454    -1.37   0.172     
> -2.05174                                                
>             .3658574
      tau2_0 |  -1.294469   .3050607    -4.24   0.000    -
> 1.892377                                                
>            -.6965612
      tau2_1 |  -1.397169   .6108215    -2.29   0.022    -
> 2.594357                                                
>            -.1999809
      tau3_0 |  -1.604682   .5467359    -2.94   0.003    -
> 2.676265                                                
>            -.5330994
      tau3_1 |  -2.303419   .7244575    -3.18   0.001     
> -3.72333                                                
>            -.8835085
      tau4_0 |  -1.438443   .6545531    -2.20   0.028    -
> 2.721343                                                
>            -.1555421
      tau4_1 |    .730956   1.351795     0.54   0.589    -
> 1.918514                                                
>             3.380426
      tau5_0 |  -2.029905   1.033444    -1.96   0.050    -
> 4.055418                                                
>            -.0043916
      tau5_1 |  -.2334511   1.310899    -0.18   0.859    -
> 2.802767                                                
>             2.335864
        pre1 |   .0211137   .7804167     0.03   0.978    -
> 1.508475                                                
>             1.550702
        pre2 |   .2112064   .7111795     0.30   0.766     
> -1.18268                                                
>             1.605093
        pre3 |   .2949052   .6806217     0.43   0.665    -
> 1.039089                                                
>             1.628899
        pre4 |   .4965275   .6378076     0.78   0.436    -
> .7535525                                                
>             1.746607
        pre5 |   .6756668   .4938361     1.37   0.171    -
> .2922341                                                
>             1.643568
----------------------------------------------------------
> --------------------

 ( 1)  pre1 = 0
 ( 2)  pre2 = 0
 ( 3)  pre3 = 0
 ( 4)  pre4 = 0
 ( 5)  pre5 = 0

           chi2(  5) =    6.18
         Prob > chi2 =    0.2890

  (1)  ((_b[tau0_1] + _b[tau1_1] + _b[tau2_1] + _b[tau3_1]
>  + _b[tau4_1] + _b[tau5_1])/6) - ((_b[tau0_0] + _b[tau1_
> 0] + _b[tau2_0] + _b[tau3_0] + _b[tau4_0] + _b[tau5_0])/
> 6) = 0

               chi2(1) =        2.38
           Prob > chi2 =        0.1228

 ( 1)  tau0_0 - tau0_1 = 0
 ( 2)  tau1_0 - tau1_1 = 0
 ( 3)  tau2_0 - tau2_1 = 0
 ( 4)  tau3_0 - tau3_1 = 0
 ( 5)  tau4_0 - tau4_1 = 0
 ( 6)  tau5_0 - tau5_1 = 0

           chi2(  6) =   68.01
         Prob > chi2 =    0.0000

 ( 1)  tau0_0 = 0
 ( 2)  tau1_0 = 0
 ( 3)  tau2_0 = 0
 ( 4)  tau3_0 = 0
 ( 5)  tau4_0 = 0
 ( 6)  tau5_0 = 0

           chi2(  6) =   25.51
         Prob > chi2 =    0.0003

 ( 1)  tau0_1 = 0
 ( 2)  tau1_1 = 0
 ( 3)  tau2_1 = 0
 ( 4)  tau3_1 = 0
 ( 5)  tau4_1 = 0
 ( 6)  tau5_1 = 0

           chi2(  6) =   33.53
         Prob > chi2 =    0.0000
Average urban effect:    -1.249 (p =     0.000)
Average rural effect:    -0.659 (p =     0.000)
Difference (rural - urban):     0.590 (p =     0.123)
Joint heterogeneity test p-value:     0.000
number of observations will be reset to 11
Press any key to continue, or Break to abort
Number of observations (_N) was 0, now 11.
file
    /Users/hhadah/Documents/GiT/residency-medicaid-expan
    > sion/output/figures/335-hetero_urbanrural_matched_
    > EM_event_unweighted.png saved as PNG format
file
    /Users/hhadah/Documents/GiT/residency-medicaid-expan
    > sion/my_paper/figures/335-hetero_urbanrural_matche
    > d_EM_event_unweighted.png saved as PNG format

--- Outcome: unmatched (Urban/Rural, UNWEIGHTED) ---

                                                         N
> umber of obs                                            
>              = 2,310
----------------------------------------------------------
> --------------------
   unmatched | Coefficient  Std. err.      z    P>|z|     
> [95% con                                                
>         f. interval]
-------------+--------------------------------------------
> --------------------
      tau0_0 |   .0407914   .0700142     0.58   0.560    -
> .0964339                                                
>             .1780167
      tau0_1 |  -.0382353   .0426265    -0.90   0.370    -
> .1217817                                                
>             .0453111
      tau1_0 |  -.0146948    .041928    -0.35   0.726    -
> .0968723                                                
>             .0674826
      tau1_1 |  -.0135294   .0202326    -0.67   0.504    -
> .0531846                                                
>             .0261258
      tau2_0 |  -.0412925   .0222311    -1.86   0.063    -
> .0848647                                                
>             .0022796
      tau2_1 |   .0017892   .0134043     0.13   0.894    -
> .0244828                                                
>             .0280613
      tau3_0 |   -.036832    .038414    -0.96   0.338     
> -.112122                                                
>              .038458
      tau3_1 |  -.0294608   .0358273    -0.82   0.411    -
> .0996809                                                
>             .0407593
      tau4_0 |  -.0011856   .0310977    -0.04   0.970     
> -.062136                                                
>             .0597648
      tau4_1 |   .1861642   .1791414     1.04   0.299    -
> .1649465                                                
>              .537275
      tau5_0 |   .0530355   .0620284     0.86   0.393    -
> .0685379                                                
>             .1746089
      tau5_1 |   .9519717   .6936417     1.37   0.170    -
> .4075411                                                
>             2.311484
        pre1 |   .0709979   .0505809     1.40   0.160    -
> .0281389                                                
>             .1701347
        pre2 |  -.0327834   .0229594    -1.43   0.153    -
> .0777829                                                
>             .0122162
        pre3 |   -.046846   .0195101    -2.40   0.016    -
> .0850852                                                
>            -.0086069
        pre4 |   .0284309   .0369763     0.77   0.442    -
> .0440414                                                
>             .1009031
        pre5 |  -.0461586   .0271995    -1.70   0.090    -
> .0994686                                                
>             .0071513
----------------------------------------------------------
> --------------------

 ( 1)  pre1 = 0
 ( 2)  pre2 = 0
 ( 3)  pre3 = 0
 ( 4)  pre4 = 0
 ( 5)  pre5 = 0

           chi2(  5) =   20.14
         Prob > chi2 =    0.0012

  (1)  ((_b[tau0_1] + _b[tau1_1] + _b[tau2_1] + _b[tau3_1]
>  + _b[tau4_1] + _b[tau5_1])/6) - ((_b[tau0_0] + _b[tau1_
> 0] + _b[tau2_0] + _b[tau3_0] + _b[tau4_0] + _b[tau5_0])/
> 6) = 0

               chi2(1) =        2.79
           Prob > chi2 =        0.0947

 ( 1)  tau0_0 - tau0_1 = 0
 ( 2)  tau1_0 - tau1_1 = 0
 ( 3)  tau2_0 - tau2_1 = 0
 ( 4)  tau3_0 - tau3_1 = 0
 ( 5)  tau4_0 - tau4_1 = 0
 ( 6)  tau5_0 - tau5_1 = 0

           chi2(  6) =   24.82
         Prob > chi2 =    0.0004

 ( 1)  tau0_0 = 0
 ( 2)  tau1_0 = 0
 ( 3)  tau2_0 = 0
 ( 4)  tau3_0 = 0
 ( 5)  tau4_0 = 0
 ( 6)  tau5_0 = 0

           chi2(  6) =    5.44
         Prob > chi2 =    0.4892

 ( 1)  tau0_1 = 0
 ( 2)  tau1_1 = 0
 ( 3)  tau2_1 = 0
 ( 4)  tau3_1 = 0
 ( 5)  tau4_1 = 0
 ( 6)  tau5_1 = 0

           chi2(  6) =    8.41
         Prob > chi2 =    0.2099
Average urban effect:    -0.000 (p =     0.489)
Average rural effect:     0.176 (p =     0.210)
Difference (rural - urban):     0.176 (p =     0.095)
Joint heterogeneity test p-value:     0.000
number of observations will be reset to 11
Press any key to continue, or Break to abort
Number of observations (_N) was 0, now 11.
file
    /Users/hhadah/Documents/GiT/residency-medicaid-expan
    > sion/output/figures/336-hetero_urbanrural_unmatche
    > d_EM_event_unweighted.png saved as PNG format
file
    /Users/hhadah/Documents/GiT/residency-medicaid-expan
    > sion/my_paper/figures/336-hetero_urbanrural_unmatc
    > hed_EM_event_unweighted.png saved as PNG format

--- Outcome: matched_per_100k (Urban/Rural, UNWEIGHTED) --
> -

                                                         N
> umber of obs                                            
>              = 2,310
----------------------------------------------------------
> --------------------
matched~100k | Coefficient  Std. err.      z    P>|z|     
> [95% con                                                
>         f. interval]
-------------+--------------------------------------------
> --------------------
      tau0_0 |  -.0013247   .0033275    -0.40   0.691    -
> .0078466                                                
>             .0051972
      tau0_1 |   .0392936     .04086     0.96   0.336    -
> .0407905                                                
>             .1193777
      tau1_0 |  -.0090819   .0058083    -1.56   0.118     
> -.020466                                                
>             .0023021
      tau1_1 |    .028125   .0410656     0.68   0.493    -
> .0523621                                                
>             .1086121
      tau2_0 |  -.0151866   .0064221    -2.36   0.018    -
> .0277738                                                
>            -.0025995
      tau2_1 |   .0212756   .0411923     0.52   0.606    -
> .0594599                                                
>              .102011
      tau3_0 |  -.0230827   .0097226    -2.37   0.018    -
> .0421387                                                
>            -.0040267
      tau3_1 |   .0090259   .0418181     0.22   0.829    -
> .0729361                                                
>              .090988
      tau4_0 |  -.0172783   .0115274    -1.50   0.134    -
> .0398715                                                
>              .005315
      tau4_1 |   .1173284   .0512407     2.29   0.022     
> .0168984                                                
>             .2177583
      tau5_0 |  -.0194469   .0174234    -1.12   0.264    -
> .0535961                                                
>             .0147024
      tau5_1 |   .1069462   .0515183     2.08   0.038     
> .0059722                                                
>             .2079202
        pre1 |   .0230712   .0134721     1.71   0.087    -
> .0033336                                                
>              .049476
        pre2 |   .0220388   .0127027     1.73   0.083    -
> .0028579                                                
>             .0469356
        pre3 |   .0183912   .0118564     1.55   0.121    -
> .0048469                                                
>             .0416293
        pre4 |   .0174242    .009825     1.77   0.076    -
> .0018325                                                
>             .0366809
        pre5 |    .017834   .0095905     1.86   0.063    -
> .0009631                                                
>             .0366311
----------------------------------------------------------
> --------------------

 ( 1)  pre1 = 0
 ( 2)  pre2 = 0
 ( 3)  pre3 = 0
 ( 4)  pre4 = 0
 ( 5)  pre5 = 0

           chi2(  5) =    5.06
         Prob > chi2 =    0.4081

  (1)  ((_b[tau0_1] + _b[tau1_1] + _b[tau2_1] + _b[tau3_1]
>  + _b[tau4_1] + _b[tau5_1])/6) - ((_b[tau0_0] + _b[tau1_
> 0] + _b[tau2_0] + _b[tau3_0] + _b[tau4_0] + _b[tau5_0])/
> 6) = 0

               chi2(1) =        3.62
           Prob > chi2 =        0.0571

 ( 1)  tau0_0 - tau0_1 = 0
 ( 2)  tau1_0 - tau1_1 = 0
 ( 3)  tau2_0 - tau2_1 = 0
 ( 4)  tau3_0 - tau3_1 = 0
 ( 5)  tau4_0 - tau4_1 = 0
 ( 6)  tau5_0 - tau5_1 = 0

           chi2(  6) =   14.38
         Prob > chi2 =    0.0256

 ( 1)  tau0_0 = 0
 ( 2)  tau1_0 = 0
 ( 3)  tau2_0 = 0
 ( 4)  tau3_0 = 0
 ( 5)  tau4_0 = 0
 ( 6)  tau5_0 = 0

           chi2(  6) =   10.33
         Prob > chi2 =    0.1115

 ( 1)  tau0_1 = 0
 ( 2)  tau1_1 = 0
 ( 3)  tau2_1 = 0
 ( 4)  tau3_1 = 0
 ( 5)  tau4_1 = 0
 ( 6)  tau5_1 = 0

           chi2(  6) =   21.88
         Prob > chi2 =    0.0013
Average urban effect:    -0.014 (p =     0.111)
Average rural effect:     0.054 (p =     0.001)
Difference (rural - urban):     0.068 (p =     0.057)
Joint heterogeneity test p-value:     0.026
number of observations will be reset to 11
Press any key to continue, or Break to abort
Number of observations (_N) was 0, now 11.
file
    /Users/hhadah/Documents/GiT/residency-medicaid-expan
    > sion/output/figures/337-hetero_urbanrural_matched_
    > per_100k_EM_event_unweighted.png saved as PNG
    format
file
    /Users/hhadah/Documents/GiT/residency-medicaid-expan
    > sion/my_paper/figures/337-hetero_urbanrural_matche
    > d_per_100k_EM_event_unweighted.png saved as PNG
    format

--- Outcome: quota_per_100k (Urban/Rural, UNWEIGHTED) ---

                                                         N
> umber of obs                                            
>              = 2,310
----------------------------------------------------------
> --------------------
quota_p~100k | Coefficient  Std. err.      z    P>|z|     
> [95% con                                                
>         f. interval]
-------------+--------------------------------------------
> --------------------
      tau0_0 |   .0001213   .0038267     0.03   0.975    -
> .0073789                                                
>             .0076214
      tau0_1 |   .0390156   .0408507     0.96   0.340    -
> .0410502                                                
>             .1190814
      tau1_0 |   -.009397   .0058623    -1.60   0.109    -
> .0208869                                                
>             .0020928
      tau1_1 |   .0279163   .0410773     0.68   0.497    -
> .0525936                                                
>             .1084263
      tau2_0 |  -.0147429   .0067473    -2.19   0.029    -
> .0279674                                                
>            -.0015184
      tau2_1 |   .0213198   .0411954     0.52   0.605    -
> .0594216                                                
>             .1020612
      tau3_0 |  -.0222379     .01018    -2.18   0.029    -
> .0421903                                                
>            -.0022855
      tau3_1 |   .0079395   .0418719     0.19   0.850    -
> .0741279                                                
>              .090007
      tau4_0 |  -.0163575   .0116768    -1.40   0.161    -
> .0392436                                                
>             .0065287
      tau4_1 |   .1240677   .0518887     2.39   0.017     
> .0223676                                                
>             .2257677
      tau5_0 |  -.0191078   .0175226    -1.09   0.276    -
> .0534515                                                
>             .0152358
      tau5_1 |   .1154329   .0468061     2.47   0.014     
> .0236947                                                
>             .2071711
        pre1 |   .0235926   .0135194     1.75   0.081    -
> .0029049                                                
>             .0500901
        pre2 |    .021471   .0127146     1.69   0.091    -
> .0034492                                                
>             .0463912
        pre3 |   .0177444   .0118224     1.50   0.133    -
> .0054271                                                
>             .0409159
        pre4 |   .0176311   .0098309     1.79   0.073    -
> .0016372                                                
>             .0368994
        pre5 |   .0173713   .0094472     1.84   0.066    -
> .0011448                                                
>             .0358874
----------------------------------------------------------
> --------------------

 ( 1)  pre1 = 0
 ( 2)  pre2 = 0
 ( 3)  pre3 = 0
 ( 4)  pre4 = 0
 ( 5)  pre5 = 0

           chi2(  5) =    5.93
         Prob > chi2 =    0.3133

  (1)  ((_b[tau0_1] + _b[tau1_1] + _b[tau2_1] + _b[tau3_1]
>  + _b[tau4_1] + _b[tau5_1])/6) - ((_b[tau0_0] + _b[tau1_
> 0] + _b[tau2_0] + _b[tau3_0] + _b[tau4_0] + _b[tau5_0])/
> 6) = 0

               chi2(1) =        3.95
           Prob > chi2 =        0.0470

 ( 1)  tau0_0 - tau0_1 = 0
 ( 2)  tau1_0 - tau1_1 = 0
 ( 3)  tau2_0 - tau2_1 = 0
 ( 4)  tau3_0 - tau3_1 = 0
 ( 5)  tau4_0 - tau4_1 = 0
 ( 6)  tau5_0 - tau5_1 = 0

           chi2(  6) =   24.07
         Prob > chi2 =    0.0005

 ( 1)  tau0_0 = 0
 ( 2)  tau1_0 = 0
 ( 3)  tau2_0 = 0
 ( 4)  tau3_0 = 0
 ( 5)  tau4_0 = 0
 ( 6)  tau5_0 = 0

           chi2(  6) =   10.92
         Prob > chi2 =    0.0908

 ( 1)  tau0_1 = 0
 ( 2)  tau1_1 = 0
 ( 3)  tau2_1 = 0
 ( 4)  tau3_1 = 0
 ( 5)  tau4_1 = 0
 ( 6)  tau5_1 = 0

           chi2(  6) =   26.00
         Prob > chi2 =    0.0002
Average urban effect:    -0.014 (p =     0.091)
Average rural effect:     0.056 (p =     0.000)
Difference (rural - urban):     0.070 (p =     0.047)
Joint heterogeneity test p-value:     0.001
number of observations will be reset to 11
Press any key to continue, or Break to abort
Number of observations (_N) was 0, now 11.
file
    /Users/hhadah/Documents/GiT/residency-medicaid-expan
    > sion/output/figures/338-hetero_urbanrural_quota_pe
    > r_100k_EM_event_unweighted.png saved as PNG format
file
    /Users/hhadah/Documents/GiT/residency-medicaid-expan
    > sion/my_paper/figures/338-hetero_urbanrural_quota_
    > per_100k_EM_event_unweighted.png saved as PNG
    format

--- Outcome: unmatched_per_100k (Urban/Rural, UNWEIGHTED) 
> ---

                                                         N
> umber of obs                                            
>              = 2,310
----------------------------------------------------------
> --------------------
unmatch~100k | Coefficient  Std. err.      z    P>|z|     
> [95% con                                                
>         f. interval]
-------------+--------------------------------------------
> --------------------
      tau0_0 |    .001446   .0012435     1.16   0.245    -
> .0009911                                                
>             .0038831
      tau0_1 |  -.0002779   .0003447    -0.81   0.420    -
> .0009536                                                
>             .0003977
      tau1_0 |   -.000315   .0004383    -0.72   0.472     
> -.001174                                                
>             .0005439
      tau1_1 |  -.0002086   .0002813    -0.74   0.458    -
> .0007599                                                
>             .0003427
      tau2_0 |   .0004438   .0010667     0.42   0.677    -
> .0016469                                                
>             .0025344
      tau2_1 |   .0000443   .0001289     0.34   0.731    -
> .0002083                                                
>             .0002969
      tau3_0 |   .0008449    .002313     0.37   0.715    -
> .0036885                                                
>             .0053782
      tau3_1 |  -.0010863   .0011912    -0.91   0.362     
> -.003421                                                
>             .0012483
      tau4_0 |   .0009209   .0011058     0.83   0.405    -
> .0012464                                                
>             .0030881
      tau4_1 |   .0067394   .0061353     1.10   0.272    -
> .0052857                                                
>             .0187644
      tau5_0 |   .0003391   .0006932     0.49   0.625    -
> .0010195                                                
>             .0016977
      tau5_1 |   .0084868   .0060245     1.41   0.159     
> -.003321                                                
>             .0202945
        pre1 |   .0005214   .0005844     0.89   0.372     
> -.000624                                                
>             .0016667
        pre2 |  -.0005679    .000397    -1.43   0.153    -
> .0013459                                                
>             .0002102
        pre3 |  -.0006468   .0003099    -2.09   0.037    -
> .0012542                                                
>            -.0000393
        pre4 |   .0002069   .0004453     0.46   0.642    -
> .0006659                                                
>             .0010796
        pre5 |  -.0004627   .0002917    -1.59   0.113    -
> .0010344                                                
>              .000109
----------------------------------------------------------
> --------------------

 ( 1)  pre1 = 0
 ( 2)  pre2 = 0
 ( 3)  pre3 = 0
 ( 4)  pre4 = 0
 ( 5)  pre5 = 0

           chi2(  5) =   14.44
         Prob > chi2 =    0.0130

  (1)  ((_b[tau0_1] + _b[tau1_1] + _b[tau2_1] + _b[tau3_1]
>  + _b[tau4_1] + _b[tau5_1])/6) - ((_b[tau0_0] + _b[tau1_
> 0] + _b[tau2_0] + _b[tau3_0] + _b[tau4_0] + _b[tau5_0])/
> 6) = 0

               chi2(1) =        1.32
           Prob > chi2 =        0.2499

 ( 1)  tau0_0 - tau0_1 = 0
 ( 2)  tau1_0 - tau1_1 = 0
 ( 3)  tau2_0 - tau2_1 = 0
 ( 4)  tau3_0 - tau3_1 = 0
 ( 5)  tau4_0 - tau4_1 = 0
 ( 6)  tau5_0 - tau5_1 = 0

           chi2(  6) =   12.17
         Prob > chi2 =    0.0584

 ( 1)  tau0_0 = 0
 ( 2)  tau1_0 = 0
 ( 3)  tau2_0 = 0
 ( 4)  tau3_0 = 0
 ( 5)  tau4_0 = 0
 ( 6)  tau5_0 = 0

           chi2(  6) =    3.84
         Prob > chi2 =    0.6987

 ( 1)  tau0_1 = 0
 ( 2)  tau1_1 = 0
 ( 3)  tau2_1 = 0
 ( 4)  tau3_1 = 0
 ( 5)  tau4_1 = 0
 ( 6)  tau5_1 = 0

           chi2(  6) =    8.63
         Prob > chi2 =    0.1957
Average urban effect:     0.001 (p =     0.699)
Average rural effect:     0.002 (p =     0.196)
Difference (rural - urban):     0.002 (p =     0.250)
Joint heterogeneity test p-value:     0.058
number of observations will be reset to 11
Press any key to continue, or Break to abort
Number of observations (_N) was 0, now 11.
file
    /Users/hhadah/Documents/GiT/residency-medicaid-expan
    > sion/output/figures/339-hetero_urbanrural_unmatche
    > d_per_100k_EM_event_unweighted.png saved as PNG
    format
file
    /Users/hhadah/Documents/GiT/residency-medicaid-expan
    > sion/my_paper/figures/339-hetero_urbanrural_unmatc
    > hed_per_100k_EM_event_unweighted.png saved as PNG
    format
ENT

==========================================================
> ===============
SPECIALTY GROUP (UNWEIGHTED): ENT (Urban/Rural Heterogenei
> ty)
==========================================================
> ===============


--- Outcome: quota (Urban/Rural, UNWEIGHTED) ---

                                                         N
> umber of obs                                            
>              = 1,100
----------------------------------------------------------
> --------------------
       quota | Coefficient  Std. err.      z    P>|z|     
> [95% con                                                
>         f. interval]
-------------+--------------------------------------------
> --------------------
      tau0_0 |  -.0309505   .0503825    -0.61   0.539    -
> .1296983                                                
>             .0677973
      tau0_1 |  -.1136364   .0517458    -2.20   0.028    -
> .2150562                                                
>            -.0122165
      tau1_0 |  -.1217463   .0713557    -1.71   0.088    -
> .2616009                                                
>             .0181083
      tau1_1 |   -.200505   .0603076    -3.32   0.001    -
> .3187058                                                
>            -.0823042
      tau2_0 |  -.2044848   .0817556    -2.50   0.012    -
> .3647227                                                
>            -.0442468
      tau2_1 |  -.2846801   .0719242    -3.96   0.000    -
> .4256491                                                
>            -.1437112
      tau3_0 |    -.23534   .0952635    -2.47   0.013     
> -.422053                                                
>            -.0486269
      tau3_1 |  -.3755892   .0839049    -4.48   0.000    -
> .5400398                                                
>            -.2111386
      tau4_0 |  -.2169238   .0957665    -2.27   0.024    -
> .4046227                                                
>             -.029225
      tau4_1 |   .0941077   .3640087     0.26   0.796    -
> .6193362                                                
>             .8075517
      tau5_0 |  -.1544665   .1275951    -1.21   0.226    -
> .4045482                                                
>             .0956153
      tau5_1 |    .009596   .3597815     0.03   0.979    -
> .6955627                                                
>             .7147547
        pre1 |   -.174022   .0977649    -1.78   0.075    -
> .3656377                                                
>             .0175937
        pre2 |  -.0720737   .0869209    -0.83   0.407    -
> .2424355                                                
>             .0982882
        pre3 |  -.1352422   .0785294    -1.72   0.085    -
> .2891571                                                
>             .0186726
        pre4 |   -.022963   .0774308    -0.30   0.767    -
> .1747246                                                
>             .1287986
        pre5 |   -.112857    .083191    -1.36   0.175    -
> .2759084                                                
>             .0501944
----------------------------------------------------------
> --------------------

 ( 1)  pre1 = 0
 ( 2)  pre2 = 0
 ( 3)  pre3 = 0
 ( 4)  pre4 = 0
 ( 5)  pre5 = 0

           chi2(  5) =    4.68
         Prob > chi2 =    0.4563

  (1)  ((_b[tau0_1] + _b[tau1_1] + _b[tau2_1] + _b[tau3_1]
>  + _b[tau4_1] + _b[tau5_1])/6) - ((_b[tau0_0] + _b[tau1_
> 0] + _b[tau2_0] + _b[tau3_0] + _b[tau4_0] + _b[tau5_0])/
> 6) = 0

               chi2(1) =        0.02
           Prob > chi2 =        0.8938

 ( 1)  tau0_0 - tau0_1 = 0
 ( 2)  tau1_0 - tau1_1 = 0
 ( 3)  tau2_0 - tau2_1 = 0
 ( 4)  tau3_0 - tau3_1 = 0
 ( 5)  tau4_0 - tau4_1 = 0
 ( 6)  tau5_0 - tau5_1 = 0

           chi2(  6) =   16.48
         Prob > chi2 =    0.0114

 ( 1)  tau0_0 = 0
 ( 2)  tau1_0 = 0
 ( 3)  tau2_0 = 0
 ( 4)  tau3_0 = 0
 ( 5)  tau4_0 = 0
 ( 6)  tau5_0 = 0

           chi2(  6) =    8.74
         Prob > chi2 =    0.1885

 ( 1)  tau0_1 = 0
 ( 2)  tau1_1 = 0
 ( 3)  tau2_1 = 0
 ( 4)  tau3_1 = 0
 ( 5)  tau4_1 = 0
 ( 6)  tau5_1 = 0

           chi2(  6) =   30.95
         Prob > chi2 =    0.0000
Average urban effect:    -0.161 (p =     0.189)
Average rural effect:    -0.145 (p =     0.000)
Difference (rural - urban):     0.016 (p =     0.894)
Joint heterogeneity test p-value:     0.011
number of observations will be reset to 11
Press any key to continue, or Break to abort
Number of observations (_N) was 0, now 11.
file
    /Users/hhadah/Documents/GiT/residency-medicaid-expan
    > sion/output/figures/340-hetero_urbanrural_quota_EN
    > T_event_unweighted.png saved as PNG format
file
    /Users/hhadah/Documents/GiT/residency-medicaid-expan
    > sion/my_paper/figures/340-hetero_urbanrural_quota_
    > ENT_event_unweighted.png saved as PNG format

--- Outcome: matched (Urban/Rural, UNWEIGHTED) ---

                                                         N
> umber of obs                                            
>              = 1,100
----------------------------------------------------------
> --------------------
     matched | Coefficient  Std. err.      z    P>|z|     
> [95% con                                                
>         f. interval]
-------------+--------------------------------------------
> --------------------
      tau0_0 |  -.0395428   .0557333    -0.71   0.478    -
> .1487781                                                
>             .0696926
      tau0_1 |  -.0113636   .1053314    -0.11   0.914    -
> .2178093                                                
>             .1950821
      tau1_0 |  -.1535689   .0745938    -2.06   0.040    -
> .2997701                                                
>            -.0073677
      tau1_1 |  -.1022727    .107604    -0.95   0.342    -
> .3131727                                                
>             .1086273
      tau2_0 |  -.1857575   .0967317    -1.92   0.055    -
> .3753482                                                
>             .0038332
      tau2_1 |  -.1527778   .1256137    -1.22   0.224     
> -.398976                                                
>             .0934205
      tau3_0 |  -.2659057   .1389463    -1.91   0.056    -
> .5382354                                                
>             .0064241
      tau3_1 |  -.6527778   .2841757    -2.30   0.022    -
> 1.209752                                                
>            -.0958037
      tau4_0 |  -.2458168   .1208657    -2.03   0.042    -
> .4827092                                                
>            -.0089245
      tau4_1 |   .2866162   .2861499     1.00   0.317    -
> .2742273                                                
>             .8474597
      tau5_0 |  -.1661484   .1295043    -1.28   0.200    -
> .4199722                                                
>             .0876755
      tau5_1 |   .1111953   .2743905     0.41   0.685    -
> .4266002                                                
>             .6489909
        pre1 |  -.0568419   .1096298    -0.52   0.604    -
> .2717123                                                
>             .1580285
        pre2 |   .0250395   .0863667     0.29   0.772    -
> .1442361                                                
>             .1943152
        pre3 |  -.0586514   .0889957    -0.66   0.510    -
> .2330798                                                
>              .115777
        pre4 |   .0192543   .0795086     0.24   0.809    -
> .1365797                                                
>             .1750884
        pre5 |   -.047416   .0991818    -0.48   0.633    -
> .2418087                                                
>             .1469767
----------------------------------------------------------
> --------------------

 ( 1)  pre1 = 0
 ( 2)  pre2 = 0
 ( 3)  pre3 = 0
 ( 4)  pre4 = 0
 ( 5)  pre5 = 0

           chi2(  5) =    1.63
         Prob > chi2 =    0.8977

  (1)  ((_b[tau0_1] + _b[tau1_1] + _b[tau2_1] + _b[tau3_1]
>  + _b[tau4_1] + _b[tau5_1])/6) - ((_b[tau0_0] + _b[tau1_
> 0] + _b[tau2_0] + _b[tau3_0] + _b[tau4_0] + _b[tau5_0])/
> 6) = 0

               chi2(1) =        0.95
           Prob > chi2 =        0.3303

 ( 1)  tau0_0 - tau0_1 = 0
 ( 2)  tau1_0 - tau1_1 = 0
 ( 3)  tau2_0 - tau2_1 = 0
 ( 4)  tau3_0 - tau3_1 = 0
 ( 5)  tau4_0 - tau4_1 = 0
 ( 6)  tau5_0 - tau5_1 = 0

           chi2(  6) =  223.21
         Prob > chi2 =    0.0000

 ( 1)  tau0_0 = 0
 ( 2)  tau1_0 = 0
 ( 3)  tau2_0 = 0
 ( 4)  tau3_0 = 0
 ( 5)  tau4_0 = 0
 ( 6)  tau5_0 = 0

           chi2(  6) =    6.24
         Prob > chi2 =    0.3969

 ( 1)  tau0_1 = 0
 ( 2)  tau1_1 = 0
 ( 3)  tau2_1 = 0
 ( 4)  tau3_1 = 0
 ( 5)  tau4_1 = 0
 ( 6)  tau5_1 = 0

           chi2(  6) =  203.82
         Prob > chi2 =    0.0000
Average urban effect:    -0.176 (p =     0.397)
Average rural effect:    -0.087 (p =     0.000)
Difference (rural - urban):     0.089 (p =     0.330)
Joint heterogeneity test p-value:     0.000
number of observations will be reset to 11
Press any key to continue, or Break to abort
Number of observations (_N) was 0, now 11.
file
    /Users/hhadah/Documents/GiT/residency-medicaid-expan
    > sion/output/figures/341-hetero_urbanrural_matched_
    > ENT_event_unweighted.png saved as PNG format
file
    /Users/hhadah/Documents/GiT/residency-medicaid-expan
    > sion/my_paper/figures/341-hetero_urbanrural_matche
    > d_ENT_event_unweighted.png saved as PNG format

--- Outcome: unmatched (Urban/Rural, UNWEIGHTED) ---

                                                         N
> umber of obs                                            
>              = 1,100
----------------------------------------------------------
> --------------------
   unmatched | Coefficient  Std. err.      z    P>|z|     
> [95% con                                                
>         f. interval]
-------------+--------------------------------------------
> --------------------
      tau0_0 |   .0085923   .0144268     0.60   0.551    -
> .0196837                                                
>             .0368684
      tau0_1 |  -.1022727   .0893371    -1.14   0.252    -
> .2773702                                                
>             .0728248
      tau1_0 |   .0318227   .0220524     1.44   0.149    -
> .0113993                                                
>             .0750446
      tau1_1 |  -.0982323   .0896008    -1.10   0.273    -
> .2738467                                                
>              .077382
      tau2_0 |  -.0187273   .0333264    -0.56   0.574    -
> .0840458                                                
>             .0465912
      tau2_1 |  -.1319023   .0946811    -1.39   0.164    -
> .3174739                                                
>             .0536693
      tau3_0 |   .0305657   .0746687     0.41   0.682    -
> .1157824                                                
>             .1769137
      tau3_1 |   .2771885   .2706671     1.02   0.306    -
> .2533092                                                
>             .8076863
      tau4_0 |   .0288931   .0694139     0.42   0.677    -
> .1071556                                                
>             .1649418
      tau4_1 |  -.1925084   .1084681    -1.77   0.076    -
> .4051019                                                
>             .0200851
      tau5_0 |   .0116819   .0174378     0.67   0.503    -
> .0224955                                                
>             .0458593
      tau5_1 |  -.1015993   .0896734    -1.13   0.257     
> -.277356                                                
>             .0741573
        pre1 |  -.1171801    .048588    -2.41   0.016    -
> .2124108                                                
>            -.0219494
        pre2 |  -.0971132   .0431082    -2.25   0.024    -
> .1816036                                                
>            -.0126227
        pre3 |  -.0765908   .0555154    -1.38   0.168     
> -.185399                                                
>             .0322174
        pre4 |  -.0422173   .0629347    -0.67   0.502     
> -.165567                                                
>             .0811324
        pre5 |  -.0654409   .0351293    -1.86   0.062     
> -.134293                                                
>             .0034111
----------------------------------------------------------
> --------------------

 ( 1)  pre1 = 0
 ( 2)  pre2 = 0
 ( 3)  pre3 = 0
 ( 4)  pre4 = 0
 ( 5)  pre5 = 0

           chi2(  5) =   16.83
         Prob > chi2 =    0.0048

  (1)  ((_b[tau0_1] + _b[tau1_1] + _b[tau2_1] + _b[tau3_1]
>  + _b[tau4_1] + _b[tau5_1])/6) - ((_b[tau0_0] + _b[tau1_
> 0] + _b[tau2_0] + _b[tau3_0] + _b[tau4_0] + _b[tau5_0])/
> 6) = 0

               chi2(1) =        4.32
           Prob > chi2 =        0.0377

 ( 1)  tau0_0 - tau0_1 = 0
 ( 2)  tau1_0 - tau1_1 = 0
 ( 3)  tau2_0 - tau2_1 = 0
 ( 4)  tau3_0 - tau3_1 = 0
 ( 5)  tau4_0 - tau4_1 = 0
 ( 6)  tau5_0 - tau5_1 = 0

           chi2(  6) =   10.42
         Prob > chi2 =    0.1079

 ( 1)  tau0_0 = 0
 ( 2)  tau1_0 = 0
 ( 3)  tau2_0 = 0
 ( 4)  tau3_0 = 0
 ( 5)  tau4_0 = 0
 ( 6)  tau5_0 = 0

           chi2(  6) =    6.28
         Prob > chi2 =    0.3928

 ( 1)  tau0_1 = 0
 ( 2)  tau1_1 = 0
 ( 3)  tau2_1 = 0
 ( 4)  tau3_1 = 0
 ( 5)  tau4_1 = 0
 ( 6)  tau5_1 = 0

           chi2(  6) =   10.03
         Prob > chi2 =    0.1235
Average urban effect:     0.015 (p =     0.393)
Average rural effect:    -0.058 (p =     0.124)
Difference (rural - urban):    -0.074 (p =     0.038)
Joint heterogeneity test p-value:     0.108
number of observations will be reset to 11
Press any key to continue, or Break to abort
Number of observations (_N) was 0, now 11.
file
    /Users/hhadah/Documents/GiT/residency-medicaid-expan
    > sion/output/figures/342-hetero_urbanrural_unmatche
    > d_ENT_event_unweighted.png saved as PNG format
file
    /Users/hhadah/Documents/GiT/residency-medicaid-expan
    > sion/my_paper/figures/342-hetero_urbanrural_unmatc
    > hed_ENT_event_unweighted.png saved as PNG format

--- Outcome: matched_per_100k (Urban/Rural, UNWEIGHTED) --
> -

                                                         N
> umber of obs                                            
>              = 1,100
----------------------------------------------------------
> --------------------
matched~100k | Coefficient  Std. err.      z    P>|z|     
> [95% con                                                
>         f. interval]
-------------+--------------------------------------------
> --------------------
      tau0_0 |   .0007411   .0014728     0.50   0.615    -
> .0021456                                                
>             .0036278
      tau0_1 |   .0074794   .0067848     1.10   0.270    -
> .0058186                                                
>             .0207774
      tau1_0 |  -.0029006   .0019657    -1.48   0.140    -
> .0067533                                                
>             .0009521
      tau1_1 |   .0067237    .006833     0.98   0.325    -
> .0066687                                                
>             .0201162
      tau2_0 |  -.0012232   .0021601    -0.57   0.571    -
> .0054568                                                
>             .0030105
      tau2_1 |   .0058183   .0069051     0.84   0.399    -
> .0077155                                                
>             .0193521
      tau3_0 |  -.0036009   .0022815    -1.58   0.114    -
> .0080724                                                
>             .0008707
      tau3_1 |  -.0320656   .0202085    -1.59   0.113    -
> .0716736                                                
>             .0075424
      tau4_0 |   -.004243    .002776    -1.53   0.126    -
> .0096839                                                
>             .0011978
      tau4_1 |   .0089263   .0037921     2.35   0.019     
> .0014938                                                
>             .0163588
      tau5_0 |  -.0048179   .0029854    -1.61   0.107    -
> .0106693                                                
>             .0010334
      tau5_1 |   .0069332   .0037853     1.83   0.067    -
> .0004857                                                
>             .0143522
        pre1 |  -.0016585   .0024666    -0.67   0.501    -
> .0064929                                                
>             .0031759
        pre2 |   .0005073   .0020415     0.25   0.804     
> -.003494                                                
>             .0045086
        pre3 |  -.0018487   .0017257    -1.07   0.284    -
> .0052311                                                
>             .0015337
        pre4 |   .0000942   .0016673     0.06   0.955    -
> .0031736                                                
>              .003362
        pre5 |   .0000791   .0010766     0.07   0.941     
> -.002031                                                
>             .0021892
----------------------------------------------------------
> --------------------

 ( 1)  pre1 = 0
 ( 2)  pre2 = 0
 ( 3)  pre3 = 0
 ( 4)  pre4 = 0
 ( 5)  pre5 = 0

           chi2(  5) =    1.97
         Prob > chi2 =    0.8536

  (1)  ((_b[tau0_1] + _b[tau1_1] + _b[tau2_1] + _b[tau3_1]
>  + _b[tau4_1] + _b[tau5_1])/6) - ((_b[tau0_0] + _b[tau1_
> 0] + _b[tau2_0] + _b[tau3_0] + _b[tau4_0] + _b[tau5_0])/
> 6) = 0

               chi2(1) =        5.08
           Prob > chi2 =        0.0242

 ( 1)  tau0_0 - tau0_1 = 0
 ( 2)  tau1_0 - tau1_1 = 0
 ( 3)  tau2_0 - tau2_1 = 0
 ( 4)  tau3_0 - tau3_1 = 0
 ( 5)  tau4_0 - tau4_1 = 0
 ( 6)  tau5_0 - tau5_1 = 0

           chi2(  6) =  168.94
         Prob > chi2 =    0.0000

 ( 1)  tau0_0 = 0
 ( 2)  tau1_0 = 0
 ( 3)  tau2_0 = 0
 ( 4)  tau3_0 = 0
 ( 5)  tau4_0 = 0
 ( 6)  tau5_0 = 0

           chi2(  6) =    5.92
         Prob > chi2 =    0.4325

 ( 1)  tau0_1 = 0
 ( 2)  tau1_1 = 0
 ( 3)  tau2_1 = 0
 ( 4)  tau3_1 = 0
 ( 5)  tau4_1 = 0
 ( 6)  tau5_1 = 0

           chi2(  6) =   27.06
         Prob > chi2 =    0.0001
Average urban effect:    -0.003 (p =     0.433)
Average rural effect:     0.001 (p =     0.000)
Difference (rural - urban):     0.003 (p =     0.024)
Joint heterogeneity test p-value:     0.000
number of observations will be reset to 11
Press any key to continue, or Break to abort
Number of observations (_N) was 0, now 11.
file
    /Users/hhadah/Documents/GiT/residency-medicaid-expan
    > sion/output/figures/343-hetero_urbanrural_matched_
    > per_100k_ENT_event_unweighted.png saved as PNG
    format
file
    /Users/hhadah/Documents/GiT/residency-medicaid-expan
    > sion/my_paper/figures/343-hetero_urbanrural_matche
    > d_per_100k_ENT_event_unweighted.png saved as PNG
    format

--- Outcome: quota_per_100k (Urban/Rural, UNWEIGHTED) ---

                                                         N
> umber of obs                                            
>              = 1,100
----------------------------------------------------------
> --------------------
quota_p~100k | Coefficient  Std. err.      z    P>|z|     
> [95% con                                                
>         f. interval]
-------------+--------------------------------------------
> --------------------
      tau0_0 |   .0006911   .0014103     0.49   0.624    -
> .0020731                                                
>             .0034553
      tau0_1 |  -.0017002   .0008975    -1.89   0.058    -
> .0034592                                                
>             .0000589
      tau1_0 |  -.0026637   .0019295    -1.38   0.167    -
> .0064453                                                
>              .001118
      tau1_1 |  -.0023998   .0012723    -1.89   0.059    -
> .0048934                                                
>             .0000939
      tau2_0 |  -.0019704   .0020186    -0.98   0.329    -
> .0059268                                                
>             .0019861
      tau2_1 |  -.0038992   .0014191    -2.75   0.006    -
> .0066806                                                
>            -.0011178
      tau3_0 |  -.0054594   .0025198    -2.17   0.030     
> -.010398                                                
>            -.0005207
      tau3_1 |  -.0063903    .002031    -3.15   0.002    -
> .0103709                                                
>            -.0024097
      tau4_0 |  -.0028986   .0025327    -1.14   0.252    -
> .0078627                                                
>             .0020654
      tau4_1 |  -.0007281   .0041111    -0.18   0.859    -
> .0087856                                                
>             .0073295
      tau5_0 |  -.0048713   .0029405    -1.66   0.098    -
> .0106346                                                
>             .0008921
      tau5_1 |  -.0022684   .0041343    -0.55   0.583    -
> .0103715                                                
>             .0058348
        pre1 |   -.003344   .0025587    -1.31   0.191     
> -.008359                                                
>              .001671
        pre2 |  -.0010032   .0022683    -0.44   0.658    -
> .0054491                                                
>             .0034426
        pre3 |  -.0027605   .0017415    -1.59   0.113    -
> .0061738                                                
>             .0006528
        pre4 |   .0001318    .001791     0.07   0.941    -
> .0033786                                                
>             .0036421
        pre5 |   -.000815   .0010097    -0.81   0.420    -
> .0027939                                                
>             .0011639
----------------------------------------------------------
> --------------------

 ( 1)  pre1 = 0
 ( 2)  pre2 = 0
 ( 3)  pre3 = 0
 ( 4)  pre4 = 0
 ( 5)  pre5 = 0

           chi2(  5) =    3.22
         Prob > chi2 =    0.6654

  (1)  ((_b[tau0_1] + _b[tau1_1] + _b[tau2_1] + _b[tau3_1]
>  + _b[tau4_1] + _b[tau5_1])/6) - ((_b[tau0_0] + _b[tau1_
> 0] + _b[tau2_0] + _b[tau3_0] + _b[tau4_0] + _b[tau5_0])/
> 6) = 0

               chi2(1) =        0.00
           Prob > chi2 =        0.9798

 ( 1)  tau0_0 - tau0_1 = 0
 ( 2)  tau1_0 - tau1_1 = 0
 ( 3)  tau2_0 - tau2_1 = 0
 ( 4)  tau3_0 - tau3_1 = 0
 ( 5)  tau4_0 - tau4_1 = 0
 ( 6)  tau5_0 - tau5_1 = 0

           chi2(  6) =   19.92
         Prob > chi2 =    0.0029

 ( 1)  tau0_0 = 0
 ( 2)  tau1_0 = 0
 ( 3)  tau2_0 = 0
 ( 4)  tau3_0 = 0
 ( 5)  tau4_0 = 0
 ( 6)  tau5_0 = 0

           chi2(  6) =    6.55
         Prob > chi2 =    0.3642

 ( 1)  tau0_1 = 0
 ( 2)  tau1_1 = 0
 ( 3)  tau2_1 = 0
 ( 4)  tau3_1 = 0
 ( 5)  tau4_1 = 0
 ( 6)  tau5_1 = 0

           chi2(  6) =   14.23
         Prob > chi2 =    0.0272
Average urban effect:    -0.003 (p =     0.364)
Average rural effect:    -0.003 (p =     0.027)
Difference (rural - urban):    -0.000 (p =     0.980)
Joint heterogeneity test p-value:     0.003
number of observations will be reset to 11
Press any key to continue, or Break to abort
Number of observations (_N) was 0, now 11.
file
    /Users/hhadah/Documents/GiT/residency-medicaid-expan
    > sion/output/figures/344-hetero_urbanrural_quota_pe
    > r_100k_ENT_event_unweighted.png saved as PNG
    format
file
    /Users/hhadah/Documents/GiT/residency-medicaid-expan
    > sion/my_paper/figures/344-hetero_urbanrural_quota_
    > per_100k_ENT_event_unweighted.png saved as PNG
    format

--- Outcome: unmatched_per_100k (Urban/Rural, UNWEIGHTED) 
> ---

                                                         N
> umber of obs                                            
>              = 1,100
----------------------------------------------------------
> --------------------
unmatch~100k | Coefficient  Std. err.      z    P>|z|     
> [95% con                                                
>         f. interval]
-------------+--------------------------------------------
> --------------------
      tau0_0 |  -.0000499   .0002653    -0.19   0.851     
>  -.00057                                                
>             .0004701
      tau0_1 |  -.0091796   .0067163    -1.37   0.172    -
> .0223432                                                
>             .0039841
      tau1_0 |    .000237    .000434     0.55   0.585    -
> .0006137                                                
>             .0010876
      tau1_1 |  -.0091235   .0067169    -1.36   0.174    -
> .0222883                                                
>             .0040414
      tau2_0 |  -.0007472   .0005709    -1.31   0.191    -
> .0018662                                                
>             .0003718
      tau2_1 |  -.0097175   .0067344    -1.44   0.149    -
> .0229167                                                
>             .0034818
      tau3_0 |  -.0018585   .0017127    -1.09   0.278    -
> .0052152                                                
>             .0014983
      tau3_1 |   .0256754   .0202345     1.27   0.204    -
> .0139836                                                
>             .0653343
      tau4_0 |   .0013444   .0009626     1.40   0.163    -
> .0005422                                                
>              .003231
      tau4_1 |  -.0096544   .0067246    -1.44   0.151    -
> .0228343                                                
>             .0035255
      tau5_0 |  -.0000533   .0003067    -0.17   0.862    -
> .0006545                                                
>             .0005478
      tau5_1 |  -.0092016   .0067163    -1.37   0.171    -
> .0223654                                                
>             .0039622
        pre1 |  -.0016855   .0008992    -1.87   0.061    -
> .0034479                                                
>             .0000769
        pre2 |  -.0015105   .0009407    -1.61   0.108    -
> .0033543                                                
>             .0003333
        pre3 |  -.0009118   .0010363    -0.88   0.379    -
> .0029429                                                
>             .0011193
        pre4 |   .0000375   .0013591     0.03   0.978    -
> .0026263                                                
>             .0027014
        pre5 |  -.0008941   .0006099    -1.47   0.143    -
> .0020894                                                
>             .0003012
----------------------------------------------------------
> --------------------

 ( 1)  pre1 = 0
 ( 2)  pre2 = 0
 ( 3)  pre3 = 0
 ( 4)  pre4 = 0
 ( 5)  pre5 = 0

           chi2(  5) =    6.95
         Prob > chi2 =    0.2242

  (1)  ((_b[tau0_1] + _b[tau1_1] + _b[tau2_1] + _b[tau3_1]
>  + _b[tau4_1] + _b[tau5_1])/6) - ((_b[tau0_0] + _b[tau1_
> 0] + _b[tau2_0] + _b[tau3_0] + _b[tau4_0] + _b[tau5_0])/
> 6) = 0

               chi2(1) =        2.17
           Prob > chi2 =        0.1409

 ( 1)  tau0_0 - tau0_1 = 0
 ( 2)  tau1_0 - tau1_1 = 0
 ( 3)  tau2_0 - tau2_1 = 0
 ( 4)  tau3_0 - tau3_1 = 0
 ( 5)  tau4_0 - tau4_1 = 0
 ( 6)  tau5_0 - tau5_1 = 0

           chi2(  6) =   10.18
         Prob > chi2 =    0.1173

 ( 1)  tau0_0 = 0
 ( 2)  tau1_0 = 0
 ( 3)  tau2_0 = 0
 ( 4)  tau3_0 = 0
 ( 5)  tau4_0 = 0
 ( 6)  tau5_0 = 0

           chi2(  6) =    5.30
         Prob > chi2 =    0.5062

 ( 1)  tau0_1 = 0
 ( 2)  tau1_1 = 0
 ( 3)  tau2_1 = 0
 ( 4)  tau3_1 = 0
 ( 5)  tau4_1 = 0
 ( 6)  tau5_1 = 0

           chi2(  6) =    9.51
         Prob > chi2 =    0.1469
Average urban effect:    -0.000 (p =     0.506)
Average rural effect:    -0.004 (p =     0.147)
Difference (rural - urban):    -0.003 (p =     0.141)
Joint heterogeneity test p-value:     0.117
number of observations will be reset to 11
Press any key to continue, or Break to abort
Number of observations (_N) was 0, now 11.
file
    /Users/hhadah/Documents/GiT/residency-medicaid-expan
    > sion/output/figures/345-hetero_urbanrural_unmatche
    > d_per_100k_ENT_event_unweighted.png saved as PNG
    format
file
    /Users/hhadah/Documents/GiT/residency-medicaid-expan
    > sion/my_paper/figures/345-hetero_urbanrural_unmatc
    > hed_per_100k_ENT_event_unweighted.png saved as PNG
    format
FM

==========================================================
> ===============
SPECIALTY GROUP (UNWEIGHTED): FM (Urban/Rural Heterogeneit
> y)
==========================================================
> ===============


--- Outcome: quota (Urban/Rural, UNWEIGHTED) ---

                                                         N
> umber of obs                                            
>              = 5,320
----------------------------------------------------------
> --------------------
       quota | Coefficient  Std. err.      z    P>|z|     
> [95% con                                                
>         f. interval]
-------------+--------------------------------------------
> --------------------
      tau0_0 |   .0502998   .1389758     0.36   0.717    -
> .2220878                                                
>             .3226873
      tau0_1 |  -.6197458   .1942918    -3.19   0.001    -
> 1.000551                                                
>            -.2389409
      tau1_0 |   -.045482   .1829936    -0.25   0.804    -
> .4041429                                                
>             .3131789
      tau1_1 |  -.8381828   .1752085    -4.78   0.000    -
> 1.181585                                                
>            -.4947805
      tau2_0 |  -.1224103   .2043708    -0.60   0.549    -
> .5229696                                                
>             .2781491
      tau2_1 |  -.8074146    .252611    -3.20   0.001    -
> 1.302523                                                
>            -.3123061
      tau3_0 |  -.3431058   .2507577    -1.37   0.171    -
> .8345818                                                
>             .1483702
      tau3_1 |  -1.171423   .2978876    -3.93   0.000    -
> 1.755272                                                
>            -.5875743
      tau4_0 |  -.1258701   .2826758    -0.45   0.656    -
> .6799044                                                
>             .4281643
      tau4_1 |  -.8152566    .369007    -2.21   0.027    -
> 1.538497                                                
>            -.0920162
      tau5_0 |  -.0969109   .3052712    -0.32   0.751    -
> .6952315                                                
>             .5014096
      tau5_1 |  -.0760777   .4948899    -0.15   0.878    -
> 1.046044                                                
>             .8938887
        pre1 |   -.822949   .4105498    -2.00   0.045    -
> 1.627612                                                
>            -.0182862
        pre2 |  -.7716236   .3958514    -1.95   0.051    -
> 1.547478                                                
>             .0042308
        pre3 |  -.7715778   .3663034    -2.11   0.035    -
> 1.489519                                                
>            -.0536364
        pre4 |  -.7871157    .339034    -2.32   0.020     
> -1.45161                                                
>            -.1226213
        pre5 |  -.7025393    .285351    -2.46   0.014    -
> 1.261817                                                
>            -.1432616
----------------------------------------------------------
> --------------------

 ( 1)  pre1 = 0
 ( 2)  pre2 = 0
 ( 3)  pre3 = 0
 ( 4)  pre4 = 0
 ( 5)  pre5 = 0

           chi2(  5) =    6.50
         Prob > chi2 =    0.2605

  (1)  ((_b[tau0_1] + _b[tau1_1] + _b[tau2_1] + _b[tau3_1]
>  + _b[tau4_1] + _b[tau5_1])/6) - ((_b[tau0_0] + _b[tau1_
> 0] + _b[tau2_0] + _b[tau3_0] + _b[tau4_0] + _b[tau5_0])/
> 6) = 0

               chi2(1) =       11.12
           Prob > chi2 =        0.0009

 ( 1)  tau0_0 - tau0_1 = 0
 ( 2)  tau1_0 - tau1_1 = 0
 ( 3)  tau2_0 - tau2_1 = 0
 ( 4)  tau3_0 - tau3_1 = 0
 ( 5)  tau4_0 - tau4_1 = 0
 ( 6)  tau5_0 - tau5_1 = 0

           chi2(  6) =   25.72
         Prob > chi2 =    0.0003

 ( 1)  tau0_0 = 0
 ( 2)  tau1_0 = 0
 ( 3)  tau2_0 = 0
 ( 4)  tau3_0 = 0
 ( 5)  tau4_0 = 0
 ( 6)  tau5_0 = 0

           chi2(  6) =    7.44
         Prob > chi2 =    0.2822

 ( 1)  tau0_1 = 0
 ( 2)  tau1_1 = 0
 ( 3)  tau2_1 = 0
 ( 4)  tau3_1 = 0
 ( 5)  tau4_1 = 0
 ( 6)  tau5_1 = 0

           chi2(  6) =   36.40
         Prob > chi2 =    0.0000
Average urban effect:    -0.114 (p =     0.282)
Average rural effect:    -0.721 (p =     0.000)
Difference (rural - urban):    -0.607 (p =     0.001)
Joint heterogeneity test p-value:     0.000
number of observations will be reset to 11
Press any key to continue, or Break to abort
Number of observations (_N) was 0, now 11.
file
    /Users/hhadah/Documents/GiT/residency-medicaid-expan
    > sion/output/figures/346-hetero_urbanrural_quota_FM
    > _event_unweighted.png saved as PNG format
file
    /Users/hhadah/Documents/GiT/residency-medicaid-expan
    > sion/my_paper/figures/346-hetero_urbanrural_quota_
    > FM_event_unweighted.png saved as PNG format

--- Outcome: matched (Urban/Rural, UNWEIGHTED) ---

                                                         N
> umber of obs                                            
>              = 5,320
----------------------------------------------------------
> --------------------
     matched | Coefficient  Std. err.      z    P>|z|     
> [95% con                                                
>         f. interval]
-------------+--------------------------------------------
> --------------------
      tau0_0 |   .0463775   .1585998     0.29   0.770    -
> .2644724                                                
>             .3572273
      tau0_1 |  -.7568898    .194695    -3.89   0.000    -
> 1.138485                                                
>            -.3752946
      tau1_0 |  -.0955984    .185212    -0.52   0.606    -
> .4586073                                                
>             .2674105
      tau1_1 |  -1.043708    .200226    -5.21   0.000    -
> 1.436144                                                
>            -.6512724
      tau2_0 |  -.0753243   .1979772    -0.38   0.704    -
> .4633525                                                
>             .3127038
      tau2_1 |  -.8839084   .2782877    -3.18   0.001    -
> 1.429342                                                
>            -.3384746
      tau3_0 |  -.3751614   .2272384    -1.65   0.099    -
> .8205404                                                
>             .0702177
      tau3_1 |  -1.332831   .3495822    -3.81   0.000    -
> 2.017999                                                
>            -.6476623
      tau4_0 |   -.229631   .2692224    -0.85   0.394    -
> .7572971                                                
>             .2980351
      tau4_1 |  -1.247062    .438021    -2.85   0.004    -
> 2.105567                                                
>            -.3885562
      tau5_0 |  -.0450251   .2795548    -0.16   0.872    -
> .5929424                                                
>             .5028923
      tau5_1 |  -.7064833   .4219995    -1.67   0.094    -
> 1.533587                                                
>             .1206205
        pre1 |  -.5720413   .5643448    -1.01   0.311    -
> 1.678137                                                
>             .5340541
        pre2 |  -.4196129   .5455128    -0.77   0.442    -
> 1.488798                                                
>             .6495725
        pre3 |  -.4138901   .5245892    -0.79   0.430    -
> 1.442066                                                
>             .6142859
        pre4 |  -.5323908   .5109303    -1.04   0.297    -
> 1.533796                                                
>             .4690141
        pre5 |  -.3490247   .4915425    -0.71   0.478     
> -1.31243                                                
>             .6143809
----------------------------------------------------------
> --------------------

 ( 1)  pre1 = 0
 ( 2)  pre2 = 0
 ( 3)  pre3 = 0
 ( 4)  pre4 = 0
 ( 5)  pre5 = 0

           chi2(  5) =    4.50
         Prob > chi2 =    0.4792

  (1)  ((_b[tau0_1] + _b[tau1_1] + _b[tau2_1] + _b[tau3_1]
>  + _b[tau4_1] + _b[tau5_1])/6) - ((_b[tau0_0] + _b[tau1_
> 0] + _b[tau2_0] + _b[tau3_0] + _b[tau4_0] + _b[tau5_0])/
> 6) = 0

               chi2(1) =       18.27
           Prob > chi2 =        0.0000

 ( 1)  tau0_0 - tau0_1 = 0
 ( 2)  tau1_0 - tau1_1 = 0
 ( 3)  tau2_0 - tau2_1 = 0
 ( 4)  tau3_0 - tau3_1 = 0
 ( 5)  tau4_0 - tau4_1 = 0
 ( 6)  tau5_0 - tau5_1 = 0

           chi2(  6) =  181.14
         Prob > chi2 =    0.0000

 ( 1)  tau0_0 = 0
 ( 2)  tau1_0 = 0
 ( 3)  tau2_0 = 0
 ( 4)  tau3_0 = 0
 ( 5)  tau4_0 = 0
 ( 6)  tau5_0 = 0

           chi2(  6) =    7.16
         Prob > chi2 =    0.3061

 ( 1)  tau0_1 = 0
 ( 2)  tau1_1 = 0
 ( 3)  tau2_1 = 0
 ( 4)  tau3_1 = 0
 ( 5)  tau4_1 = 0
 ( 6)  tau5_1 = 0

           chi2(  6) =   53.61
         Prob > chi2 =    0.0000
Average urban effect:    -0.129 (p =     0.306)
Average rural effect:    -0.995 (p =     0.000)
Difference (rural - urban):    -0.866 (p =     0.000)
Joint heterogeneity test p-value:     0.000
number of observations will be reset to 11
Press any key to continue, or Break to abort
Number of observations (_N) was 0, now 11.
file
    /Users/hhadah/Documents/GiT/residency-medicaid-expan
    > sion/output/figures/347-hetero_urbanrural_matched_
    > FM_event_unweighted.png saved as PNG format
file
    /Users/hhadah/Documents/GiT/residency-medicaid-expan
    > sion/my_paper/figures/347-hetero_urbanrural_matche
    > d_FM_event_unweighted.png saved as PNG format

--- Outcome: unmatched (Urban/Rural, UNWEIGHTED) ---

                                                         N
> umber of obs                                            
>              = 5,320
----------------------------------------------------------
> --------------------
   unmatched | Coefficient  Std. err.      z    P>|z|     
> [95% con                                                
>         f. interval]
-------------+--------------------------------------------
> --------------------
      tau0_0 |   .0039224   .0741656     0.05   0.958    -
> .1414396                                                
>             .1492843
      tau0_1 |   .1371439   .1367568     1.00   0.316    -
> .1308944                                                
>             .4051823
      tau1_0 |   .0501164   .0697185     0.72   0.472    -
> .0865294                                                
>             .1867623
      tau1_1 |   .2055252   .1049854     1.96   0.050    -
> .0002423                                                
>             .4112928
      tau2_0 |   -.047086   .0757097    -0.62   0.534    -
> .1954742                                                
>             .1013022
      tau2_1 |   .0764938   .1612962     0.47   0.635     
> -.239641                                                
>             .3926286
      tau3_0 |   .0320555   .0959482     0.33   0.738    -
> .1559994                                                
>             .2201104
      tau3_1 |   .1614076   .1359705     1.19   0.235    -
> .1050897                                                
>             .4279049
      tau4_0 |   .1037609   .0933949     1.11   0.267    -
> .0792898                                                
>             .2868115
      tau4_1 |   .4318049   .1941823     2.22   0.026     
> .0512146                                                
>             .8123953
      tau5_0 |  -.0518859   .1553662    -0.33   0.738     
> -.356398                                                
>             .2526262
      tau5_1 |   .6304058   .3635052     1.73   0.083    -
> .0820513                                                
>             1.342863
        pre1 |  -.2509077   .2160104    -1.16   0.245    -
> .6742802                                                
>             .1724648
        pre2 |  -.3520107   .2245735    -1.57   0.117    -
> .7921666                                                
>             .0881453
        pre3 |  -.3576877   .2223586    -1.61   0.108    -
> .7935025                                                
>             .0781271
        pre4 |  -.2547249   .2216858    -1.15   0.251     
> -.689221                                                
>             .1797713
        pre5 |  -.3535145   .2919344    -1.21   0.226    -
> .9256954                                                
>             .2186663
----------------------------------------------------------
> --------------------

 ( 1)  pre1 = 0
 ( 2)  pre2 = 0
 ( 3)  pre3 = 0
 ( 4)  pre4 = 0
 ( 5)  pre5 = 0

           chi2(  5) =    6.43
         Prob > chi2 =    0.2664

  (1)  ((_b[tau0_1] + _b[tau1_1] + _b[tau2_1] + _b[tau3_1]
>  + _b[tau4_1] + _b[tau5_1])/6) - ((_b[tau0_0] + _b[tau1_
> 0] + _b[tau2_0] + _b[tau3_0] + _b[tau4_0] + _b[tau5_0])/
> 6) = 0

               chi2(1) =        4.65
           Prob > chi2 =        0.0310

 ( 1)  tau0_0 - tau0_1 = 0
 ( 2)  tau1_0 - tau1_1 = 0
 ( 3)  tau2_0 - tau2_1 = 0
 ( 4)  tau3_0 - tau3_1 = 0
 ( 5)  tau4_0 - tau4_1 = 0
 ( 6)  tau5_0 - tau5_1 = 0

           chi2(  6) =    8.02
         Prob > chi2 =    0.2363

 ( 1)  tau0_0 = 0
 ( 2)  tau1_0 = 0
 ( 3)  tau2_0 = 0
 ( 4)  tau3_0 = 0
 ( 5)  tau4_0 = 0
 ( 6)  tau5_0 = 0

           chi2(  6) =    6.84
         Prob > chi2 =    0.3360

 ( 1)  tau0_1 = 0
 ( 2)  tau1_1 = 0
 ( 3)  tau2_1 = 0
 ( 4)  tau3_1 = 0
 ( 5)  tau4_1 = 0
 ( 6)  tau5_1 = 0

           chi2(  6) =   14.76
         Prob > chi2 =    0.0222
Average urban effect:     0.015 (p =     0.336)
Average rural effect:     0.274 (p =     0.022)
Difference (rural - urban):     0.259 (p =     0.031)
Joint heterogeneity test p-value:     0.236
number of observations will be reset to 11
Press any key to continue, or Break to abort
Number of observations (_N) was 0, now 11.
file
    /Users/hhadah/Documents/GiT/residency-medicaid-expan
    > sion/output/figures/348-hetero_urbanrural_unmatche
    > d_FM_event_unweighted.png saved as PNG format
file
    /Users/hhadah/Documents/GiT/residency-medicaid-expan
    > sion/my_paper/figures/348-hetero_urbanrural_unmatc
    > hed_FM_event_unweighted.png saved as PNG format

--- Outcome: matched_per_100k (Urban/Rural, UNWEIGHTED) --
> -

                                                         N
> umber of obs                                            
>              = 5,320
----------------------------------------------------------
> --------------------
matched~100k | Coefficient  Std. err.      z    P>|z|     
> [95% con                                                
>         f. interval]
-------------+--------------------------------------------
> --------------------
      tau0_0 |  -.0086435   .0069358    -1.25   0.213    -
> .0222375                                                
>             .0049505
      tau0_1 |  -.0204322   .0069122    -2.96   0.003    -
> .0339799                                                
>            -.0068844
      tau1_0 |  -.0108899   .0081942    -1.33   0.184    -
> .0269503                                                
>             .0051704
      tau1_1 |  -.0218494   .0089515    -2.44   0.015     
> -.039394                                                
>            -.0043048
      tau2_0 |  -.0073869   .0062805    -1.18   0.240    -
> .0196964                                                
>             .0049226
      tau2_1 |  -.0202365   .0093417    -2.17   0.030    -
> .0385458                                                
>            -.0019271
      tau3_0 |  -.0078181   .0083171    -0.94   0.347    -
> .0241194                                                
>             .0084832
      tau3_1 |  -.0185552   .0107123    -1.73   0.083    -
> .0395509                                                
>             .0024405
      tau4_0 |   -.012998   .0115325    -1.13   0.260    -
> .0356013                                                
>             .0096053
      tau4_1 |    -.02693   .0133078    -2.02   0.043    -
> .0530127                                                
>            -.0008473
      tau5_0 |  -.0092332   .0149482    -0.62   0.537     
> -.038531                                                
>             .0200647
      tau5_1 |  -.0147595   .0177963    -0.83   0.407    -
> .0496395                                                
>             .0201206
        pre1 |   -.000043   .0290236    -0.00   0.999    -
> .0569282                                                
>             .0568422
        pre2 |   .0097452   .0300303     0.32   0.746     
> -.049113                                                
>             .0686035
        pre3 |   .0135392   .0298108     0.45   0.650    -
> .0448889                                                
>             .0719674
        pre4 |    .008112   .0248974     0.33   0.745    -
> .0406861                                                
>               .05691
        pre5 |   .0067163   .0215683     0.31   0.755    -
> .0355568                                                
>             .0489895
----------------------------------------------------------
> --------------------

 ( 1)  pre1 = 0
 ( 2)  pre2 = 0
 ( 3)  pre3 = 0
 ( 4)  pre4 = 0
 ( 5)  pre5 = 0

           chi2(  5) =    4.43
         Prob > chi2 =    0.4899

  (1)  ((_b[tau0_1] + _b[tau1_1] + _b[tau2_1] + _b[tau3_1]
>  + _b[tau4_1] + _b[tau5_1])/6) - ((_b[tau0_0] + _b[tau1_
> 0] + _b[tau2_0] + _b[tau3_0] + _b[tau4_0] + _b[tau5_0])/
> 6) = 0

               chi2(1) =        2.55
           Prob > chi2 =        0.1102

 ( 1)  tau0_0 - tau0_1 = 0
 ( 2)  tau1_0 - tau1_1 = 0
 ( 3)  tau2_0 - tau2_1 = 0
 ( 4)  tau3_0 - tau3_1 = 0
 ( 5)  tau4_0 - tau4_1 = 0
 ( 6)  tau5_0 - tau5_1 = 0

           chi2(  6) =   24.08
         Prob > chi2 =    0.0005

 ( 1)  tau0_0 = 0
 ( 2)  tau1_0 = 0
 ( 3)  tau2_0 = 0
 ( 4)  tau3_0 = 0
 ( 5)  tau4_0 = 0
 ( 6)  tau5_0 = 0

           chi2(  6) =    3.88
         Prob > chi2 =    0.6935

 ( 1)  tau0_1 = 0
 ( 2)  tau1_1 = 0
 ( 3)  tau2_1 = 0
 ( 4)  tau3_1 = 0
 ( 5)  tau4_1 = 0
 ( 6)  tau5_1 = 0

           chi2(  6) =   16.57
         Prob > chi2 =    0.0110
Average urban effect:    -0.009 (p =     0.693)
Average rural effect:    -0.020 (p =     0.011)
Difference (rural - urban):    -0.011 (p =     0.110)
Joint heterogeneity test p-value:     0.001
number of observations will be reset to 11
Press any key to continue, or Break to abort
Number of observations (_N) was 0, now 11.
file
    /Users/hhadah/Documents/GiT/residency-medicaid-expan
    > sion/output/figures/349-hetero_urbanrural_matched_
    > per_100k_FM_event_unweighted.png saved as PNG
    format
file
    /Users/hhadah/Documents/GiT/residency-medicaid-expan
    > sion/my_paper/figures/349-hetero_urbanrural_matche
    > d_per_100k_FM_event_unweighted.png saved as PNG
    format

--- Outcome: quota_per_100k (Urban/Rural, UNWEIGHTED) ---

                                                         N
> umber of obs                                            
>              = 5,320
----------------------------------------------------------
> --------------------
quota_p~100k | Coefficient  Std. err.      z    P>|z|     
> [95% con                                                
>         f. interval]
-------------+--------------------------------------------
> --------------------
      tau0_0 |  -.0051579   .0056217    -0.92   0.359    -
> .0161763                                                
>             .0058605
      tau0_1 |  -.0182027   .0060199    -3.02   0.002    -
> .0300015                                                
>            -.0064038
      tau1_0 |  -.0070557   .0069661    -1.01   0.311    -
> .0207091                                                
>             .0065976
      tau1_1 |  -.0178341   .0069343    -2.57   0.010    -
> .0314252                                                
>            -.0042431
      tau2_0 |  -.0050522   .0055378    -0.91   0.362     
> -.015906                                                
>             .0058016
      tau2_1 |  -.0142108   .0066757    -2.13   0.033    -
> .0272949                                                
>            -.0011267
      tau3_0 |  -.0026095   .0068594    -0.38   0.704    -
> .0160536                                                
>             .0108346
      tau3_1 |  -.0144682   .0081575    -1.77   0.076    -
> .0304566                                                
>             .0015202
      tau4_0 |  -.0076872   .0097054    -0.79   0.428    -
> .0267093                                                
>              .011335
      tau4_1 |  -.0154895   .0109699    -1.41   0.158    -
> .0369902                                                
>             .0060111
      tau5_0 |  -.0042248   .0132949    -0.32   0.751    -
> .0302823                                                
>             .0218327
      tau5_1 |   .0029947   .0207345     0.14   0.885    -
> .0376441                                                
>             .0436335
        pre1 |  -.0029117    .023601    -0.12   0.902    -
> .0491688                                                
>             .0433454
        pre2 |     .00475   .0246586     0.19   0.847     
>  -.04358                                                
>               .05308
        pre3 |   .0080966   .0246509     0.33   0.743    -
> .0402183                                                
>             .0564116
        pre4 |   .0021539   .0194357     0.11   0.912    -
> .0359395                                                
>             .0402472
        pre5 |    .000518   .0164178     0.03   0.975    -
> .0316604                                                
>             .0326963
----------------------------------------------------------
> --------------------

 ( 1)  pre1 = 0
 ( 2)  pre2 = 0
 ( 3)  pre3 = 0
 ( 4)  pre4 = 0
 ( 5)  pre5 = 0

           chi2(  5) =    3.43
         Prob > chi2 =    0.6340

  (1)  ((_b[tau0_1] + _b[tau1_1] + _b[tau2_1] + _b[tau3_1]
>  + _b[tau4_1] + _b[tau5_1])/6) - ((_b[tau0_0] + _b[tau1_
> 0] + _b[tau2_0] + _b[tau3_0] + _b[tau4_0] + _b[tau5_0])/
> 6) = 0

               chi2(1) =        1.53
           Prob > chi2 =        0.2154

 ( 1)  tau0_0 - tau0_1 = 0
 ( 2)  tau1_0 - tau1_1 = 0
 ( 3)  tau2_0 - tau2_1 = 0
 ( 4)  tau3_0 - tau3_1 = 0
 ( 5)  tau4_0 - tau4_1 = 0
 ( 6)  tau5_0 - tau5_1 = 0

           chi2(  6) =   22.81
         Prob > chi2 =    0.0009

 ( 1)  tau0_0 = 0
 ( 2)  tau1_0 = 0
 ( 3)  tau2_0 = 0
 ( 4)  tau3_0 = 0
 ( 5)  tau4_0 = 0
 ( 6)  tau5_0 = 0

           chi2(  6) =    2.72
         Prob > chi2 =    0.8425

 ( 1)  tau0_1 = 0
 ( 2)  tau1_1 = 0
 ( 3)  tau2_1 = 0
 ( 4)  tau3_1 = 0
 ( 5)  tau4_1 = 0
 ( 6)  tau5_1 = 0

           chi2(  6) =   17.58
         Prob > chi2 =    0.0074
Average urban effect:    -0.005 (p =     0.843)
Average rural effect:    -0.013 (p =     0.007)
Difference (rural - urban):    -0.008 (p =     0.215)
Joint heterogeneity test p-value:     0.001
number of observations will be reset to 11
Press any key to continue, or Break to abort
Number of observations (_N) was 0, now 11.
file
    /Users/hhadah/Documents/GiT/residency-medicaid-expan
    > sion/output/figures/350-hetero_urbanrural_quota_pe
    > r_100k_FM_event_unweighted.png saved as PNG format
file
    /Users/hhadah/Documents/GiT/residency-medicaid-expan
    > sion/my_paper/figures/350-hetero_urbanrural_quota_
    > per_100k_FM_event_unweighted.png saved as PNG
    format

--- Outcome: unmatched_per_100k (Urban/Rural, UNWEIGHTED) 
> ---

                                                         N
> umber of obs                                            
>              = 5,320
----------------------------------------------------------
> --------------------
unmatch~100k | Coefficient  Std. err.      z    P>|z|     
> [95% con                                                
>         f. interval]
-------------+--------------------------------------------
> --------------------
      tau0_0 |   .0034856   .0029172     1.19   0.232    -
> .0022319                                                
>             .0092031
      tau0_1 |   .0022295   .0032105     0.69   0.487     
> -.004063                                                
>              .008522
      tau1_0 |   .0038342   .0030826     1.24   0.214    -
> .0022076                                                
>              .009876
      tau1_1 |   .0040153   .0037676     1.07   0.287    -
> .0033691                                                
>             .0113997
      tau2_0 |   .0023347   .0023196     1.01   0.314    -
> .0022116                                                
>              .006881
      tau2_1 |   .0060257   .0049781     1.21   0.226    -
> .0037312                                                
>             .0157826
      tau3_0 |   .0052086   .0035617     1.46   0.144    -
> .0017722                                                
>             .0121894
      tau3_1 |    .004087   .0040131     1.02   0.308    -
> .0037786                                                
>             .0119526
      tau4_0 |   .0053108    .003507     1.51   0.130    -
> .0015628                                                
>             .0121844
      tau4_1 |   .0114405   .0063228     1.81   0.070    -
> .0009519                                                
>             .0238329
      tau5_0 |   .0050084   .0048432     1.03   0.301    -
> .0044841                                                
>             .0145009
      tau5_1 |   .0177541   .0092997     1.91   0.056    -
> .0004729                                                
>             .0359812
        pre1 |  -.0028687   .0073423    -0.39   0.696    -
> .0172593                                                
>             .0115219
        pre2 |  -.0049952   .0077262    -0.65   0.518    -
> .0201384                                                
>             .0101479
        pre3 |  -.0054426   .0075883    -0.72   0.473    -
> .0203153                                                
>             .0094301
        pre4 |  -.0059581   .0070193    -0.85   0.396    -
> .0197156                                                
>             .0077995
        pre5 |  -.0061984   .0098494    -0.63   0.529    -
> .0255029                                                
>             .0131061
----------------------------------------------------------
> --------------------

 ( 1)  pre1 = 0
 ( 2)  pre2 = 0
 ( 3)  pre3 = 0
 ( 4)  pre4 = 0
 ( 5)  pre5 = 0

           chi2(  5) =    4.14
         Prob > chi2 =    0.5300

  (1)  ((_b[tau0_1] + _b[tau1_1] + _b[tau2_1] + _b[tau3_1]
>  + _b[tau4_1] + _b[tau5_1])/6) - ((_b[tau0_0] + _b[tau1_
> 0] + _b[tau2_0] + _b[tau3_0] + _b[tau4_0] + _b[tau5_0])/
> 6) = 0

               chi2(1) =        1.73
           Prob > chi2 =        0.1882

 ( 1)  tau0_0 - tau0_1 = 0
 ( 2)  tau1_0 - tau1_1 = 0
 ( 3)  tau2_0 - tau2_1 = 0
 ( 4)  tau3_0 - tau3_1 = 0
 ( 5)  tau4_0 - tau4_1 = 0
 ( 6)  tau5_0 - tau5_1 = 0

           chi2(  6) =    5.62
         Prob > chi2 =    0.4668

 ( 1)  tau0_0 = 0
 ( 2)  tau1_0 = 0
 ( 3)  tau2_0 = 0
 ( 4)  tau3_0 = 0
 ( 5)  tau4_0 = 0
 ( 6)  tau5_0 = 0

           chi2(  6) =    3.82
         Prob > chi2 =    0.7012

 ( 1)  tau0_1 = 0
 ( 2)  tau1_1 = 0
 ( 3)  tau2_1 = 0
 ( 4)  tau3_1 = 0
 ( 5)  tau4_1 = 0
 ( 6)  tau5_1 = 0

           chi2(  6) =    7.41
         Prob > chi2 =    0.2847
Average urban effect:     0.004 (p =     0.701)
Average rural effect:     0.008 (p =     0.285)
Difference (rural - urban):     0.003 (p =     0.188)
Joint heterogeneity test p-value:     0.467
number of observations will be reset to 11
Press any key to continue, or Break to abort
Number of observations (_N) was 0, now 11.
file
    /Users/hhadah/Documents/GiT/residency-medicaid-expan
    > sion/output/figures/351-hetero_urbanrural_unmatche
    > d_per_100k_FM_event_unweighted.png saved as PNG
    format
file
    /Users/hhadah/Documents/GiT/residency-medicaid-expan
    > sion/my_paper/figures/351-hetero_urbanrural_unmatc
    > hed_per_100k_FM_event_unweighted.png saved as PNG
    format
Genomics

==========================================================
> ===============
SPECIALTY GROUP (UNWEIGHTED): Genomics (Urban/Rural Hetero
> geneity)
==========================================================
> ===============

Outcome quota: no treated urban observations for Genomics.
Outcome matched: no treated urban observations for Genomic
> s.
Outcome unmatched: no treated urban observations for Genom
> ics.
Outcome matched_per_100k: no treated urban observations fo
> r Genomics.
Outcome quota_per_100k: no treated urban observations for 
> Genomics.
Outcome unmatched_per_100k: no treated urban observations 
> for Genomics.
IM

==========================================================
> ===============
SPECIALTY GROUP (UNWEIGHTED): IM (Urban/Rural Heterogeneit
> y)
==========================================================
> ===============


--- Outcome: quota (Urban/Rural, UNWEIGHTED) ---

                                                         N
> umber of obs                                            
>              = 6,300
----------------------------------------------------------
> --------------------
       quota | Coefficient  Std. err.      z    P>|z|     
> [95% con                                                
>         f. interval]
-------------+--------------------------------------------
> --------------------
      tau0_0 |   .2814295   .3891756     0.72   0.470    -
> .4813406                                                
>               1.0442
      tau0_1 |  -.5850011   .5497461    -1.06   0.287    -
> 1.662484                                                
>             .4924815
      tau1_0 |  -.3204788   .6337169    -0.51   0.613    -
> 1.562541                                                
>             .9215835
      tau1_1 |  -1.146757    .910379    -1.26   0.208    -
> 2.931067                                                
>             .6375533
      tau2_0 |  -.7322459   .8176711    -0.90   0.371    -
> 2.334852                                                
>               .87036
      tau2_1 |  -1.857826   1.041157    -1.78   0.074    -
> 3.898455                                                
>             .1828038
      tau3_0 |  -1.130983   .9952307    -1.14   0.256    -
> 3.081599                                                
>             .8196339
      tau3_1 |  -1.266976   1.337441    -0.95   0.343    -
> 3.888313                                                
>             1.354361
      tau4_0 |  -1.724699   1.253704    -1.38   0.169    -
> 4.181914                                                
>             .7325158
      tau4_1 |  -1.055376   1.672667    -0.63   0.528    -
> 4.333744                                                
>             2.222992
      tau5_0 |  -2.052685   1.515248    -1.35   0.176    -
> 5.022516                                                
>             .9171467
      tau5_1 |   .0592677    1.83742     0.03   0.974    -
> 3.542009                                                
>             3.660545
        pre1 |   .2960089   .9393572     0.32   0.753    -
> 1.545097                                                
>             2.137115
        pre2 |  -.1085022   .8475993    -0.13   0.898    -
> 1.769766                                                
>             1.552762
        pre3 |  -.3872172   .7946334    -0.49   0.626     
> -1.94467                                                
>             1.170236
        pre4 |  -.3285918   .7332922    -0.45   0.654    -
> 1.765818                                                
>             1.108635
        pre5 |   .0266505   .5274493     0.05   0.960    -
> 1.007131                                                
>             1.060432
----------------------------------------------------------
> --------------------

 ( 1)  pre1 = 0
 ( 2)  pre2 = 0
 ( 3)  pre3 = 0
 ( 4)  pre4 = 0
 ( 5)  pre5 = 0

           chi2(  5) =   19.45
         Prob > chi2 =    0.0016

  (1)  ((_b[tau0_1] + _b[tau1_1] + _b[tau2_1] + _b[tau3_1]
>  + _b[tau4_1] + _b[tau5_1])/6) - ((_b[tau0_0] + _b[tau1_
> 0] + _b[tau2_0] + _b[tau3_0] + _b[tau4_0] + _b[tau5_0])/
> 6) = 0

               chi2(1) =        0.00
           Prob > chi2 =        0.9649

 ( 1)  tau0_0 - tau0_1 = 0
 ( 2)  tau1_0 - tau1_1 = 0
 ( 3)  tau2_0 - tau2_1 = 0
 ( 4)  tau3_0 - tau3_1 = 0
 ( 5)  tau4_0 - tau4_1 = 0
 ( 6)  tau5_0 - tau5_1 = 0

           chi2(  6) =   34.51
         Prob > chi2 =    0.0000

 ( 1)  tau0_0 = 0
 ( 2)  tau1_0 = 0
 ( 3)  tau2_0 = 0
 ( 4)  tau3_0 = 0
 ( 5)  tau4_0 = 0
 ( 6)  tau5_0 = 0

           chi2(  6) =    9.60
         Prob > chi2 =    0.1426

 ( 1)  tau0_1 = 0
 ( 2)  tau1_1 = 0
 ( 3)  tau2_1 = 0
 ( 4)  tau3_1 = 0
 ( 5)  tau4_1 = 0
 ( 6)  tau5_1 = 0

           chi2(  6) =   26.48
         Prob > chi2 =    0.0002
Average urban effect:    -0.947 (p =     0.143)
Average rural effect:    -0.975 (p =     0.000)
Difference (rural - urban):    -0.029 (p =     0.965)
Joint heterogeneity test p-value:     0.000
number of observations will be reset to 11
Press any key to continue, or Break to abort
Number of observations (_N) was 0, now 11.
file
    /Users/hhadah/Documents/GiT/residency-medicaid-expan
    > sion/output/figures/352-hetero_urbanrural_quota_IM
    > _event_unweighted.png saved as PNG format
file
    /Users/hhadah/Documents/GiT/residency-medicaid-expan
    > sion/my_paper/figures/352-hetero_urbanrural_quota_
    > IM_event_unweighted.png saved as PNG format

--- Outcome: matched (Urban/Rural, UNWEIGHTED) ---

                                                         N
> umber of obs                                            
>              = 6,300
----------------------------------------------------------
> --------------------
     matched | Coefficient  Std. err.      z    P>|z|     
> [95% con                                                
>         f. interval]
-------------+--------------------------------------------
> --------------------
      tau0_0 |   .3781757   .3753562     1.01   0.314    -
> .3575089                                                
>              1.11386
      tau0_1 |  -1.010683   .4937382    -2.05   0.041    -
> 1.978392                                                
>            -.0429736
      tau1_0 |  -.3547265   .5932262    -0.60   0.550    -
> 1.517428                                                
>             .8079754
      tau1_1 |  -1.115729   .8954292    -1.25   0.213    -
> 2.870738                                                
>             .6392798
      tau2_0 |  -.6420575   .8241614    -0.78   0.436    -
> 2.257384                                                
>             .9732692
      tau2_1 |   -1.89547    1.03604    -1.83   0.067    -
> 3.926072                                                
>             .1351306
      tau3_0 |  -.9497605   .9423718    -1.01   0.314    -
> 2.796775                                                
>             .8972543
      tau3_1 |   -1.09351   1.304111    -0.84   0.402     
> -3.64952                                                
>             1.462501
      tau4_0 |   -1.62351   1.105912    -1.47   0.142    -
> 3.791058                                                
>             .5440382
      tau4_1 |  -1.123347    1.46374    -0.77   0.443    -
> 3.992225                                                
>             1.745532
      tau5_0 |  -1.370468   1.160146    -1.18   0.237    -
> 3.644313                                                
>             .9033771
      tau5_1 |   .4289133   1.582085     0.27   0.786    -
> 2.671916                                                
>             3.529743
        pre1 |    .287281    .938118     0.31   0.759    -
> 1.551397                                                
>             2.125959
        pre2 |  -.1395673   .8981828    -0.16   0.877    -
> 1.899973                                                
>             1.620839
        pre3 |  -.4875312   .8468649    -0.58   0.565    -
> 2.147356                                                
>             1.172294
        pre4 |    -.32214   .7778331    -0.41   0.679    -
> 1.846665                                                
>             1.202385
        pre5 |  -.1309831   .6780313    -0.19   0.847     
>  -1.4599                                                
>             1.197934
----------------------------------------------------------
> --------------------

 ( 1)  pre1 = 0
 ( 2)  pre2 = 0
 ( 3)  pre3 = 0
 ( 4)  pre4 = 0
 ( 5)  pre5 = 0

           chi2(  5) =   21.59
         Prob > chi2 =    0.0006

  (1)  ((_b[tau0_1] + _b[tau1_1] + _b[tau2_1] + _b[tau3_1]
>  + _b[tau4_1] + _b[tau5_1])/6) - ((_b[tau0_0] + _b[tau1_
> 0] + _b[tau2_0] + _b[tau3_0] + _b[tau4_0] + _b[tau5_0])/
> 6) = 0

               chi2(1) =        0.10
           Prob > chi2 =        0.7487

 ( 1)  tau0_0 - tau0_1 = 0
 ( 2)  tau1_0 - tau1_1 = 0
 ( 3)  tau2_0 - tau2_1 = 0
 ( 4)  tau3_0 - tau3_1 = 0
 ( 5)  tau4_0 - tau4_1 = 0
 ( 6)  tau5_0 - tau5_1 = 0

           chi2(  6) =  121.34
         Prob > chi2 =    0.0000

 ( 1)  tau0_0 = 0
 ( 2)  tau1_0 = 0
 ( 3)  tau2_0 = 0
 ( 4)  tau3_0 = 0
 ( 5)  tau4_0 = 0
 ( 6)  tau5_0 = 0

           chi2(  6) =   13.12
         Prob > chi2 =    0.0412

 ( 1)  tau0_1 = 0
 ( 2)  tau1_1 = 0
 ( 3)  tau2_1 = 0
 ( 4)  tau3_1 = 0
 ( 5)  tau4_1 = 0
 ( 6)  tau5_1 = 0

           chi2(  6) =   36.21
         Prob > chi2 =    0.0000
Average urban effect:    -0.760 (p =     0.041)
Average rural effect:    -0.968 (p =     0.000)
Difference (rural - urban):    -0.208 (p =     0.749)
Joint heterogeneity test p-value:     0.000
number of observations will be reset to 11
Press any key to continue, or Break to abort
Number of observations (_N) was 0, now 11.
file
    /Users/hhadah/Documents/GiT/residency-medicaid-expan
    > sion/output/figures/353-hetero_urbanrural_matched_
    > IM_event_unweighted.png saved as PNG format
file
    /Users/hhadah/Documents/GiT/residency-medicaid-expan
    > sion/my_paper/figures/353-hetero_urbanrural_matche
    > d_IM_event_unweighted.png saved as PNG format

--- Outcome: unmatched (Urban/Rural, UNWEIGHTED) ---

                                                         N
> umber of obs                                            
>              = 6,300
----------------------------------------------------------
> --------------------
   unmatched | Coefficient  Std. err.      z    P>|z|     
> [95% con                                                
>         f. interval]
-------------+--------------------------------------------
> --------------------
      tau0_0 |  -.0967466   .0887999    -1.09   0.276    -
> .2707912                                                
>             .0772981
      tau0_1 |   .4256818   .1035624     4.11   0.000     
> .2227032                                                
>             .6286604
      tau1_0 |   .0342475   .0872742     0.39   0.695    -
> .1368067                                                
>             .2053018
      tau1_1 |  -.0310273   .0814236    -0.38   0.703    -
> .1906146                                                
>               .12856
      tau2_0 |  -.0901885   .0902193    -1.00   0.317    -
> .2670151                                                
>             .0866381
      tau2_1 |    .037645   .1141242     0.33   0.742    -
> .1860344                                                
>             .2613243
      tau3_0 |   -.181222    .114972    -1.58   0.115    -
> .4065629                                                
>              .044119
      tau3_1 |  -.1734661   .1132077    -1.53   0.125    -
> .3953491                                                
>             .0484168
      tau4_0 |  -.1011895   .1791588    -0.56   0.572    -
> .4523342                                                
>             .2499553
      tau4_1 |   .0679707   .2823396     0.24   0.810    -
> .4854048                                                
>             .6213462
      tau5_0 |  -.6822168   .4185881    -1.63   0.103    -
> 1.502634                                                
>             .1382009
      tau5_1 |  -.3696453   .5089467    -0.73   0.468    -
> 1.367163                                                
>             .6278719
        pre1 |   .0087279   .1508053     0.06   0.954     
> -.286845                                                
>             .3043009
        pre2 |   .0310652   .1775834     0.17   0.861    -
> .3169919                                                
>             .3791223
        pre3 |    .100314   .1860228     0.54   0.590     
> -.264284                                                
>             .4649119
        pre4 |  -.0064518   .1717502    -0.04   0.970    -
> .3430759                                                
>             .3301724
        pre5 |   .1576337   .2558326     0.62   0.538     
> -.343789                                                
>             .6590564
----------------------------------------------------------
> --------------------

 ( 1)  pre1 = 0
 ( 2)  pre2 = 0
 ( 3)  pre3 = 0
 ( 4)  pre4 = 0
 ( 5)  pre5 = 0

           chi2(  5) =    4.67
         Prob > chi2 =    0.4580

  (1)  ((_b[tau0_1] + _b[tau1_1] + _b[tau2_1] + _b[tau3_1]
>  + _b[tau4_1] + _b[tau5_1])/6) - ((_b[tau0_0] + _b[tau1_
> 0] + _b[tau2_0] + _b[tau3_0] + _b[tau4_0] + _b[tau5_0])/
> 6) = 0

               chi2(1) =        5.25
           Prob > chi2 =        0.0219

 ( 1)  tau0_0 - tau0_1 = 0
 ( 2)  tau1_0 - tau1_1 = 0
 ( 3)  tau2_0 - tau2_1 = 0
 ( 4)  tau3_0 - tau3_1 = 0
 ( 5)  tau4_0 - tau4_1 = 0
 ( 6)  tau5_0 - tau5_1 = 0

           chi2(  6) =  111.31
         Prob > chi2 =    0.0000

 ( 1)  tau0_0 = 0
 ( 2)  tau1_0 = 0
 ( 3)  tau2_0 = 0
 ( 4)  tau3_0 = 0
 ( 5)  tau4_0 = 0
 ( 6)  tau5_0 = 0

           chi2(  6) =   15.36
         Prob > chi2 =    0.0176

 ( 1)  tau0_1 = 0
 ( 2)  tau1_1 = 0
 ( 3)  tau2_1 = 0
 ( 4)  tau3_1 = 0
 ( 5)  tau4_1 = 0
 ( 6)  tau5_1 = 0

           chi2(  6) =   44.26
         Prob > chi2 =    0.0000
Average urban effect:    -0.186 (p =     0.018)
Average rural effect:    -0.007 (p =     0.000)
Difference (rural - urban):     0.179 (p =     0.022)
Joint heterogeneity test p-value:     0.000
number of observations will be reset to 11
Press any key to continue, or Break to abort
Number of observations (_N) was 0, now 11.
file
    /Users/hhadah/Documents/GiT/residency-medicaid-expan
    > sion/output/figures/354-hetero_urbanrural_unmatche
    > d_IM_event_unweighted.png saved as PNG format
file
    /Users/hhadah/Documents/GiT/residency-medicaid-expan
    > sion/my_paper/figures/354-hetero_urbanrural_unmatc
    > hed_IM_event_unweighted.png saved as PNG format

--- Outcome: matched_per_100k (Urban/Rural, UNWEIGHTED) --
> -

                                                         N
> umber of obs                                            
>              = 6,300
----------------------------------------------------------
> --------------------
matched~100k | Coefficient  Std. err.      z    P>|z|     
> [95% con                                                
>         f. interval]
-------------+--------------------------------------------
> --------------------
      tau0_0 |   .0220514   .0150985     1.46   0.144    -
> .0075411                                                
>              .051644
      tau0_1 |  -.0232749   .0167935    -1.39   0.166    -
> .0561897                                                
>             .0096398
      tau1_0 |   .0109915   .0146804     0.75   0.454    -
> .0177816                                                
>             .0397645
      tau1_1 |   .0304466   .0496916     0.61   0.540    -
> .0669471                                                
>             .1278403
      tau2_0 |   .0092855   .0108886     0.85   0.394    -
> .0120558                                                
>             .0306269
      tau2_1 |   .0259174   .0494492     0.52   0.600    -
> .0710012                                                
>             .1228359
      tau3_0 |   .0061864   .0105073     0.59   0.556    -
> .0144075                                                
>             .0267803
      tau3_1 |   .0485656   .0506683     0.96   0.338    -
> .0507425                                                
>             .1478737
      tau4_0 |  -.0103413   .0108726    -0.95   0.342    -
> .0316512                                                
>             .0109686
      tau4_1 |   .0519406   .0522765     0.99   0.320    -
> .0505195                                                
>             .1544007
      tau5_0 |  -.0035218   .0116385    -0.30   0.762    -
> .0263329                                                
>             .0192892
      tau5_1 |   .1201148   .0662187     1.81   0.070    -
> .0096716                                                
>             .2499011
        pre1 |   .0260383   .0154233     1.69   0.091    -
> .0041908                                                
>             .0562675
        pre2 |   .0119367   .0135133     0.88   0.377     
> -.014549                                                
>             .0384223
        pre3 |   .0020268    .011056     0.18   0.855    -
> .0196425                                                
>             .0236961
        pre4 |   .0047379   .0095705     0.50   0.621     
>  -.01402                                                
>             .0234957
        pre5 |  -.0032485   .0179552    -0.18   0.856    -
> .0384401                                                
>             .0319431
----------------------------------------------------------
> --------------------

 ( 1)  pre1 = 0
 ( 2)  pre2 = 0
 ( 3)  pre3 = 0
 ( 4)  pre4 = 0
 ( 5)  pre5 = 0

           chi2(  5) =    4.81
         Prob > chi2 =    0.4400

  (1)  ((_b[tau0_1] + _b[tau1_1] + _b[tau2_1] + _b[tau3_1]
>  + _b[tau4_1] + _b[tau5_1])/6) - ((_b[tau0_0] + _b[tau1_
> 0] + _b[tau2_0] + _b[tau3_0] + _b[tau4_0] + _b[tau5_0])/
> 6) = 0

               chi2(1) =        0.78
           Prob > chi2 =        0.3759

 ( 1)  tau0_0 - tau0_1 = 0
 ( 2)  tau1_0 - tau1_1 = 0
 ( 3)  tau2_0 - tau2_1 = 0
 ( 4)  tau3_0 - tau3_1 = 0
 ( 5)  tau4_0 - tau4_1 = 0
 ( 6)  tau5_0 - tau5_1 = 0

           chi2(  6) =   30.39
         Prob > chi2 =    0.0000

 ( 1)  tau0_0 = 0
 ( 2)  tau1_0 = 0
 ( 3)  tau2_0 = 0
 ( 4)  tau3_0 = 0
 ( 5)  tau4_0 = 0
 ( 6)  tau5_0 = 0

           chi2(  6) =   14.80
         Prob > chi2 =    0.0218

 ( 1)  tau0_1 = 0
 ( 2)  tau1_1 = 0
 ( 3)  tau2_1 = 0
 ( 4)  tau3_1 = 0
 ( 5)  tau4_1 = 0
 ( 6)  tau5_1 = 0

           chi2(  6) =   17.24
         Prob > chi2 =    0.0085
Average urban effect:     0.006 (p =     0.022)
Average rural effect:     0.042 (p =     0.008)
Difference (rural - urban):     0.037 (p =     0.376)
Joint heterogeneity test p-value:     0.000
number of observations will be reset to 11
Press any key to continue, or Break to abort
Number of observations (_N) was 0, now 11.
file
    /Users/hhadah/Documents/GiT/residency-medicaid-expan
    > sion/output/figures/355-hetero_urbanrural_matched_
    > per_100k_IM_event_unweighted.png saved as PNG
    format
file
    /Users/hhadah/Documents/GiT/residency-medicaid-expan
    > sion/my_paper/figures/355-hetero_urbanrural_matche
    > d_per_100k_IM_event_unweighted.png saved as PNG
    format

--- Outcome: quota_per_100k (Urban/Rural, UNWEIGHTED) ---

                                                         N
> umber of obs                                            
>              = 6,300
----------------------------------------------------------
> --------------------
quota_p~100k | Coefficient  Std. err.      z    P>|z|     
> [95% con                                                
>         f. interval]
-------------+--------------------------------------------
> --------------------
      tau0_0 |   .0225956   .0175724     1.29   0.198    -
> .0118458                                                
>              .057037
      tau0_1 |  -.0187171   .0168028    -1.11   0.265     
>  -.05165                                                
>             .0142158
      tau1_0 |    .012302   .0144868     0.85   0.396    -
> .0160917                                                
>             .0406957
      tau1_1 |   .0307109   .0495378     0.62   0.535    -
> .0663814                                                
>             .1278032
      tau2_0 |   .0081351   .0105229     0.77   0.439    -
> .0124895                                                
>             .0287597
      tau2_1 |   .0277442   .0494904     0.56   0.575    -
> .0692553                                                
>             .1247437
      tau3_0 |    .005051   .0104744     0.48   0.630    -
> .0154785                                                
>             .0255805
      tau3_1 |   .0473107   .0505574     0.94   0.349     
>  -.05178                                                
>             .1464014
      tau4_0 |   -.007923    .011192    -0.71   0.479    -
> .0298589                                                
>             .0140129
      tau4_1 |   .0588877   .0539615     1.09   0.275    -
> .0468749                                                
>             .1646503
      tau5_0 |  -.0079876   .0127638    -0.63   0.531    -
> .0330042                                                
>              .017029
      tau5_1 |   .1241525   .0657852     1.89   0.059    -
> .0047841                                                
>             .2530891
        pre1 |   .0313265   .0145633     2.15   0.031     
> .0027829                                                
>             .0598701
        pre2 |   .0169192   .0123066     1.37   0.169    -
> .0072012                                                
>             .0410396
        pre3 |   .0089172   .0087475     1.02   0.308    -
> .0082276                                                
>              .026062
        pre4 |   .0102608    .006897     1.49   0.137     
> -.003257                                                
>             .0237785
        pre5 |   .0117116   .0064395     1.82   0.069    -
> .0009097                                                
>             .0243328
----------------------------------------------------------
> --------------------

 ( 1)  pre1 = 0
 ( 2)  pre2 = 0
 ( 3)  pre3 = 0
 ( 4)  pre4 = 0
 ( 5)  pre5 = 0

           chi2(  5) =    9.00
         Prob > chi2 =    0.1090

  (1)  ((_b[tau0_1] + _b[tau1_1] + _b[tau2_1] + _b[tau3_1]
>  + _b[tau4_1] + _b[tau5_1])/6) - ((_b[tau0_0] + _b[tau1_
> 0] + _b[tau2_0] + _b[tau3_0] + _b[tau4_0] + _b[tau5_0])/
> 6) = 0

               chi2(1) =        0.92
           Prob > chi2 =        0.3378

 ( 1)  tau0_0 - tau0_1 = 0
 ( 2)  tau1_0 - tau1_1 = 0
 ( 3)  tau2_0 - tau2_1 = 0
 ( 4)  tau3_0 - tau3_1 = 0
 ( 5)  tau4_0 - tau4_1 = 0
 ( 6)  tau5_0 - tau5_1 = 0

           chi2(  6) =   16.58
         Prob > chi2 =    0.0110

 ( 1)  tau0_0 = 0
 ( 2)  tau1_0 = 0
 ( 3)  tau2_0 = 0
 ( 4)  tau3_0 = 0
 ( 5)  tau4_0 = 0
 ( 6)  tau5_0 = 0

           chi2(  6) =    9.83
         Prob > chi2 =    0.1322

 ( 1)  tau0_1 = 0
 ( 2)  tau1_1 = 0
 ( 3)  tau2_1 = 0
 ( 4)  tau3_1 = 0
 ( 5)  tau4_1 = 0
 ( 6)  tau5_1 = 0

           chi2(  6) =   10.91
         Prob > chi2 =    0.0913
Average urban effect:     0.005 (p =     0.132)
Average rural effect:     0.045 (p =     0.091)
Difference (rural - urban):     0.040 (p =     0.338)
Joint heterogeneity test p-value:     0.011
number of observations will be reset to 11
Press any key to continue, or Break to abort
Number of observations (_N) was 0, now 11.
file
    /Users/hhadah/Documents/GiT/residency-medicaid-expan
    > sion/output/figures/356-hetero_urbanrural_quota_pe
    > r_100k_IM_event_unweighted.png saved as PNG format
file
    /Users/hhadah/Documents/GiT/residency-medicaid-expan
    > sion/my_paper/figures/356-hetero_urbanrural_quota_
    > per_100k_IM_event_unweighted.png saved as PNG
    format

--- Outcome: unmatched_per_100k (Urban/Rural, UNWEIGHTED) 
> ---

                                                         N
> umber of obs                                            
>              = 6,300
----------------------------------------------------------
> --------------------
unmatch~100k | Coefficient  Std. err.      z    P>|z|     
> [95% con                                                
>         f. interval]
-------------+--------------------------------------------
> --------------------
      tau0_0 |   .0005442    .004233     0.13   0.898    -
> .0077524                                                
>             .0088407
      tau0_1 |   .0045578   .0025084     1.82   0.069    -
> .0003585                                                
>             .0094741
      tau1_0 |   .0013106   .0018471     0.71   0.478    -
> .0023096                                                
>             .0049307
      tau1_1 |   .0002643   .0019198     0.14   0.890    -
> .0034984                                                
>             .0040271
      tau2_0 |  -.0011504   .0017037    -0.68   0.500    -
> .0044896                                                
>             .0021888
      tau2_1 |   .0018268   .0024884     0.73   0.463    -
> .0030503                                                
>             .0067039
      tau3_0 |  -.0011354   .0017066    -0.67   0.506    -
> .0044803                                                
>             .0022095
      tau3_1 |   -.001255   .0019339    -0.65   0.516    -
> .0050453                                                
>             .0025354
      tau4_0 |   .0024183   .0027765     0.87   0.384    -
> .0030236                                                
>             .0078602
      tau4_1 |   .0069471   .0058911     1.18   0.238    -
> .0045993                                                
>             .0184936
      tau5_0 |  -.0044658   .0030041    -1.49   0.137    -
> .0103537                                                
>             .0014222
      tau5_1 |   .0040377    .007264     0.56   0.578    -
> .0101994                                                
>             .0182749
        pre1 |   .0052882   .0049678     1.06   0.287    -
> .0044486                                                
>             .0150249
        pre2 |   .0049825   .0055176     0.90   0.367    -
> .0058318                                                
>             .0157968
        pre3 |   .0068905   .0061205     1.13   0.260    -
> .0051054                                                
>             .0188864
        pre4 |   .0055229   .0065366     0.84   0.398    -
> .0072887                                                
>             .0183345
        pre5 |     .01496   .0159778     0.94   0.349    -
> .0163558                                                
>             .0462759
----------------------------------------------------------
> --------------------

 ( 1)  pre1 = 0
 ( 2)  pre2 = 0
 ( 3)  pre3 = 0
 ( 4)  pre4 = 0
 ( 5)  pre5 = 0

           chi2(  5) =    2.25
         Prob > chi2 =    0.8129

  (1)  ((_b[tau0_1] + _b[tau1_1] + _b[tau2_1] + _b[tau3_1]
>  + _b[tau4_1] + _b[tau5_1])/6) - ((_b[tau0_0] + _b[tau1_
> 0] + _b[tau2_0] + _b[tau3_0] + _b[tau4_0] + _b[tau5_0])/
> 6) = 0

               chi2(1) =        2.63
           Prob > chi2 =        0.1048

 ( 1)  tau0_0 - tau0_1 = 0
 ( 2)  tau1_0 - tau1_1 = 0
 ( 3)  tau2_0 - tau2_1 = 0
 ( 4)  tau3_0 - tau3_1 = 0
 ( 5)  tau4_0 - tau4_1 = 0
 ( 6)  tau5_0 - tau5_1 = 0

           chi2(  6) =    8.86
         Prob > chi2 =    0.1814

 ( 1)  tau0_0 = 0
 ( 2)  tau1_0 = 0
 ( 3)  tau2_0 = 0
 ( 4)  tau3_0 = 0
 ( 5)  tau4_0 = 0
 ( 6)  tau5_0 = 0

           chi2(  6) =    9.83
         Prob > chi2 =    0.1318

 ( 1)  tau0_1 = 0
 ( 2)  tau1_1 = 0
 ( 3)  tau2_1 = 0
 ( 4)  tau3_1 = 0
 ( 5)  tau4_1 = 0
 ( 6)  tau5_1 = 0

           chi2(  6) =    6.88
         Prob > chi2 =    0.3319
Average urban effect:    -0.000 (p =     0.132)
Average rural effect:     0.003 (p =     0.332)
Difference (rural - urban):     0.003 (p =     0.105)
Joint heterogeneity test p-value:     0.181
number of observations will be reset to 11
Press any key to continue, or Break to abort
Number of observations (_N) was 0, now 11.
file
    /Users/hhadah/Documents/GiT/residency-medicaid-expan
    > sion/output/figures/357-hetero_urbanrural_unmatche
    > d_per_100k_IM_event_unweighted.png saved as PNG
    format
file
    /Users/hhadah/Documents/GiT/residency-medicaid-expan
    > sion/my_paper/figures/357-hetero_urbanrural_unmatc
    > hed_per_100k_IM_event_unweighted.png saved as PNG
    format
Neuro

==========================================================
> ===============
SPECIALTY GROUP (UNWEIGHTED): Neuro (Urban/Rural Heterogen
> eity)
==========================================================
> ===============


--- Outcome: quota (Urban/Rural, UNWEIGHTED) ---

                                                         N
> umber of obs                                            
>              = 2,410
----------------------------------------------------------
> --------------------
       quota | Coefficient  Std. err.      z    P>|z|     
> [95% con                                                
>         f. interval]
-------------+--------------------------------------------
> --------------------
      tau0_0 |   .0629344   .1280904     0.49   0.623    -
> .1881181                                                
>             .3139869
      tau0_1 |  -.6396432   .0858999    -7.45   0.000    -
> .8080039                                                
>            -.4712824
      tau1_0 |   .0250525   .1557743     0.16   0.872    -
> .2802595                                                
>             .3303645
      tau1_1 |   .1418536   .1449347     0.98   0.328    -
> .1422133                                                
>             .4259205
      tau2_0 |  -.1882163    .200168    -0.94   0.347    -
> .5805383                                                
>             .2041057
      tau2_1 |  -.5371292   .1512878    -3.55   0.000    -
> .8336478                                                
>            -.2406106
      tau3_0 |   .0489054   .1613048     0.30   0.762    -
> .2672462                                                
>              .365057
      tau3_1 |  -.1655075   .1498032    -1.10   0.269    -
> .4591164                                                
>             .1281015
      tau4_0 |  -.0166787   .2060933    -0.08   0.935    -
> .4206141                                                
>             .3872567
      tau4_1 |   .9632189   .1456104     6.62   0.000     
> .6778278                                                
>              1.24861
      tau5_0 |  -.2687416   .2069196    -1.30   0.194    -
> .6742965                                                
>             .1368134
      tau5_1 |  -.8343444   .1350665    -6.18   0.000     
> -1.09907                                                
>            -.5696189
        pre1 |  -.5907428   .2252478    -2.62   0.009     
> -1.03222                                                
>            -.1492652
        pre2 |  -.4943524   .1968849    -2.51   0.012    -
> .8802397                                                
>            -.1084652
        pre3 |  -.5560834   .1393311    -3.99   0.000    -
> .8291674                                                
>            -.2829995
        pre4 |  -.4448977    .098004    -4.54   0.000    -
> .6369821                                                
>            -.2528134
        pre5 |  -.3970075   .0628129    -6.32   0.000    -
> .5201185                                                
>            -.2738965
----------------------------------------------------------
> --------------------

 ( 1)  pre1 = 0
 ( 2)  pre2 = 0
 ( 3)  pre3 = 0
 ( 4)  pre4 = 0
 ( 5)  pre5 = 0

           chi2(  5) =   52.91
         Prob > chi2 =    0.0000

  (1)  ((_b[tau0_1] + _b[tau1_1] + _b[tau2_1] + _b[tau3_1]
>  + _b[tau4_1] + _b[tau5_1])/6) - ((_b[tau0_0] + _b[tau1_
> 0] + _b[tau2_0] + _b[tau3_0] + _b[tau4_0] + _b[tau5_0])/
> 6) = 0

               chi2(1) =        1.55
           Prob > chi2 =        0.2125

 ( 1)  tau0_0 - tau0_1 = 0
 ( 2)  tau1_0 - tau1_1 = 0
 ( 3)  tau2_0 - tau2_1 = 0
 ( 4)  tau3_0 - tau3_1 = 0
 ( 5)  tau4_0 - tau4_1 = 0
 ( 6)  tau5_0 - tau5_1 = 0

           chi2(  6) =  958.78
         Prob > chi2 =    0.0000

 ( 1)  tau0_0 = 0
 ( 2)  tau1_0 = 0
 ( 3)  tau2_0 = 0
 ( 4)  tau3_0 = 0
 ( 5)  tau4_0 = 0
 ( 6)  tau5_0 = 0

           chi2(  6) =   26.26
         Prob > chi2 =    0.0002

 ( 1)  tau0_1 = 0
 ( 2)  tau1_1 = 0
 ( 3)  tau2_1 = 0
 ( 4)  tau3_1 = 0
 ( 5)  tau4_1 = 0
 ( 6)  tau5_1 = 0

           chi2(  6) = 3963.15
         Prob > chi2 =    0.0000
Average urban effect:    -0.056 (p =     0.000)
Average rural effect:    -0.179 (p =     0.000)
Difference (rural - urban):    -0.122 (p =     0.213)
Joint heterogeneity test p-value:     0.000
number of observations will be reset to 11
Press any key to continue, or Break to abort
Number of observations (_N) was 0, now 11.
file
    /Users/hhadah/Documents/GiT/residency-medicaid-expan
    > sion/output/figures/358-hetero_urbanrural_quota_Ne
    > uro_event_unweighted.png saved as PNG format
file
    /Users/hhadah/Documents/GiT/residency-medicaid-expan
    > sion/my_paper/figures/358-hetero_urbanrural_quota_
    > Neuro_event_unweighted.png saved as PNG format

--- Outcome: matched (Urban/Rural, UNWEIGHTED) ---

                                                         N
> umber of obs                                            
>              = 2,410
----------------------------------------------------------
> --------------------
     matched | Coefficient  Std. err.      z    P>|z|     
> [95% con                                                
>         f. interval]
-------------+--------------------------------------------
> --------------------
      tau0_0 |   .1067476   .1280683     0.83   0.405    -
> .1442616                                                
>             .3577568
      tau0_1 |  -.4451796   .0879734    -5.06   0.000    -
> .6176043                                                
>            -.2727548
      tau1_0 |   .0079653   .1545725     0.05   0.959    -
> .2949913                                                
>             .3109218
      tau1_1 |  -.6983984   .1282429    -5.45   0.000    -
> .9497498                                                
>            -.4470471
      tau2_0 |  -.1972836   .1657946    -1.19   0.234     
> -.522235                                                
>             .1276679
      tau2_1 |  -.8499265   .1057588    -8.04   0.000     
> -1.05721                                                
>            -.6426431
      tau3_0 |    .095173   .1380437     0.69   0.491    -
> .1753878                                                
>             .3657338
      tau3_1 |   -.505332   .1368305    -3.69   0.000    -
> .7735148                                                
>            -.2371491
      tau4_0 |  -.0115341   .2134707    -0.05   0.957     
> -.429929                                                
>             .4068607
      tau4_1 |   1.197229   .1638893     7.31   0.000     
> .8760123                                                
>             1.518446
      tau5_0 |  -.1946652   .2279548    -0.85   0.393    -
> .6414485                                                
>              .252118
      tau5_1 |  -1.341828   .1715317    -7.82   0.000    -
> 1.678024                                                
>            -1.005632
        pre1 |  -.4135153   .2018559    -2.05   0.041    -
> .8091456                                                
>            -.0178849
        pre2 |  -.4247183   .1908946    -2.22   0.026    -
> .7988649                                                
>            -.0505717
        pre3 |  -.4721337   .1440629    -3.28   0.001    -
> .7544918                                                
>            -.1897756
        pre4 |  -.4458815   .1176857    -3.79   0.000    -
> .6765413                                                
>            -.2152216
        pre5 |  -.3603344   .0773196    -4.66   0.000    -
> .5118779                                                
>            -.2087908
----------------------------------------------------------
> --------------------

 ( 1)  pre1 = 0
 ( 2)  pre2 = 0
 ( 3)  pre3 = 0
 ( 4)  pre4 = 0
 ( 5)  pre5 = 0

           chi2(  5) =   32.08
         Prob > chi2 =    0.0000

  (1)  ((_b[tau0_1] + _b[tau1_1] + _b[tau2_1] + _b[tau3_1]
>  + _b[tau4_1] + _b[tau5_1])/6) - ((_b[tau0_0] + _b[tau1_
> 0] + _b[tau2_0] + _b[tau3_0] + _b[tau4_0] + _b[tau5_0])/
> 6) = 0

               chi2(1) =       17.64
           Prob > chi2 =        0.0000

 ( 1)  tau0_0 - tau0_1 = 0
 ( 2)  tau1_0 - tau1_1 = 0
 ( 3)  tau2_0 - tau2_1 = 0
 ( 4)  tau3_0 - tau3_1 = 0
 ( 5)  tau4_0 - tau4_1 = 0
 ( 6)  tau5_0 - tau5_1 = 0

           chi2(  6) = 1036.19
         Prob > chi2 =    0.0000

 ( 1)  tau0_0 = 0
 ( 2)  tau1_0 = 0
 ( 3)  tau2_0 = 0
 ( 4)  tau3_0 = 0
 ( 5)  tau4_0 = 0
 ( 6)  tau5_0 = 0

           chi2(  6) =   19.29
         Prob > chi2 =    0.0037

 ( 1)  tau0_1 = 0
 ( 2)  tau1_1 = 0
 ( 3)  tau2_1 = 0
 ( 4)  tau3_1 = 0
 ( 5)  tau4_1 = 0
 ( 6)  tau5_1 = 0

           chi2(  6) =46768.53
         Prob > chi2 =    0.0000
Average urban effect:    -0.032 (p =     0.004)
Average rural effect:    -0.441 (p =     0.000)
Difference (rural - urban):    -0.408 (p =     0.000)
Joint heterogeneity test p-value:     0.000
number of observations will be reset to 11
Press any key to continue, or Break to abort
Number of observations (_N) was 0, now 11.
file
    /Users/hhadah/Documents/GiT/residency-medicaid-expan
    > sion/output/figures/359-hetero_urbanrural_matched_
    > Neuro_event_unweighted.png saved as PNG format
file
    /Users/hhadah/Documents/GiT/residency-medicaid-expan
    > sion/my_paper/figures/359-hetero_urbanrural_matche
    > d_Neuro_event_unweighted.png saved as PNG format

--- Outcome: unmatched (Urban/Rural, UNWEIGHTED) ---

                                                         N
> umber of obs                                            
>              = 2,410
----------------------------------------------------------
> --------------------
   unmatched | Coefficient  Std. err.      z    P>|z|     
> [95% con                                                
>         f. interval]
-------------+--------------------------------------------
> --------------------
      tau0_0 |  -.0438132    .055688    -0.79   0.431    -
> .1529597                                                
>             .0653332
      tau0_1 |  -.1944636   .0441295    -4.41   0.000    -
> .2809559                                                
>            -.1079713
      tau1_0 |   .0170872   .0750593     0.23   0.820    -
> .1300263                                                
>             .1642006
      tau1_1 |    .840252   .0513724    16.36   0.000     
>  .739564                                                
>               .94094
      tau2_0 |   .0090672   .0735779     0.12   0.902    -
> .1351429                                                
>             .1532772
      tau2_1 |   .3127973   .0819386     3.82   0.000     
> .1522006                                                
>             .4733941
      tau3_0 |  -.0462676   .1070247    -0.43   0.666    -
> .2560322                                                
>              .163497
      tau3_1 |   .3398244   .0686155     4.95   0.000     
> .2053405                                                
>             .4743082
      tau4_0 |  -.0051447   .0615645    -0.08   0.933    -
> .1258088                                                
>             .1155195
      tau4_1 |  -.2340103   .0715384    -3.27   0.001    -
> .3742231                                                
>            -.0937976
      tau5_0 |  -.0740764   .1354164    -0.55   0.584    -
> .3394877                                                
>              .191335
      tau5_1 |    .507484   .1264721     4.01   0.000     
> .2596032                                                
>             .7553647
        pre1 |  -.1772275   .0854449    -2.07   0.038    -
> .3446965                                                
>            -.0097586
        pre2 |  -.0696341   .0971619    -0.72   0.474     
> -.260068                                                
>             .1207998
        pre3 |  -.0839497   .0730741    -1.15   0.251    -
> .2271723                                                
>             .0592728
        pre4 |   .0009837   .0745822     0.01   0.989    -
> .1451947                                                
>             .1471622
        pre5 |  -.0366732   .0741562    -0.49   0.621    -
> .1820167                                                
>             .1086703
----------------------------------------------------------
> --------------------

 ( 1)  pre1 = 0
 ( 2)  pre2 = 0
 ( 3)  pre3 = 0
 ( 4)  pre4 = 0
 ( 5)  pre5 = 0

           chi2(  5) =   11.57
         Prob > chi2 =    0.0412

  (1)  ((_b[tau0_1] + _b[tau1_1] + _b[tau2_1] + _b[tau3_1]
>  + _b[tau4_1] + _b[tau5_1])/6) - ((_b[tau0_0] + _b[tau1_
> 0] + _b[tau2_0] + _b[tau3_0] + _b[tau4_0] + _b[tau5_0])/
> 6) = 0

               chi2(1) =      198.73
           Prob > chi2 =        0.0000

 ( 1)  tau0_0 - tau0_1 = 0
 ( 2)  tau1_0 - tau1_1 = 0
 ( 3)  tau2_0 - tau2_1 = 0
 ( 4)  tau3_0 - tau3_1 = 0
 ( 5)  tau4_0 - tau4_1 = 0
 ( 6)  tau5_0 - tau5_1 = 0

           chi2(  6) =  958.57
         Prob > chi2 =    0.0000

 ( 1)  tau0_0 = 0
 ( 2)  tau1_0 = 0
 ( 3)  tau2_0 = 0
 ( 4)  tau3_0 = 0
 ( 5)  tau4_0 = 0
 ( 6)  tau5_0 = 0

           chi2(  6) =    2.42
         Prob > chi2 =    0.8778

 ( 1)  tau0_1 = 0
 ( 2)  tau1_1 = 0
 ( 3)  tau2_1 = 0
 ( 4)  tau3_1 = 0
 ( 5)  tau4_1 = 0
 ( 6)  tau5_1 = 0

           chi2(  6) =15701.17
         Prob > chi2 =    0.0000
Average urban effect:    -0.024 (p =     0.878)
Average rural effect:     0.262 (p =     0.000)
Difference (rural - urban):     0.286 (p =     0.000)
Joint heterogeneity test p-value:     0.000
number of observations will be reset to 11
Press any key to continue, or Break to abort
Number of observations (_N) was 0, now 11.
file
    /Users/hhadah/Documents/GiT/residency-medicaid-expan
    > sion/output/figures/360-hetero_urbanrural_unmatche
    > d_Neuro_event_unweighted.png saved as PNG format
file
    /Users/hhadah/Documents/GiT/residency-medicaid-expan
    > sion/my_paper/figures/360-hetero_urbanrural_unmatc
    > hed_Neuro_event_unweighted.png saved as PNG format

--- Outcome: matched_per_100k (Urban/Rural, UNWEIGHTED) --
> -

                                                         N
> umber of obs                                            
>              = 2,410
----------------------------------------------------------
> --------------------
matched~100k | Coefficient  Std. err.      z    P>|z|     
> [95% con                                                
>         f. interval]
-------------+--------------------------------------------
> --------------------
      tau0_0 |   .0048529   .0045811     1.06   0.289    -
> .0041259                                                
>             .0138317
      tau0_1 |   .0014221   .0020572     0.69   0.489     
>  -.00261                                                
>             .0054542
      tau1_0 |   .0020988   .0050249     0.42   0.676    -
> .0077497                                                
>             .0119474
      tau1_1 |  -.0011671    .002385    -0.49   0.625    -
> .0058416                                                
>             .0035074
      tau2_0 |   .0017454   .0049631     0.35   0.725    -
> .0079822                                                
>             .0114729
      tau2_1 |   -.002378    .002336    -1.02   0.309    -
> .0069565                                                
>             .0022005
      tau3_0 |   .0052283   .0050525     1.03   0.301    -
> .0046744                                                
>              .015131
      tau3_1 |   .0346376   .0023548    14.71   0.000     
> .0300222                                                
>             .0392529
      tau4_0 |   .0070667   .0071231     0.99   0.321    -
> .0068943                                                
>             .0210276
      tau4_1 |   .0463697   .0038127    12.16   0.000     
>  .038897                                                
>             .0538425
      tau5_0 |   .0033643   .0085692     0.39   0.695    -
> .0134311                                                
>             .0201597
      tau5_1 |  -.0014855   .0055733    -0.27   0.790    -
> .0124089                                                
>             .0094379
        pre1 |  -.0019809   .0053914    -0.37   0.713    -
> .0125478                                                
>             .0085861
        pre2 |  -.0026044   .0046952    -0.55   0.579    -
> .0118068                                                
>              .006598
        pre3 |  -.0093056   .0052422    -1.78   0.076    -
> .0195802                                                
>              .000969
        pre4 |  -.0064938   .0027075    -2.40   0.016    -
> .0118004                                                
>            -.0011873
        pre5 |  -.0024606    .002082    -1.18   0.237    -
> .0065412                                                
>             .0016201
----------------------------------------------------------
> --------------------

 ( 1)  pre1 = 0
 ( 2)  pre2 = 0
 ( 3)  pre3 = 0
 ( 4)  pre4 = 0
 ( 5)  pre5 = 0

           chi2(  5) =    6.83
         Prob > chi2 =    0.2335

  (1)  ((_b[tau0_1] + _b[tau1_1] + _b[tau2_1] + _b[tau3_1]
>  + _b[tau4_1] + _b[tau5_1])/6) - ((_b[tau0_0] + _b[tau1_
> 0] + _b[tau2_0] + _b[tau3_0] + _b[tau4_0] + _b[tau5_0])/
> 6) = 0

               chi2(1) =        3.26
           Prob > chi2 =        0.0711

 ( 1)  tau0_0 - tau0_1 = 0
 ( 2)  tau1_0 - tau1_1 = 0
 ( 3)  tau2_0 - tau2_1 = 0
 ( 4)  tau3_0 - tau3_1 = 0
 ( 5)  tau4_0 - tau4_1 = 0
 ( 6)  tau5_0 - tau5_1 = 0

           chi2(  6) = 1447.83
         Prob > chi2 =    0.0000

 ( 1)  tau0_0 = 0
 ( 2)  tau1_0 = 0
 ( 3)  tau2_0 = 0
 ( 4)  tau3_0 = 0
 ( 5)  tau4_0 = 0
 ( 6)  tau5_0 = 0

           chi2(  6) =    8.12
         Prob > chi2 =    0.2297

 ( 1)  tau0_1 = 0
 ( 2)  tau1_1 = 0
 ( 3)  tau2_1 = 0
 ( 4)  tau3_1 = 0
 ( 5)  tau4_1 = 0
 ( 6)  tau5_1 = 0

           chi2(  6) =10885.78
         Prob > chi2 =    0.0000
Average urban effect:     0.004 (p =     0.230)
Average rural effect:     0.013 (p =     0.000)
Difference (rural - urban):     0.009 (p =     0.071)
Joint heterogeneity test p-value:     0.000
number of observations will be reset to 11
Press any key to continue, or Break to abort
Number of observations (_N) was 0, now 11.
file
    /Users/hhadah/Documents/GiT/residency-medicaid-expan
    > sion/output/figures/361-hetero_urbanrural_matched_
    > per_100k_Neuro_event_unweighted.png saved as PNG
    format
file
    /Users/hhadah/Documents/GiT/residency-medicaid-expan
    > sion/my_paper/figures/361-hetero_urbanrural_matche
    > d_per_100k_Neuro_event_unweighted.png saved as PNG
    format

--- Outcome: quota_per_100k (Urban/Rural, UNWEIGHTED) ---

                                                         N
> umber of obs                                            
>              = 2,410
----------------------------------------------------------
> --------------------
quota_p~100k | Coefficient  Std. err.      z    P>|z|     
> [95% con                                                
>         f. interval]
-------------+--------------------------------------------
> --------------------
      tau0_0 |   .0024072   .0031822     0.76   0.449    -
> .0038299                                                
>             .0086442
      tau0_1 |  -.0088683   .0019294    -4.60   0.000    -
> .0126498                                                
>            -.0050867
      tau1_0 |   .0005063   .0034944     0.14   0.885    -
> .0063426                                                
>             .0073552
      tau1_1 |   .0650305   .0022972    28.31   0.000     
> .0605281                                                
>             .0695328
      tau2_0 |   .0019033   .0049908     0.38   0.703    -
> .0078784                                                
>              .011685
      tau2_1 |   .0257873   .0022644    11.39   0.000     
> .0213491                                                
>             .0302254
      tau3_0 |   .0065975   .0059107     1.12   0.264    -
> .0049872                                                
>             .0181823
      tau3_1 |   .0628039   .0023636    26.57   0.000     
> .0581714                                                
>             .0674363
      tau4_0 |   .0075668   .0072177     1.05   0.294    -
> .0065798                                                
>             .0217133
      tau4_1 |   .0346578   .0038444     9.02   0.000     
> .0271229                                                
>             .0421928
      tau5_0 |   .0012831   .0094696     0.14   0.892    -
> .0172769                                                
>             .0198431
      tau5_1 |   .0510223   .0057889     8.81   0.000     
> .0396762                                                
>             .0623684
        pre1 |   -.005129   .0056918    -0.90   0.368    -
> .0162847                                                
>             .0060267
        pre2 |   -.003236   .0048819    -0.66   0.507    -
> .0128045                                                
>             .0063324
        pre3 |  -.0076055   .0036632    -2.08   0.038    -
> .0147853                                                
>            -.0004258
        pre4 |  -.0062454   .0031349    -1.99   0.046    -
> .0123898                                                
>            -.0001011
        pre5 |  -.0025696   .0026955    -0.95   0.340    -
> .0078526                                                
>             .0027134
----------------------------------------------------------
> --------------------

 ( 1)  pre1 = 0
 ( 2)  pre2 = 0
 ( 3)  pre3 = 0
 ( 4)  pre4 = 0
 ( 5)  pre5 = 0

           chi2(  5) =    8.05
         Prob > chi2 =    0.1535

  (1)  ((_b[tau0_1] + _b[tau1_1] + _b[tau2_1] + _b[tau3_1]
>  + _b[tau4_1] + _b[tau5_1])/6) - ((_b[tau0_0] + _b[tau1_
> 0] + _b[tau2_0] + _b[tau3_0] + _b[tau4_0] + _b[tau5_0])/
> 6) = 0

               chi2(1) =       56.15
           Prob > chi2 =        0.0000

 ( 1)  tau0_0 - tau0_1 = 0
 ( 2)  tau1_0 - tau1_1 = 0
 ( 3)  tau2_0 - tau2_1 = 0
 ( 4)  tau3_0 - tau3_1 = 0
 ( 5)  tau4_0 - tau4_1 = 0
 ( 6)  tau5_0 - tau5_1 = 0

           chi2(  6) = 3207.51
         Prob > chi2 =    0.0000

 ( 1)  tau0_0 = 0
 ( 2)  tau1_0 = 0
 ( 3)  tau2_0 = 0
 ( 4)  tau3_0 = 0
 ( 5)  tau4_0 = 0
 ( 6)  tau5_0 = 0

           chi2(  6) =   10.54
         Prob > chi2 =    0.1038

 ( 1)  tau0_1 = 0
 ( 2)  tau1_1 = 0
 ( 3)  tau2_1 = 0
 ( 4)  tau3_1 = 0
 ( 5)  tau4_1 = 0
 ( 6)  tau5_1 = 0

           chi2(  6) = 1.3e+05
         Prob > chi2 =    0.0000
Average urban effect:     0.003 (p =     0.104)
Average rural effect:     0.038 (p =     0.000)
Difference (rural - urban):     0.035 (p =     0.000)
Joint heterogeneity test p-value:     0.000
number of observations will be reset to 11
Press any key to continue, or Break to abort
Number of observations (_N) was 0, now 11.
file
    /Users/hhadah/Documents/GiT/residency-medicaid-expan
    > sion/output/figures/362-hetero_urbanrural_quota_pe
    > r_100k_Neuro_event_unweighted.png saved as PNG
    format
file
    /Users/hhadah/Documents/GiT/residency-medicaid-expan
    > sion/my_paper/figures/362-hetero_urbanrural_quota_
    > per_100k_Neuro_event_unweighted.png saved as PNG
    format

--- Outcome: unmatched_per_100k (Urban/Rural, UNWEIGHTED) 
> ---

                                                         N
> umber of obs                                            
>              = 2,410
----------------------------------------------------------
> --------------------
unmatch~100k | Coefficient  Std. err.      z    P>|z|     
> [95% con                                                
>         f. interval]
-------------+--------------------------------------------
> --------------------
      tau0_0 |  -.0024457    .002178    -1.12   0.261    -
> .0067146                                                
>             .0018231
      tau0_1 |  -.0102904   .0007303   -14.09   0.000    -
> .0117217                                                
>             -.008859
      tau1_0 |  -.0015926   .0023053    -0.69   0.490    -
> .0061109                                                
>             .0029258
      tau1_1 |   .0661976   .0007636    86.69   0.000     
> .0647009                                                
>             .0676942
      tau2_0 |    .000158    .001108     0.14   0.887    -
> .0020136                                                
>             .0023296
      tau2_1 |   .0281652   .0011069    25.45   0.000     
> .0259958                                                
>             .0303347
      tau3_0 |   .0013692   .0020759     0.66   0.510    -
> .0026994                                                
>             .0054379
      tau3_1 |   .0281663   .0011025    25.55   0.000     
> .0260055                                                
>             .0303271
      tau4_0 |   .0005001   .0014357     0.35   0.728    -
> .0023138                                                
>              .003314
      tau4_1 |  -.0117119   .0015871    -7.38   0.000    -
> .0148226                                                
>            -.0086012
      tau5_0 |  -.0020812   .0033233    -0.63   0.531    -
> .0085946                                                
>             .0044323
      tau5_1 |   .0525078   .0030716    17.09   0.000     
> .0464875                                                
>              .058528
        pre1 |  -.0031481   .0020005    -1.57   0.116    -
> .0070691                                                
>             .0007728
        pre2 |  -.0006316   .0019058    -0.33   0.740     
> -.004367                                                
>             .0031038
        pre3 |   .0017001   .0026602     0.64   0.523    -
> .0035139                                                
>              .006914
        pre4 |   .0002484   .0018893     0.13   0.895    -
> .0034546                                                
>             .0039513
        pre5 |   -.000109   .0014297    -0.08   0.939    -
> .0029113                                                
>             .0026932
----------------------------------------------------------
> --------------------

 ( 1)  pre1 = 0
 ( 2)  pre2 = 0
 ( 3)  pre3 = 0
 ( 4)  pre4 = 0
 ( 5)  pre5 = 0

           chi2(  5) =    5.36
         Prob > chi2 =    0.3740

  (1)  ((_b[tau0_1] + _b[tau1_1] + _b[tau2_1] + _b[tau3_1]
>  + _b[tau4_1] + _b[tau5_1])/6) - ((_b[tau0_0] + _b[tau1_
> 0] + _b[tau2_0] + _b[tau3_0] + _b[tau4_0] + _b[tau5_0])/
> 6) = 0

               chi2(1) =     3025.16
           Prob > chi2 =        0.0000

 ( 1)  tau0_0 - tau0_1 = 0
 ( 2)  tau1_0 - tau1_1 = 0
 ( 3)  tau2_0 - tau2_1 = 0
 ( 4)  tau3_0 - tau3_1 = 0
 ( 5)  tau4_0 - tau4_1 = 0
 ( 6)  tau5_0 - tau5_1 = 0

           chi2(  6) =22711.07
         Prob > chi2 =    0.0000

 ( 1)  tau0_0 = 0
 ( 2)  tau1_0 = 0
 ( 3)  tau2_0 = 0
 ( 4)  tau3_0 = 0
 ( 5)  tau4_0 = 0
 ( 6)  tau5_0 = 0

           chi2(  6) =    2.61
         Prob > chi2 =    0.8565

 ( 1)  tau0_1 = 0
 ( 2)  tau1_1 = 0
 ( 3)  tau2_1 = 0
 ( 4)  tau3_1 = 0
 ( 5)  tau4_1 = 0
 ( 6)  tau5_1 = 0

           chi2(  6) = 3.0e+05
         Prob > chi2 =    0.0000
Average urban effect:    -0.001 (p =     0.856)
Average rural effect:     0.026 (p =     0.000)
Difference (rural - urban):     0.026 (p =     0.000)
Joint heterogeneity test p-value:     0.000
number of observations will be reset to 11
Press any key to continue, or Break to abort
Number of observations (_N) was 0, now 11.
file
    /Users/hhadah/Documents/GiT/residency-medicaid-expan
    > sion/output/figures/363-hetero_urbanrural_unmatche
    > d_per_100k_Neuro_event_unweighted.png saved as PNG
    format
file
    /Users/hhadah/Documents/GiT/residency-medicaid-expan
    > sion/my_paper/figures/363-hetero_urbanrural_unmatc
    > hed_per_100k_Neuro_event_unweighted.png saved as
    PNG format
OBGYN

==========================================================
> ===============
SPECIALTY GROUP (UNWEIGHTED): OBGYN (Urban/Rural Heterogen
> eity)
==========================================================
> ===============


--- Outcome: quota (Urban/Rural, UNWEIGHTED) ---

                                                         N
> umber of obs                                            
>              = 2,690
----------------------------------------------------------
> --------------------
       quota | Coefficient  Std. err.      z    P>|z|     
> [95% con                                                
>         f. interval]
-------------+--------------------------------------------
> --------------------
      tau0_0 |   .1087007   .0799004     1.36   0.174    -
> .0479012                                                
>             .2653026
      tau0_1 |     -.0825   .0742762    -1.11   0.267    -
> .2280786                                                
>             .0630786
      tau1_0 |   .0991071   .1028121     0.96   0.335     
> -.102401                                                
>             .3006152
      tau1_1 |  -.1538495   .0934326    -1.65   0.100     
> -.336974                                                
>              .029275
      tau2_0 |  -.0231223   .1104018    -0.21   0.834    -
> .2395059                                                
>             .1932613
      tau2_1 |  -.2851181   .0954108    -2.99   0.003    -
> .4721198                                                
>            -.0981163
      tau3_0 |   .0441559    .112692     0.39   0.695    -
> .1767164                                                
>             .2650281
      tau3_1 |  -.2979387   .0916129    -3.25   0.001    -
> .4774967                                                
>            -.1183806
      tau4_0 |   .0274622   .1902151     0.14   0.885    -
> .3453526                                                
>             .4002769
      tau4_1 |   1.009754   1.075511     0.94   0.348    -
> 1.098209                                                
>             3.117717
      tau5_0 |   .1597715   .1995816     0.80   0.423    -
> .2314013                                                
>             .5509443
      tau5_1 |   .8349211   1.072101     0.78   0.436    -
> 1.266358                                                
>               2.9362
        pre1 |   .6943033   .3719244     1.87   0.062    -
> .0346551                                                
>             1.423262
        pre2 |   .6322434   .3663658     1.73   0.084    -
> .0858203                                                
>             1.350307
        pre3 |   .4531546   .3766866     1.20   0.229    -
> .2851375                                                
>             1.191447
        pre4 |   .4543917   .4002904     1.14   0.256     
> -.330163                                                
>             1.238946
        pre5 |   .5837374   .3936816     1.48   0.138    -
> .1878643                                                
>             1.355339
----------------------------------------------------------
> --------------------

 ( 1)  pre1 = 0
 ( 2)  pre2 = 0
 ( 3)  pre3 = 0
 ( 4)  pre4 = 0
 ( 5)  pre5 = 0

           chi2(  5) =   14.92
         Prob > chi2 =    0.0107

  (1)  ((_b[tau0_1] + _b[tau1_1] + _b[tau2_1] + _b[tau3_1]
>  + _b[tau4_1] + _b[tau5_1])/6) - ((_b[tau0_0] + _b[tau1_
> 0] + _b[tau2_0] + _b[tau3_0] + _b[tau4_0] + _b[tau5_0])/
> 6) = 0

               chi2(1) =        0.08
           Prob > chi2 =        0.7716

 ( 1)  tau0_0 - tau0_1 = 0
 ( 2)  tau1_0 - tau1_1 = 0
 ( 3)  tau2_0 - tau2_1 = 0
 ( 4)  tau3_0 - tau3_1 = 0
 ( 5)  tau4_0 - tau4_1 = 0
 ( 6)  tau5_0 - tau5_1 = 0

           chi2(  6) =   74.18
         Prob > chi2 =    0.0000

 ( 1)  tau0_0 = 0
 ( 2)  tau1_0 = 0
 ( 3)  tau2_0 = 0
 ( 4)  tau3_0 = 0
 ( 5)  tau4_0 = 0
 ( 6)  tau5_0 = 0

           chi2(  6) =   10.86
         Prob > chi2 =    0.0927

 ( 1)  tau0_1 = 0
 ( 2)  tau1_1 = 0
 ( 3)  tau2_1 = 0
 ( 4)  tau3_1 = 0
 ( 5)  tau4_1 = 0
 ( 6)  tau5_1 = 0

           chi2(  6) =   35.29
         Prob > chi2 =    0.0000
Average urban effect:     0.069 (p =     0.093)
Average rural effect:     0.171 (p =     0.000)
Difference (rural - urban):     0.102 (p =     0.772)
Joint heterogeneity test p-value:     0.000
number of observations will be reset to 11
Press any key to continue, or Break to abort
Number of observations (_N) was 0, now 11.
file
    /Users/hhadah/Documents/GiT/residency-medicaid-expan
    > sion/output/figures/364-hetero_urbanrural_quota_OB
    > GYN_event_unweighted.png saved as PNG format
file
    /Users/hhadah/Documents/GiT/residency-medicaid-expan
    > sion/my_paper/figures/364-hetero_urbanrural_quota_
    > OBGYN_event_unweighted.png saved as PNG format

--- Outcome: matched (Urban/Rural, UNWEIGHTED) ---

                                                         N
> umber of obs                                            
>              = 2,690
----------------------------------------------------------
> --------------------
     matched | Coefficient  Std. err.      z    P>|z|     
> [95% con                                                
>         f. interval]
-------------+--------------------------------------------
> --------------------
      tau0_0 |   .0830533   .0751814     1.10   0.269    -
> .0642995                                                
>             .2304062
      tau0_1 |  -.0925001   .0716404    -1.29   0.197    -
> .2329127                                                
>             .0479125
      tau1_0 |   .0893416   .1016526     0.88   0.379    -
> .1098938                                                
>              .288577
      tau1_1 |   -.172717   .0916037    -1.89   0.059    -
> .3522568                                                
>             .0068229
      tau2_0 |   -.020999   .1143272    -0.18   0.854    -
> .2450763                                                
>             .2030782
      tau2_1 |  -.2664251   .1014888    -2.63   0.009    -
> .4653394                                                
>            -.0675107
      tau3_0 |   .0740611   .1154377     0.64   0.521    -
> .1521927                                                
>             .3003148
      tau3_1 |  -.2920661   .0937819    -3.11   0.002    -
> .4758753                                                
>            -.1082569
      tau4_0 |   .0611608   .1904758     0.32   0.748    -
> .3121648                                                
>             .4344865
      tau4_1 |   1.054088   1.075987     0.98   0.327    -
> 1.054808                                                
>             3.162983
      tau5_0 |     .16667   .1978155     0.84   0.399    -
> .2210412                                                
>             .5543812
      tau5_1 |   .8268496   1.072003     0.77   0.441    -
> 1.274238                                                
>             2.927937
        pre1 |   .6905185   .3707109     1.86   0.063    -
> .0360614                                                
>             1.417098
        pre2 |   .6463011   .3656516     1.77   0.077    -
> .0703629                                                
>             1.362965
        pre3 |   .4781848   .3754896     1.27   0.203    -
> .2577612                                                
>             1.214131
        pre4 |   .4649513   .3971782     1.17   0.242    -
> .3135036                                                
>             1.243406
        pre5 |   .5929771   .3862598     1.54   0.125    -
> .1640782                                                
>             1.350032
----------------------------------------------------------
> --------------------

 ( 1)  pre1 = 0
 ( 2)  pre2 = 0
 ( 3)  pre3 = 0
 ( 4)  pre4 = 0
 ( 5)  pre5 = 0

           chi2(  5) =   18.05
         Prob > chi2 =    0.0029

  (1)  ((_b[tau0_1] + _b[tau1_1] + _b[tau2_1] + _b[tau3_1]
>  + _b[tau4_1] + _b[tau5_1])/6) - ((_b[tau0_0] + _b[tau1_
> 0] + _b[tau2_0] + _b[tau3_0] + _b[tau4_0] + _b[tau5_0])/
> 6) = 0

               chi2(1) =        0.08
           Prob > chi2 =        0.7741

 ( 1)  tau0_0 - tau0_1 = 0
 ( 2)  tau1_0 - tau1_1 = 0
 ( 3)  tau2_0 - tau2_1 = 0
 ( 4)  tau3_0 - tau3_1 = 0
 ( 5)  tau4_0 - tau4_1 = 0
 ( 6)  tau5_0 - tau5_1 = 0

           chi2(  6) =   97.25
         Prob > chi2 =    0.0000

 ( 1)  tau0_0 = 0
 ( 2)  tau1_0 = 0
 ( 3)  tau2_0 = 0
 ( 4)  tau3_0 = 0
 ( 5)  tau4_0 = 0
 ( 6)  tau5_0 = 0

           chi2(  6) =    8.28
         Prob > chi2 =    0.2185

 ( 1)  tau0_1 = 0
 ( 2)  tau1_1 = 0
 ( 3)  tau2_1 = 0
 ( 4)  tau3_1 = 0
 ( 5)  tau4_1 = 0
 ( 6)  tau5_1 = 0

           chi2(  6) =   39.20
         Prob > chi2 =    0.0000
Average urban effect:     0.076 (p =     0.219)
Average rural effect:     0.176 (p =     0.000)
Difference (rural - urban):     0.101 (p =     0.774)
Joint heterogeneity test p-value:     0.000
number of observations will be reset to 11
Press any key to continue, or Break to abort
Number of observations (_N) was 0, now 11.
file
    /Users/hhadah/Documents/GiT/residency-medicaid-expan
    > sion/output/figures/365-hetero_urbanrural_matched_
    > OBGYN_event_unweighted.png saved as PNG format
file
    /Users/hhadah/Documents/GiT/residency-medicaid-expan
    > sion/my_paper/figures/365-hetero_urbanrural_matche
    > d_OBGYN_event_unweighted.png saved as PNG format

--- Outcome: unmatched (Urban/Rural, UNWEIGHTED) ---

                                                         N
> umber of obs                                            
>              = 2,690
----------------------------------------------------------
> --------------------
   unmatched | Coefficient  Std. err.      z    P>|z|     
> [95% con                                                
>         f. interval]
-------------+--------------------------------------------
> --------------------
      tau0_0 |   .0256473   .0187099     1.37   0.170    -
> .0110235                                                
>              .062318
      tau0_1 |        .01   .0133596     0.75   0.454    -
> .0161844                                                
>             .0361844
      tau1_0 |   .0097654   .0124524     0.78   0.433    -
> .0146409                                                
>             .0341717
      tau1_1 |   .0188675   .0076076     2.48   0.013     
> .0039569                                                
>              .033778
      tau2_0 |  -.0021232   .0309734    -0.07   0.945     
>  -.06283                                                
>             .0585835
      tau2_1 |   -.018693   .0293605    -0.64   0.524    -
> .0762386                                                
>             .0388526
      tau3_0 |  -.0299052   .0211473    -1.41   0.157    -
> .0713531                                                
>             .0115426
      tau3_1 |  -.0058725    .018339    -0.32   0.749    -
> .0418163                                                
>             .0300713
      tau4_0 |  -.0336987   .0402102    -0.84   0.402    -
> .1125092                                                
>             .0451117
      tau4_1 |   -.044334   .0410896    -1.08   0.281    -
> .1248681                                                
>             .0362001
      tau5_0 |  -.0068985   .0192276    -0.36   0.720    -
> .0445839                                                
>             .0307868
      tau5_1 |   .0080716   .0153465     0.53   0.599    -
> .0220069                                                
>               .03815
        pre1 |   .0037848   .0251182     0.15   0.880     
> -.045446                                                
>             .0530156
        pre2 |  -.0140577   .0164975    -0.85   0.394    -
> .0463923                                                
>             .0182768
        pre3 |  -.0250302   .0256197    -0.98   0.329    -
> .0752439                                                
>             .0251835
        pre4 |  -.0105596   .0242127    -0.44   0.663    -
> .0580155                                                
>             .0368964
        pre5 |  -.0092397   .0151493    -0.61   0.542    -
> .0389318                                                
>             .0204523
----------------------------------------------------------
> --------------------

 ( 1)  pre1 = 0
 ( 2)  pre2 = 0
 ( 3)  pre3 = 0
 ( 4)  pre4 = 0
 ( 5)  pre5 = 0

           chi2(  5) =    2.19
         Prob > chi2 =    0.8221

  (1)  ((_b[tau0_1] + _b[tau1_1] + _b[tau2_1] + _b[tau3_1]
>  + _b[tau4_1] + _b[tau5_1])/6) - ((_b[tau0_0] + _b[tau1_
> 0] + _b[tau2_0] + _b[tau3_0] + _b[tau4_0] + _b[tau5_0])/
> 6) = 0

               chi2(1) =        0.01
           Prob > chi2 =        0.9372

 ( 1)  tau0_0 - tau0_1 = 0
 ( 2)  tau1_0 - tau1_1 = 0
 ( 3)  tau2_0 - tau2_1 = 0
 ( 4)  tau3_0 - tau3_1 = 0
 ( 5)  tau4_0 - tau4_1 = 0
 ( 6)  tau5_0 - tau5_1 = 0

           chi2(  6) =   45.56
         Prob > chi2 =    0.0000

 ( 1)  tau0_0 = 0
 ( 2)  tau1_0 = 0
 ( 3)  tau2_0 = 0
 ( 4)  tau3_0 = 0
 ( 5)  tau4_0 = 0
 ( 6)  tau5_0 = 0

           chi2(  6) =    9.92
         Prob > chi2 =    0.1279

 ( 1)  tau0_1 = 0
 ( 2)  tau1_1 = 0
 ( 3)  tau2_1 = 0
 ( 4)  tau3_1 = 0
 ( 5)  tau4_1 = 0
 ( 6)  tau5_1 = 0

           chi2(  6) =   36.06
         Prob > chi2 =    0.0000
Average urban effect:    -0.006 (p =     0.128)
Average rural effect:    -0.005 (p =     0.000)
Difference (rural - urban):     0.001 (p =     0.937)
Joint heterogeneity test p-value:     0.000
number of observations will be reset to 11
Press any key to continue, or Break to abort
Number of observations (_N) was 0, now 11.
file
    /Users/hhadah/Documents/GiT/residency-medicaid-expan
    > sion/output/figures/366-hetero_urbanrural_unmatche
    > d_OBGYN_event_unweighted.png saved as PNG format
file
    /Users/hhadah/Documents/GiT/residency-medicaid-expan
    > sion/my_paper/figures/366-hetero_urbanrural_unmatc
    > hed_OBGYN_event_unweighted.png saved as PNG format

--- Outcome: matched_per_100k (Urban/Rural, UNWEIGHTED) --
> -

                                                         N
> umber of obs                                            
>              = 2,690
----------------------------------------------------------
> --------------------
matched~100k | Coefficient  Std. err.      z    P>|z|     
> [95% con                                                
>         f. interval]
-------------+--------------------------------------------
> --------------------
      tau0_0 |  -.0015172   .0027789    -0.55   0.585    -
> .0069637                                                
>             .0039293
      tau0_1 |  -.0010101   .0009258    -1.09   0.275    -
> .0028246                                                
>             .0008043
      tau1_0 |  -.0004687   .0030946    -0.15   0.880     
> -.006534                                                
>             .0055966
      tau1_1 |  -.0014038   .0010972    -1.28   0.201    -
> .0035543                                                
>             .0007467
      tau2_0 |  -.0016191   .0031453    -0.51   0.607    -
> .0077837                                                
>             .0045455
      tau2_1 |  -.0023245   .0012464    -1.86   0.062    -
> .0047674                                                
>             .0001185
      tau3_0 |   -.000136   .0034771    -0.04   0.969    -
> .0069511                                                
>              .006679
      tau3_1 |  -.0027026   .0012673    -2.13   0.033    -
> .0051864                                                
>            -.0002187
      tau4_0 |  -.0002254   .0037213    -0.06   0.952    -
> .0075191                                                
>             .0070683
      tau4_1 |   .0114286     .01086     1.05   0.293    -
> .0098567                                                
>             .0327138
      tau5_0 |   .0013654   .0039774     0.34   0.731    -
> .0064302                                                
>              .009161
      tau5_1 |   .0084661   .0109767     0.77   0.441    -
> .0130478                                                
>             .0299799
        pre1 |   .0079017   .0055284     1.43   0.153    -
> .0029337                                                
>             .0187371
        pre2 |   .0084267   .0054503     1.55   0.122    -
> .0022556                                                
>             .0191091
        pre3 |    .006285   .0055827     1.13   0.260    -
> .0046569                                                
>             .0172269
        pre4 |   .0054416   .0058301     0.93   0.351    -
> .0059852                                                
>             .0168684
        pre5 |   .0082988   .0050723     1.64   0.102    -
> .0016427                                                
>             .0182404
----------------------------------------------------------
> --------------------

 ( 1)  pre1 = 0
 ( 2)  pre2 = 0
 ( 3)  pre3 = 0
 ( 4)  pre4 = 0
 ( 5)  pre5 = 0

           chi2(  5) =   13.52
         Prob > chi2 =    0.0189

  (1)  ((_b[tau0_1] + _b[tau1_1] + _b[tau2_1] + _b[tau3_1]
>  + _b[tau4_1] + _b[tau5_1])/6) - ((_b[tau0_0] + _b[tau1_
> 0] + _b[tau2_0] + _b[tau3_0] + _b[tau4_0] + _b[tau5_0])/
> 6) = 0

               chi2(1) =        0.32
           Prob > chi2 =        0.5721

 ( 1)  tau0_0 - tau0_1 = 0
 ( 2)  tau1_0 - tau1_1 = 0
 ( 3)  tau2_0 - tau2_1 = 0
 ( 4)  tau3_0 - tau3_1 = 0
 ( 5)  tau4_0 - tau4_1 = 0
 ( 6)  tau5_0 - tau5_1 = 0

           chi2(  6) =   15.63
         Prob > chi2 =    0.0159

 ( 1)  tau0_0 = 0
 ( 2)  tau1_0 = 0
 ( 3)  tau2_0 = 0
 ( 4)  tau3_0 = 0
 ( 5)  tau4_0 = 0
 ( 6)  tau5_0 = 0

           chi2(  6) =    5.38
         Prob > chi2 =    0.4965

 ( 1)  tau0_1 = 0
 ( 2)  tau1_1 = 0
 ( 3)  tau2_1 = 0
 ( 4)  tau3_1 = 0
 ( 5)  tau4_1 = 0
 ( 6)  tau5_1 = 0

           chi2(  6) =   12.39
         Prob > chi2 =    0.0538
Average urban effect:    -0.000 (p =     0.497)
Average rural effect:     0.002 (p =     0.054)
Difference (rural - urban):     0.003 (p =     0.572)
Joint heterogeneity test p-value:     0.016
number of observations will be reset to 11
Press any key to continue, or Break to abort
Number of observations (_N) was 0, now 11.
file
    /Users/hhadah/Documents/GiT/residency-medicaid-expan
    > sion/output/figures/367-hetero_urbanrural_matched_
    > per_100k_OBGYN_event_unweighted.png saved as PNG
    format
file
    /Users/hhadah/Documents/GiT/residency-medicaid-expan
    > sion/my_paper/figures/367-hetero_urbanrural_matche
    > d_per_100k_OBGYN_event_unweighted.png saved as PNG
    format

--- Outcome: quota_per_100k (Urban/Rural, UNWEIGHTED) ---

                                                         N
> umber of obs                                            
>              = 2,690
----------------------------------------------------------
> --------------------
quota_p~100k | Coefficient  Std. err.      z    P>|z|     
> [95% con                                                
>         f. interval]
-------------+--------------------------------------------
> --------------------
      tau0_0 |  -.0011717   .0027932    -0.42   0.675    -
> .0066463                                                
>             .0043029
      tau0_1 |    -.00075   .0009363    -0.80   0.423    -
> .0025852                                                
>             .0010852
      tau1_0 |  -.0004452   .0030737    -0.14   0.885    -
> .0064696                                                
>             .0055792
      tau1_1 |  -.0010623   .0011089    -0.96   0.338    -
> .0032357                                                
>             .0011111
      tau2_0 |  -.0018421   .0031078    -0.59   0.553    -
> .0079333                                                
>              .004249
      tau2_1 |  -.0026204   .0011607    -2.26   0.024    -
> .0048954                                                
>            -.0003455
      tau3_0 |  -.0004218   .0034579    -0.12   0.903    -
> .0071992                                                
>             .0063555
      tau3_1 |  -.0026821   .0012794    -2.10   0.036    -
> .0051897                                                
>            -.0001745
      tau4_0 |  -.0007311    .003688    -0.20   0.843    -
> .0079594                                                
>             .0064971
      tau4_1 |   .0109722   .0108448     1.01   0.312    -
> .0102831                                                
>             .0322276
      tau5_0 |   .0014314   .0039524     0.36   0.717    -
> .0063152                                                
>              .009178
      tau5_1 |   .0088036    .010974     0.80   0.422    -
> .0127051                                                
>             .0303123
        pre1 |   .0078079   .0055217     1.41   0.157    -
> .0030144                                                
>             .0186302
        pre2 |   .0081582   .0054507     1.50   0.134    -
> .0025249                                                
>             .0188414
        pre3 |   .0061161   .0055931     1.09   0.274    -
> .0048462                                                
>             .0170784
        pre4 |   .0056523   .0058542     0.97   0.334    -
> .0058218                                                
>             .0171264
        pre5 |   .0082026   .0051932     1.58   0.114    -
> .0019758                                                
>              .018381
----------------------------------------------------------
> --------------------

 ( 1)  pre1 = 0
 ( 2)  pre2 = 0
 ( 3)  pre3 = 0
 ( 4)  pre4 = 0
 ( 5)  pre5 = 0

           chi2(  5) =   16.63
         Prob > chi2 =    0.0053

  (1)  ((_b[tau0_1] + _b[tau1_1] + _b[tau2_1] + _b[tau3_1]
>  + _b[tau4_1] + _b[tau5_1])/6) - ((_b[tau0_0] + _b[tau1_
> 0] + _b[tau2_0] + _b[tau3_0] + _b[tau4_0] + _b[tau5_0])/
> 6) = 0

               chi2(1) =        0.36
           Prob > chi2 =        0.5501

 ( 1)  tau0_0 - tau0_1 = 0
 ( 2)  tau1_0 - tau1_1 = 0
 ( 3)  tau2_0 - tau2_1 = 0
 ( 4)  tau3_0 - tau3_1 = 0
 ( 5)  tau4_0 - tau4_1 = 0
 ( 6)  tau5_0 - tau5_1 = 0

           chi2(  6) =   16.97
         Prob > chi2 =    0.0094

 ( 1)  tau0_0 = 0
 ( 2)  tau1_0 = 0
 ( 3)  tau2_0 = 0
 ( 4)  tau3_0 = 0
 ( 5)  tau4_0 = 0
 ( 6)  tau5_0 = 0

           chi2(  6) =    7.29
         Prob > chi2 =    0.2950

 ( 1)  tau0_1 = 0
 ( 2)  tau1_1 = 0
 ( 3)  tau2_1 = 0
 ( 4)  tau3_1 = 0
 ( 5)  tau4_1 = 0
 ( 6)  tau5_1 = 0

           chi2(  6) =   13.39
         Prob > chi2 =    0.0373
Average urban effect:    -0.001 (p =     0.295)
Average rural effect:     0.002 (p =     0.037)
Difference (rural - urban):     0.003 (p =     0.550)
Joint heterogeneity test p-value:     0.009
number of observations will be reset to 11
Press any key to continue, or Break to abort
Number of observations (_N) was 0, now 11.
file
    /Users/hhadah/Documents/GiT/residency-medicaid-expan
    > sion/output/figures/368-hetero_urbanrural_quota_pe
    > r_100k_OBGYN_event_unweighted.png saved as PNG
    format
file
    /Users/hhadah/Documents/GiT/residency-medicaid-expan
    > sion/my_paper/figures/368-hetero_urbanrural_quota_
    > per_100k_OBGYN_event_unweighted.png saved as PNG
    format

--- Outcome: unmatched_per_100k (Urban/Rural, UNWEIGHTED) 
> ---

                                                         N
> umber of obs                                            
>              = 2,690
----------------------------------------------------------
> --------------------
unmatch~100k | Coefficient  Std. err.      z    P>|z|     
> [95% con                                                
>         f. interval]
-------------+--------------------------------------------
> --------------------
      tau0_0 |   .0003455    .000233     1.48   0.138    -
> .0001112                                                
>             .0008023
      tau0_1 |   .0002601   .0001804     1.44   0.149    -
> .0000935                                                
>             .0006137
      tau1_0 |   .0000235   .0002222     0.11   0.916    -
> .0004119                                                
>             .0004589
      tau1_1 |   .0003415   .0001613     2.12   0.034     
> .0000254                                                
>             .0006576
      tau2_0 |   -.000223   .0005047    -0.44   0.659    -
> .0012123                                                
>             .0007662
      tau2_1 |   -.000296   .0005072    -0.58   0.560    -
> .0012901                                                
>             .0006981
      tau3_0 |  -.0002858   .0003093    -0.92   0.355     
> -.000892                                                
>             .0003204
      tau3_1 |   .0000205   .0002639     0.08   0.938    -
> .0004968                                                
>             .0005378
      tau4_0 |  -.0005057     .00053    -0.95   0.340    -
> .0015444                                                
>              .000533
      tau4_1 |  -.0004564   .0005377    -0.85   0.396    -
> .0015102                                                
>             .0005974
      tau5_0 |    .000066   .0002784     0.24   0.813    -
> .0004796                                                
>             .0006116
      tau5_1 |   .0003375   .0002004     1.68   0.092    -
> .0000553                                                
>             .0007303
        pre1 |  -.0000938    .000361    -0.26   0.795    -
> .0008013                                                
>             .0006137
        pre2 |  -.0002685    .000279    -0.96   0.336    -
> .0008154                                                
>             .0002784
        pre3 |  -.0001689   .0003522    -0.48   0.632    -
> .0008592                                                
>             .0005214
        pre4 |   .0002107   .0004422     0.48   0.634    -
> .0006561                                                
>             .0010774
        pre5 |  -.0000962   .0002479    -0.39   0.698    -
> .0005821                                                
>             .0003896
----------------------------------------------------------
> --------------------

 ( 1)  pre1 = 0
 ( 2)  pre2 = 0
 ( 3)  pre3 = 0
 ( 4)  pre4 = 0
 ( 5)  pre5 = 0

           chi2(  5) =    1.67
         Prob > chi2 =    0.8921

  (1)  ((_b[tau0_1] + _b[tau1_1] + _b[tau2_1] + _b[tau3_1]
>  + _b[tau4_1] + _b[tau5_1])/6) - ((_b[tau0_0] + _b[tau1_
> 0] + _b[tau2_0] + _b[tau3_0] + _b[tau4_0] + _b[tau5_0])/
> 6) = 0

               chi2(1) =        0.74
           Prob > chi2 =        0.3901

 ( 1)  tau0_0 - tau0_1 = 0
 ( 2)  tau1_0 - tau1_1 = 0
 ( 3)  tau2_0 - tau2_1 = 0
 ( 4)  tau3_0 - tau3_1 = 0
 ( 5)  tau4_0 - tau4_1 = 0
 ( 6)  tau5_0 - tau5_1 = 0

           chi2(  6) =   24.80
         Prob > chi2 =    0.0004

 ( 1)  tau0_0 = 0
 ( 2)  tau1_0 = 0
 ( 3)  tau2_0 = 0
 ( 4)  tau3_0 = 0
 ( 5)  tau4_0 = 0
 ( 6)  tau5_0 = 0

           chi2(  6) =    5.40
         Prob > chi2 =    0.4935

 ( 1)  tau0_1 = 0
 ( 2)  tau1_1 = 0
 ( 3)  tau2_1 = 0
 ( 4)  tau3_1 = 0
 ( 5)  tau4_1 = 0
 ( 6)  tau5_1 = 0

           chi2(  6) =   15.30
         Prob > chi2 =    0.0180
Average urban effect:    -0.000 (p =     0.494)
Average rural effect:     0.000 (p =     0.018)
Difference (rural - urban):     0.000 (p =     0.390)
Joint heterogeneity test p-value:     0.000
number of observations will be reset to 11
Press any key to continue, or Break to abort
Number of observations (_N) was 0, now 11.
file
    /Users/hhadah/Documents/GiT/residency-medicaid-expan
    > sion/output/figures/369-hetero_urbanrural_unmatche
    > d_per_100k_OBGYN_event_unweighted.png saved as PNG
    format
file
    /Users/hhadah/Documents/GiT/residency-medicaid-expan
    > sion/my_paper/figures/369-hetero_urbanrural_unmatc
    > hed_per_100k_OBGYN_event_unweighted.png saved as
    PNG format
ONMS

==========================================================
> ===============
SPECIALTY GROUP (UNWEIGHTED): ONMS (Urban/Rural Heterogene
> ity)
==========================================================
> ===============

Outcome quota: no treated rural observations for ONMS.
Outcome matched: no treated rural observations for ONMS.
Outcome unmatched: no treated rural observations for ONMS.
Outcome matched_per_100k: no treated rural observations fo
> r ONMS.
Outcome quota_per_100k: no treated rural observations for 
> ONMS.
Outcome unmatched_per_100k: no treated rural observations 
> for ONMS.
PMR

==========================================================
> ===============
SPECIALTY GROUP (UNWEIGHTED): PMR (Urban/Rural Heterogenei
> ty)
==========================================================
> ===============

Outcome quota: no treated rural observations for PMR.
Outcome matched: no treated rural observations for PMR.
Outcome unmatched: no treated rural observations for PMR.
Outcome matched_per_100k: no treated rural observations fo
> r PMR.
Outcome quota_per_100k: no treated rural observations for 
> PMR.
Outcome unmatched_per_100k: no treated rural observations 
> for PMR.
Path

==========================================================
> ===============
SPECIALTY GROUP (UNWEIGHTED): Path (Urban/Rural Heterogene
> ity)
==========================================================
> ===============


--- Outcome: quota (Urban/Rural, UNWEIGHTED) ---

                                                         N
> umber of obs                                            
>              = 1,440
----------------------------------------------------------
> --------------------
       quota | Coefficient  Std. err.      z    P>|z|     
> [95% con                                                
>         f. interval]
-------------+--------------------------------------------
> --------------------
      tau0_0 |  -.0268967   .1237758    -0.22   0.828    -
> .2694928                                                
>             .2156994
      tau0_1 |   .8050849     .10389     7.75   0.000     
> .6014643                                                
>             1.008706
      tau1_0 |   .0194205   .1170791     0.17   0.868    -
> .2100504                                                
>             .2488914
      tau1_1 |  -.1723163     .09182    -1.88   0.061    -
> .3522802                                                
>             .0076476
      tau2_0 |  -.0644798   .1787138    -0.36   0.718    -
> .4147525                                                
>             .2857928
      tau2_1 |  -.2167606   .1123082    -1.93   0.054    -
> .4368806                                                
>             .0033593
      tau3_0 |   -.108142   .1499013    -0.72   0.471    -
> .4019432                                                
>             .1856591
      tau3_1 |  -.3278718   .1515196    -2.16   0.030    -
> .6248447                                                
>            -.0308989
      tau4_0 |  -.1429335   .1544087    -0.93   0.355    -
> .4455689                                                
>              .159702
      tau4_1 |   .5832393   .1254238     4.65   0.000     
> .3374131                                                
>             .8290655
      tau5_0 |   .2844534   .1841394     1.54   0.122    -
> .0764532                                                
>             .6453599
      tau5_1 |  -.0726895   .1385163    -0.52   0.600    -
> .3441765                                                
>             .1987974
        pre1 |  -.0223761   .1911527    -0.12   0.907    -
> .3970285                                                
>             .3522763
        pre2 |  -.2483654   .2193556    -1.13   0.258    -
> .6782944                                                
>             .1815636
        pre3 |  -.2665645   .1284495    -2.08   0.038    -
> .5183209                                                
>             -.014808
        pre4 |  -.2085259   .1087186    -1.92   0.055    -
> .4216105                                                
>             .0045587
        pre5 |  -.1913537   .1773658    -1.08   0.281    -
> .5389842                                                
>             .1562768
----------------------------------------------------------
> --------------------

 ( 1)  pre1 = 0
 ( 2)  pre2 = 0
 ( 3)  pre3 = 0
 ( 4)  pre4 = 0
 ( 5)  pre5 = 0

           chi2(  5) =   12.71
         Prob > chi2 =    0.0263

  (1)  ((_b[tau0_1] + _b[tau1_1] + _b[tau2_1] + _b[tau3_1]
>  + _b[tau4_1] + _b[tau5_1])/6) - ((_b[tau0_0] + _b[tau1_
> 0] + _b[tau2_0] + _b[tau3_0] + _b[tau4_0] + _b[tau5_0])/
> 6) = 0

               chi2(1) =        1.78
           Prob > chi2 =        0.1819

 ( 1)  tau0_0 - tau0_1 = 0
 ( 2)  tau1_0 - tau1_1 = 0
 ( 3)  tau2_0 - tau2_1 = 0
 ( 4)  tau3_0 - tau3_1 = 0
 ( 5)  tau4_0 - tau4_1 = 0
 ( 6)  tau5_0 - tau5_1 = 0

           chi2(  6) =  299.41
         Prob > chi2 =    0.0000

 ( 1)  tau0_0 = 0
 ( 2)  tau1_0 = 0
 ( 3)  tau2_0 = 0
 ( 4)  tau3_0 = 0
 ( 5)  tau4_0 = 0
 ( 6)  tau5_0 = 0

           chi2(  6) =    6.31
         Prob > chi2 =    0.3897

 ( 1)  tau0_1 = 0
 ( 2)  tau1_1 = 0
 ( 3)  tau2_1 = 0
 ( 4)  tau3_1 = 0
 ( 5)  tau4_1 = 0
 ( 6)  tau5_1 = 0

           chi2(  6) =  326.43
         Prob > chi2 =    0.0000
Average urban effect:    -0.006 (p =     0.390)
Average rural effect:     0.100 (p =     0.000)
Difference (rural - urban):     0.106 (p =     0.182)
Joint heterogeneity test p-value:     0.000
number of observations will be reset to 11
Press any key to continue, or Break to abort
Number of observations (_N) was 0, now 11.
file
    /Users/hhadah/Documents/GiT/residency-medicaid-expan
    > sion/output/figures/370-hetero_urbanrural_quota_Pa
    > th_event_unweighted.png saved as PNG format
file
    /Users/hhadah/Documents/GiT/residency-medicaid-expan
    > sion/my_paper/figures/370-hetero_urbanrural_quota_
    > Path_event_unweighted.png saved as PNG format

--- Outcome: matched (Urban/Rural, UNWEIGHTED) ---

                                                         N
> umber of obs                                            
>              = 1,440
----------------------------------------------------------
> --------------------
     matched | Coefficient  Std. err.      z    P>|z|     
> [95% con                                                
>         f. interval]
-------------+--------------------------------------------
> --------------------
      tau0_0 |   .0333743   .1665312     0.20   0.841    -
> .2930208                                                
>             .3597693
      tau0_1 |    1.45339   .1241299    11.71   0.000     
>   1.2101                                                
>              1.69668
      tau1_0 |   -.048398   .1741386    -0.28   0.781    -
> .3897033                                                
>             .2929073
      tau1_1 |   .3115113   .1679749     1.85   0.064    -
> .0177134                                                
>             .6407359
      tau2_0 |    .057356   .1915898     0.30   0.765    -
> .3181531                                                
>              .432865
      tau2_1 |   .2978539   .1490519     2.00   0.046     
> .0057176                                                
>             .5899903
      tau3_0 |   .0407657   .1747172     0.23   0.816    -
> .3016736                                                
>             .3832051
      tau3_1 |   .3867428    .168809     2.29   0.022     
> .0558832                                                
>             .7176024
      tau4_0 |    .046669   .1693478     0.28   0.783    -
> .2852467                                                
>             .3785846
      tau4_1 |   1.231187   .1480581     8.32   0.000     
> .9409987                                                
>             1.521376
      tau5_0 |   .3183412   .1891397     1.68   0.092    -
> .0523658                                                
>             .6890482
      tau5_1 |   .4373889   .1579687     2.77   0.006     
>  .127776                                                
>             .7470018
        pre1 |   -.803934    .235802    -3.41   0.001    -
> 1.266097                                                
>            -.3417706
        pre2 |  -1.122006   .2464925    -4.55   0.000    -
> 1.605123                                                
>            -.6388899
        pre3 |  -1.107535   .2505694    -4.42   0.000    -
> 1.598642                                                
>            -.6164281
        pre4 |  -1.076759   .1746433    -6.17   0.000    -
> 1.419054                                                
>            -.7344648
        pre5 |  -.7743069   .2469783    -3.14   0.002    -
> 1.258375                                                
>            -.2902382
----------------------------------------------------------
> --------------------

 ( 1)  pre1 = 0
 ( 2)  pre2 = 0
 ( 3)  pre3 = 0
 ( 4)  pre4 = 0
 ( 5)  pre5 = 0

           chi2(  5) =  117.85
         Prob > chi2 =    0.0000

  (1)  ((_b[tau0_1] + _b[tau1_1] + _b[tau2_1] + _b[tau3_1]
>  + _b[tau4_1] + _b[tau5_1])/6) - ((_b[tau0_0] + _b[tau1_
> 0] + _b[tau2_0] + _b[tau3_0] + _b[tau4_0] + _b[tau5_0])/
> 6) = 0

               chi2(1) =       67.95
           Prob > chi2 =        0.0000

 ( 1)  tau0_0 - tau0_1 = 0
 ( 2)  tau1_0 - tau1_1 = 0
 ( 3)  tau2_0 - tau2_1 = 0
 ( 4)  tau3_0 - tau3_1 = 0
 ( 5)  tau4_0 - tau4_1 = 0
 ( 6)  tau5_0 - tau5_1 = 0

           chi2(  6) =  270.49
         Prob > chi2 =    0.0000

 ( 1)  tau0_0 = 0
 ( 2)  tau1_0 = 0
 ( 3)  tau2_0 = 0
 ( 4)  tau3_0 = 0
 ( 5)  tau4_0 = 0
 ( 6)  tau5_0 = 0

           chi2(  6) =    6.62
         Prob > chi2 =    0.3572

 ( 1)  tau0_1 = 0
 ( 2)  tau1_1 = 0
 ( 3)  tau2_1 = 0
 ( 4)  tau3_1 = 0
 ( 5)  tau4_1 = 0
 ( 6)  tau5_1 = 0

           chi2(  6) =  205.02
         Prob > chi2 =    0.0000
Average urban effect:     0.075 (p =     0.357)
Average rural effect:     0.686 (p =     0.000)
Difference (rural - urban):     0.612 (p =     0.000)
Joint heterogeneity test p-value:     0.000
number of observations will be reset to 11
Press any key to continue, or Break to abort
Number of observations (_N) was 0, now 11.
file
    /Users/hhadah/Documents/GiT/residency-medicaid-expan
    > sion/output/figures/371-hetero_urbanrural_matched_
    > Path_event_unweighted.png saved as PNG format
file
    /Users/hhadah/Documents/GiT/residency-medicaid-expan
    > sion/my_paper/figures/371-hetero_urbanrural_matche
    > d_Path_event_unweighted.png saved as PNG format

--- Outcome: unmatched (Urban/Rural, UNWEIGHTED) ---

                                                         N
> umber of obs                                            
>              = 1,440
----------------------------------------------------------
> --------------------
   unmatched | Coefficient  Std. err.      z    P>|z|     
> [95% con                                                
>         f. interval]
-------------+--------------------------------------------
> --------------------
      tau0_0 |   -.060271   .1155523    -0.52   0.602    -
> .2867493                                                
>             .1662072
      tau0_1 |  -.6483051   .1109239    -5.84   0.000    -
> .8657119                                                
>            -.4308982
      tau1_0 |   .0678184   .1255126     0.54   0.589    -
> .1781818                                                
>             .3138187
      tau1_1 |  -.4838277   .1180367    -4.10   0.000    -
> .7151754                                                
>            -.2524799
      tau2_0 |  -.1218358   .1061634    -1.15   0.251    -
> .3299121                                                
>             .0862406
      tau2_1 |  -.5146147   .1015534    -5.07   0.000    -
> .7136557                                                
>            -.3155738
      tau3_0 |  -.1489078   .1063613    -1.40   0.162     
> -.357372                                                
>             .0595565
      tau3_1 |  -.7146147   .1021316    -7.00   0.000    -
> .9147889                                                
>            -.5144404
      tau4_0 |  -.1896024   .1099001    -1.73   0.084    -
> .4050027                                                
>             .0257979
      tau4_1 |   -.647948   .1087257    -5.96   0.000    -
> .8610465                                                
>            -.4348495
      tau5_0 |  -.0338879   .1260731    -0.27   0.788    -
> .2809867                                                
>             .2132109
      tau5_1 |  -.5100784   .1059912    -4.81   0.000    -
> .7178173                                                
>            -.3023394
        pre1 |   .7815579   .1533468     5.10   0.000     
> .4810037                                                
>             1.082112
        pre2 |    .873641   .1599363     5.46   0.000     
> .5601717                                                
>              1.18711
        pre3 |   .8409706   .1542031     5.45   0.000     
>  .538738                                                
>             1.143203
        pre4 |   .8682334   .0972339     8.93   0.000     
> .6776585                                                
>             1.058808
        pre5 |   .5829531   .1472991     3.96   0.000     
> .2942522                                                
>             .8716541
----------------------------------------------------------
> --------------------

 ( 1)  pre1 = 0
 ( 2)  pre2 = 0
 ( 3)  pre3 = 0
 ( 4)  pre4 = 0
 ( 5)  pre5 = 0

           chi2(  5) =  568.73
         Prob > chi2 =    0.0000

  (1)  ((_b[tau0_1] + _b[tau1_1] + _b[tau2_1] + _b[tau3_1]
>  + _b[tau4_1] + _b[tau5_1])/6) - ((_b[tau0_0] + _b[tau1_
> 0] + _b[tau2_0] + _b[tau3_0] + _b[tau4_0] + _b[tau5_0])/
> 6) = 0

               chi2(1) =      184.74
           Prob > chi2 =        0.0000

 ( 1)  tau0_0 - tau0_1 = 0
 ( 2)  tau1_0 - tau1_1 = 0
 ( 3)  tau2_0 - tau2_1 = 0
 ( 4)  tau3_0 - tau3_1 = 0
 ( 5)  tau4_0 - tau4_1 = 0
 ( 6)  tau5_0 - tau5_1 = 0

           chi2(  6) =  240.61
         Prob > chi2 =    0.0000

 ( 1)  tau0_0 = 0
 ( 2)  tau1_0 = 0
 ( 3)  tau2_0 = 0
 ( 4)  tau3_0 = 0
 ( 5)  tau4_0 = 0
 ( 6)  tau5_0 = 0

           chi2(  6) =    6.91
         Prob > chi2 =    0.3294

 ( 1)  tau0_1 = 0
 ( 2)  tau1_1 = 0
 ( 3)  tau2_1 = 0
 ( 4)  tau3_1 = 0
 ( 5)  tau4_1 = 0
 ( 6)  tau5_1 = 0

           chi2(  6) =   92.72
         Prob > chi2 =    0.0000
Average urban effect:    -0.081 (p =     0.329)
Average rural effect:    -0.587 (p =     0.000)
Difference (rural - urban):    -0.505 (p =     0.000)
Joint heterogeneity test p-value:     0.000
number of observations will be reset to 11
Press any key to continue, or Break to abort
Number of observations (_N) was 0, now 11.
file
    /Users/hhadah/Documents/GiT/residency-medicaid-expan
    > sion/output/figures/372-hetero_urbanrural_unmatche
    > d_Path_event_unweighted.png saved as PNG format
file
    /Users/hhadah/Documents/GiT/residency-medicaid-expan
    > sion/my_paper/figures/372-hetero_urbanrural_unmatc
    > hed_Path_event_unweighted.png saved as PNG format

--- Outcome: matched_per_100k (Urban/Rural, UNWEIGHTED) --
> -

                                                         N
> umber of obs                                            
>              = 1,440
----------------------------------------------------------
> --------------------
matched~100k | Coefficient  Std. err.      z    P>|z|     
> [95% con                                                
>         f. interval]
-------------+--------------------------------------------
> --------------------
      tau0_0 |   .0035684    .004509     0.79   0.429     
> -.005269                                                
>             .0124059
      tau0_1 |   .1302838   .0029836    43.67   0.000     
>  .124436                                                
>             .1361315
      tau1_0 |   .0008867   .0084777     0.10   0.917    -
> .0157293                                                
>             .0175026
      tau1_1 |   .0480389   .0046967    10.23   0.000     
> .0388334                                                
>             .0572443
      tau2_0 |   .0035901   .0044545     0.81   0.420    -
> .0051407                                                
>             .0123208
      tau2_1 |   .0502934   .0029648    16.96   0.000     
> .0444824                                                
>             .0561043
      tau3_0 |   .0027099   .0055421     0.49   0.625    -
> .0081524                                                
>             .0135723
      tau3_1 |   .0519324   .0040459    12.84   0.000     
> .0440026                                                
>             .0598622
      tau4_0 |    .005687   .0066381     0.86   0.392    -
> .0073235                                                
>             .0186976
      tau4_1 |   .1253233   .0037371    33.53   0.000     
> .1179986                                                
>             .1326479
      tau5_0 |   .0111931   .0087934     1.27   0.203    -
> .0060417                                                
>             .0284279
      tau5_1 |   .0524234    .004755    11.02   0.000     
> .0431038                                                
>             .0617431
        pre1 |  -.0112989   .0070871    -1.59   0.111    -
> .0251893                                                
>             .0025916
        pre2 |  -.0232327   .0064938    -3.58   0.000    -
> .0359602                                                
>            -.0105051
        pre3 |   -.015691   .0063017    -2.49   0.013    -
> .0280422                                                
>            -.0033398
        pre4 |  -.0185163   .0056109    -3.30   0.001    -
> .0295134                                                
>            -.0075192
        pre5 |  -.0109962   .0046346    -2.37   0.018    -
> .0200799                                                
>            -.0019125
----------------------------------------------------------
> --------------------

 ( 1)  pre1 = 0
 ( 2)  pre2 = 0
 ( 3)  pre3 = 0
 ( 4)  pre4 = 0
 ( 5)  pre5 = 0

           chi2(  5) =   26.47
         Prob > chi2 =    0.0001

  (1)  ((_b[tau0_1] + _b[tau1_1] + _b[tau2_1] + _b[tau3_1]
>  + _b[tau4_1] + _b[tau5_1])/6) - ((_b[tau0_0] + _b[tau1_
> 0] + _b[tau2_0] + _b[tau3_0] + _b[tau4_0] + _b[tau5_0])/
> 6) = 0

               chi2(1) =      280.60
           Prob > chi2 =        0.0000

 ( 1)  tau0_0 - tau0_1 = 0
 ( 2)  tau1_0 - tau1_1 = 0
 ( 3)  tau2_0 - tau2_1 = 0
 ( 4)  tau3_0 - tau3_1 = 0
 ( 5)  tau4_0 - tau4_1 = 0
 ( 6)  tau5_0 - tau5_1 = 0

           chi2(  6) = 2292.09
         Prob > chi2 =    0.0000

 ( 1)  tau0_0 = 0
 ( 2)  tau1_0 = 0
 ( 3)  tau2_0 = 0
 ( 4)  tau3_0 = 0
 ( 5)  tau4_0 = 0
 ( 6)  tau5_0 = 0

           chi2(  6) =   10.24
         Prob > chi2 =    0.1150

 ( 1)  tau0_1 = 0
 ( 2)  tau1_1 = 0
 ( 3)  tau2_1 = 0
 ( 4)  tau3_1 = 0
 ( 5)  tau4_1 = 0
 ( 6)  tau5_1 = 0

           chi2(  6) = 3513.98
         Prob > chi2 =    0.0000
Average urban effect:     0.005 (p =     0.115)
Average rural effect:     0.076 (p =     0.000)
Difference (rural - urban):     0.072 (p =     0.000)
Joint heterogeneity test p-value:     0.000
number of observations will be reset to 11
Press any key to continue, or Break to abort
Number of observations (_N) was 0, now 11.
file
    /Users/hhadah/Documents/GiT/residency-medicaid-expan
    > sion/output/figures/373-hetero_urbanrural_matched_
    > per_100k_Path_event_unweighted.png saved as PNG
    format
file
    /Users/hhadah/Documents/GiT/residency-medicaid-expan
    > sion/my_paper/figures/373-hetero_urbanrural_matche
    > d_per_100k_Path_event_unweighted.png saved as PNG
    format

--- Outcome: quota_per_100k (Urban/Rural, UNWEIGHTED) ---

                                                         N
> umber of obs                                            
>              = 1,440
----------------------------------------------------------
> --------------------
quota_p~100k | Coefficient  Std. err.      z    P>|z|     
> [95% con                                                
>         f. interval]
-------------+--------------------------------------------
> --------------------
      tau0_0 |   .0014052   .0044807     0.31   0.754    -
> .0073767                                                
>             .0101871
      tau0_1 |   .0877418   .0032368    27.11   0.000     
> .0813979                                                
>             .0940858
      tau1_0 |    .006702   .0075273     0.89   0.373    -
> .0080513                                                
>             .0214553
      tau1_1 |    .010505     .00386     2.72   0.006     
> .0029395                                                
>             .0180705
      tau2_0 |  -.0010378   .0051075    -0.20   0.839    -
> .0110484                                                
>             .0089728
      tau2_1 |   .0102304   .0039493     2.59   0.010     
> .0024899                                                
>             .0179709
      tau3_0 |  -.0022385    .005455    -0.41   0.682    -
> .0129301                                                
>             .0084531
      tau3_1 |   .0072332   .0043201     1.67   0.094    -
> .0012341                                                
>             .0157006
      tau4_0 |   .0030215   .0062558     0.48   0.629    -
> .0092397                                                
>             .0152827
      tau4_1 |   .0837525   .0030565    27.40   0.000     
>  .077762                                                
>             .0897431
      tau5_0 |    .010907   .0078487     1.39   0.165    -
> .0044762                                                
>             .0262901
      tau5_1 |    .013945   .0038532     3.62   0.000     
> .0063929                                                
>              .021497
        pre1 |  -.0018841   .0057524    -0.33   0.743    -
> .0131587                                                
>             .0093905
        pre2 |  -.0094812   .0048164    -1.97   0.049    -
> .0189213                                                
>            -.0000412
        pre3 |  -.0040046   .0031503    -1.27   0.204    -
> .0101791                                                
>             .0021698
        pre4 |  -.0059445   .0032101    -1.85   0.064    -
> .0122361                                                
>             .0003472
        pre5 |  -.0019638   .0023368    -0.84   0.401    -
> .0065438                                                
>             .0026163
----------------------------------------------------------
> --------------------

 ( 1)  pre1 = 0
 ( 2)  pre2 = 0
 ( 3)  pre3 = 0
 ( 4)  pre4 = 0
 ( 5)  pre5 = 0

           chi2(  5) =    6.31
         Prob > chi2 =    0.2773

  (1)  ((_b[tau0_1] + _b[tau1_1] + _b[tau2_1] + _b[tau3_1]
>  + _b[tau4_1] + _b[tau5_1])/6) - ((_b[tau0_0] + _b[tau1_
> 0] + _b[tau2_0] + _b[tau3_0] + _b[tau4_0] + _b[tau5_0])/
> 6) = 0

               chi2(1) =       52.99
           Prob > chi2 =        0.0000

 ( 1)  tau0_0 - tau0_1 = 0
 ( 2)  tau1_0 - tau1_1 = 0
 ( 3)  tau2_0 - tau2_1 = 0
 ( 4)  tau3_0 - tau3_1 = 0
 ( 5)  tau4_0 - tau4_1 = 0
 ( 6)  tau5_0 - tau5_1 = 0

           chi2(  6) = 3491.92
         Prob > chi2 =    0.0000

 ( 1)  tau0_0 = 0
 ( 2)  tau1_0 = 0
 ( 3)  tau2_0 = 0
 ( 4)  tau3_0 = 0
 ( 5)  tau4_0 = 0
 ( 6)  tau5_0 = 0

           chi2(  6) =    6.11
         Prob > chi2 =    0.4105

 ( 1)  tau0_1 = 0
 ( 2)  tau1_1 = 0
 ( 3)  tau2_1 = 0
 ( 4)  tau3_1 = 0
 ( 5)  tau4_1 = 0
 ( 6)  tau5_1 = 0

           chi2(  6) = 5103.76
         Prob > chi2 =    0.0000
Average urban effect:     0.003 (p =     0.411)
Average rural effect:     0.036 (p =     0.000)
Difference (rural - urban):     0.032 (p =     0.000)
Joint heterogeneity test p-value:     0.000
number of observations will be reset to 11
Press any key to continue, or Break to abort
Number of observations (_N) was 0, now 11.
file
    /Users/hhadah/Documents/GiT/residency-medicaid-expan
    > sion/output/figures/374-hetero_urbanrural_quota_pe
    > r_100k_Path_event_unweighted.png saved as PNG
    format
file
    /Users/hhadah/Documents/GiT/residency-medicaid-expan
    > sion/my_paper/figures/374-hetero_urbanrural_quota_
    > per_100k_Path_event_unweighted.png saved as PNG
    format

--- Outcome: unmatched_per_100k (Urban/Rural, UNWEIGHTED) 
> ---

                                                         N
> umber of obs                                            
>              = 1,440
----------------------------------------------------------
> --------------------
unmatch~100k | Coefficient  Std. err.      z    P>|z|     
> [95% con                                                
>         f. interval]
-------------+--------------------------------------------
> --------------------
      tau0_0 |  -.0021632   .0030794    -0.70   0.482    -
> .0081987                                                
>             .0038723
      tau0_1 |  -.0425419   .0032241   -13.19   0.000    -
> .0488611                                                
>            -.0362228
      tau1_0 |   .0058153   .0050459     1.15   0.249    -
> .0040745                                                
>             .0157052
      tau1_1 |  -.0375339   .0022086   -16.99   0.000    -
> .0418626                                                
>            -.0332051
      tau2_0 |  -.0046279   .0026322    -1.76   0.079    -
> .0097869                                                
>             .0005312
      tau2_1 |   -.040063   .0027051   -14.81   0.000     
> -.045365                                                
>             -.034761
      tau3_0 |  -.0049484   .0035974    -1.38   0.169    -
> .0119991                                                
>             .0021022
      tau3_1 |  -.0446991   .0037652   -11.87   0.000    -
> .0520787                                                
>            -.0373195
      tau4_0 |  -.0026655   .0029486    -0.90   0.366    -
> .0084447                                                
>             .0031137
      tau4_1 |  -.0415707   .0028357   -14.66   0.000    -
> .0471285                                                
>             -.036013
      tau5_0 |  -.0002861    .002756    -0.10   0.917    -
> .0056877                                                
>             .0051155
      tau5_1 |  -.0384784   .0019462   -19.77   0.000    -
> .0422929                                                
>             -.034664
        pre1 |   .0094148    .005528     1.70   0.089    -
> .0014199                                                
>             .0202494
        pre2 |   .0137514   .0060515     2.27   0.023     
> .0018907                                                
>             .0256122
        pre3 |   .0116864   .0058906     1.98   0.047     
>  .000141                                                
>             .0232317
        pre4 |   .0125718   .0046464     2.71   0.007     
>  .003465                                                
>             .0216787
        pre5 |   .0090324   .0032872     2.75   0.006     
> .0025896                                                
>             .0154752
----------------------------------------------------------
> --------------------

 ( 1)  pre1 = 0
 ( 2)  pre2 = 0
 ( 3)  pre3 = 0
 ( 4)  pre4 = 0
 ( 5)  pre5 = 0

           chi2(  5) =   29.16
         Prob > chi2 =    0.0000

  (1)  ((_b[tau0_1] + _b[tau1_1] + _b[tau2_1] + _b[tau3_1]
>  + _b[tau4_1] + _b[tau5_1])/6) - ((_b[tau0_0] + _b[tau1_
> 0] + _b[tau2_0] + _b[tau3_0] + _b[tau4_0] + _b[tau5_0])/
> 6) = 0

               chi2(1) =     1682.36
           Prob > chi2 =        0.0000

 ( 1)  tau0_0 - tau0_1 = 0
 ( 2)  tau1_0 - tau1_1 = 0
 ( 3)  tau2_0 - tau2_1 = 0
 ( 4)  tau3_0 - tau3_1 = 0
 ( 5)  tau4_0 - tau4_1 = 0
 ( 6)  tau5_0 - tau5_1 = 0

           chi2(  6) = 4506.16
         Prob > chi2 =    0.0000

 ( 1)  tau0_0 = 0
 ( 2)  tau1_0 = 0
 ( 3)  tau2_0 = 0
 ( 4)  tau3_0 = 0
 ( 5)  tau4_0 = 0
 ( 6)  tau5_0 = 0

           chi2(  6) =    6.82
         Prob > chi2 =    0.3376

 ( 1)  tau0_1 = 0
 ( 2)  tau1_1 = 0
 ( 3)  tau2_1 = 0
 ( 4)  tau3_1 = 0
 ( 5)  tau4_1 = 0
 ( 6)  tau5_1 = 0

           chi2(  6) = 2467.00
         Prob > chi2 =    0.0000
Average urban effect:    -0.001 (p =     0.338)
Average rural effect:    -0.041 (p =     0.000)
Difference (rural - urban):    -0.039 (p =     0.000)
Joint heterogeneity test p-value:     0.000
number of observations will be reset to 11
Press any key to continue, or Break to abort
Number of observations (_N) was 0, now 11.
file
    /Users/hhadah/Documents/GiT/residency-medicaid-expan
    > sion/output/figures/375-hetero_urbanrural_unmatche
    > d_per_100k_Path_event_unweighted.png saved as PNG
    format
file
    /Users/hhadah/Documents/GiT/residency-medicaid-expan
    > sion/my_paper/figures/375-hetero_urbanrural_unmatc
    > hed_per_100k_Path_event_unweighted.png saved as
    PNG format
Peds

==========================================================
> ===============
SPECIALTY GROUP (UNWEIGHTED): Peds (Urban/Rural Heterogene
> ity)
==========================================================
> ===============


--- Outcome: quota (Urban/Rural, UNWEIGHTED) ---

                                                         N
> umber of obs                                            
>              = 2,500
----------------------------------------------------------
> --------------------
       quota | Coefficient  Std. err.      z    P>|z|     
> [95% con                                                
>         f. interval]
-------------+--------------------------------------------
> --------------------
      tau0_0 |  -.1753951   .1867631    -0.94   0.348    -
> .5414441                                                
>             .1906539
      tau0_1 |   .2878785   .1543922     1.86   0.062    -
> .0147247                                                
>             .5904817
      tau1_0 |  -.4741039   .2887042    -1.64   0.101    -
> 1.039954                                                
>             .0917459
      tau1_1 |  -.0302291   .2575572    -0.12   0.907    -
> .5350319                                                
>             .4745737
      tau2_0 |  -.4861859   .3734193    -1.30   0.193    -
> 1.218074                                                
>             .2457025
      tau2_1 |  -.2596903   .3489878    -0.74   0.457    -
> .9436937                                                
>             .4243132
      tau3_0 |  -.5413359   .4078432    -1.33   0.184    -
> 1.340694                                                
>             .2580221
      tau3_1 |  -.4307427   .3481155    -1.24   0.216    -
> 1.113037                                                
>              .251551
      tau4_0 |  -.4229987   .4493088    -0.94   0.346    -
> 1.303628                                                
>             .4576305
      tau4_1 |  -.3912692   .3725463    -1.05   0.294    -
> 1.121447                                                
>             .3389082
      tau5_0 |  -.6386247   .6081011    -1.05   0.294    -
> 1.830481                                                
>             .5532315
      tau5_1 |  -.9836249    .554807    -1.77   0.076    -
> 2.071027                                                
>             .1037768
        pre1 |   .0290284   .4017471     0.07   0.942    -
> .7583815                                                
>             .8164383
        pre2 |  -.2441521   .3348738    -0.73   0.466    -
> .9004926                                                
>             .4121884
        pre3 |  -.3079647   .3275891    -0.94   0.347    -
> .9500276                                                
>             .3340982
        pre4 |  -.0546413   .3278055    -0.17   0.868    -
> .6971283                                                
>             .5878458
        pre5 |  -.1054677   .3406692    -0.31   0.757    -
> .7731671                                                
>             .5622317
----------------------------------------------------------
> --------------------

 ( 1)  pre1 = 0
 ( 2)  pre2 = 0
 ( 3)  pre3 = 0
 ( 4)  pre4 = 0
 ( 5)  pre5 = 0

           chi2(  5) =    7.21
         Prob > chi2 =    0.2053

  (1)  ((_b[tau0_1] + _b[tau1_1] + _b[tau2_1] + _b[tau3_1]
>  + _b[tau4_1] + _b[tau5_1])/6) - ((_b[tau0_0] + _b[tau1_
> 0] + _b[tau2_0] + _b[tau3_0] + _b[tau4_0] + _b[tau5_0])/
> 6) = 0

               chi2(1) =        0.92
           Prob > chi2 =        0.3379

 ( 1)  tau0_0 - tau0_1 = 0
 ( 2)  tau1_0 - tau1_1 = 0
 ( 3)  tau2_0 - tau2_1 = 0
 ( 4)  tau3_0 - tau3_1 = 0
 ( 5)  tau4_0 - tau4_1 = 0
 ( 6)  tau5_0 - tau5_1 = 0

           chi2(  6) =   96.84
         Prob > chi2 =    0.0000

 ( 1)  tau0_0 = 0
 ( 2)  tau1_0 = 0
 ( 3)  tau2_0 = 0
 ( 4)  tau3_0 = 0
 ( 5)  tau4_0 = 0
 ( 6)  tau5_0 = 0

           chi2(  6) =    6.18
         Prob > chi2 =    0.4028

 ( 1)  tau0_1 = 0
 ( 2)  tau1_1 = 0
 ( 3)  tau2_1 = 0
 ( 4)  tau3_1 = 0
 ( 5)  tau4_1 = 0
 ( 6)  tau5_1 = 0

           chi2(  6) =   84.77
         Prob > chi2 =    0.0000
Average urban effect:    -0.456 (p =     0.403)
Average rural effect:    -0.301 (p =     0.000)
Difference (rural - urban):     0.155 (p =     0.338)
Joint heterogeneity test p-value:     0.000
number of observations will be reset to 11
Press any key to continue, or Break to abort
Number of observations (_N) was 0, now 11.
file
    /Users/hhadah/Documents/GiT/residency-medicaid-expan
    > sion/output/figures/376-hetero_urbanrural_quota_Pe
    > ds_event_unweighted.png saved as PNG format
file
    /Users/hhadah/Documents/GiT/residency-medicaid-expan
    > sion/my_paper/figures/376-hetero_urbanrural_quota_
    > Peds_event_unweighted.png saved as PNG format

--- Outcome: matched (Urban/Rural, UNWEIGHTED) ---

                                                         N
> umber of obs                                            
>              = 2,500
----------------------------------------------------------
> --------------------
     matched | Coefficient  Std. err.      z    P>|z|     
> [95% con                                                
>         f. interval]
-------------+--------------------------------------------
> --------------------
      tau0_0 |  -.2466049   .1932495    -1.28   0.202     
> -.625367                                                
>             .1321572
      tau0_1 |   .1767678   .1592031     1.11   0.267    -
> .1352645                                                
>             .4888002
      tau1_0 |  -.6090307   .2755858    -2.21   0.027    -
> 1.149169                                                
>            -.0688924
      tau1_1 |  -1.213427   .2530799    -4.79   0.000    -
> 1.709455                                                
>            -.7173996
      tau2_0 |  -.6291544   .3530715    -1.78   0.075    -
> 1.321162                                                
>              .062853
      tau2_1 |  -.3679519   .3376785    -1.09   0.276     
> -1.02979                                                
>             .2938859
      tau3_0 |  -.5534882   .3763069    -1.47   0.141    -
> 1.291036                                                
>             .1840597
      tau3_1 |   -.354794   .3147957    -1.13   0.260    -
> .9717823                                                
>             .2621943
      tau4_0 |   -.381476   .4565054    -0.84   0.403     
> -1.27621                                                
>             .5132581
      tau4_1 |  -2.275847   .3670506    -6.20   0.000    -
> 2.995253                                                
>            -1.556441
      tau5_0 |  -.6834405   .6302724    -1.08   0.278    -
> 1.918752                                                
>             .5518707
      tau5_1 |  -.8134408   .5581945    -1.46   0.145    -
> 1.907482                                                
>             .2806003
        pre1 |  -.3819176   .3868064    -0.99   0.323    -
> 1.140044                                                
>              .376209
        pre2 |  -.5317912    .327769    -1.62   0.105    -
> 1.174207                                                
>             .1106243
        pre3 |  -.5428483   .3300041    -1.64   0.100    -
> 1.189644                                                
>             .1039478
        pre4 |   -.399981   .3154289    -1.27   0.205     
> -1.01821                                                
>             .2182483
        pre5 |  -.2329761   .3152791    -0.74   0.460    -
> .8509117                                                
>             .3849596
----------------------------------------------------------
> --------------------

 ( 1)  pre1 = 0
 ( 2)  pre2 = 0
 ( 3)  pre3 = 0
 ( 4)  pre4 = 0
 ( 5)  pre5 = 0

           chi2(  5) =    3.10
         Prob > chi2 =    0.6847

  (1)  ((_b[tau0_1] + _b[tau1_1] + _b[tau2_1] + _b[tau3_1]
>  + _b[tau4_1] + _b[tau5_1])/6) - ((_b[tau0_0] + _b[tau1_
> 0] + _b[tau2_0] + _b[tau3_0] + _b[tau4_0] + _b[tau5_0])/
> 6) = 0

               chi2(1) =        3.46
           Prob > chi2 =        0.0628

 ( 1)  tau0_0 - tau0_1 = 0
 ( 2)  tau1_0 - tau1_1 = 0
 ( 3)  tau2_0 - tau2_1 = 0
 ( 4)  tau3_0 - tau3_1 = 0
 ( 5)  tau4_0 - tau4_1 = 0
 ( 6)  tau5_0 - tau5_1 = 0

           chi2(  6) = 1099.93
         Prob > chi2 =    0.0000

 ( 1)  tau0_0 = 0
 ( 2)  tau1_0 = 0
 ( 3)  tau2_0 = 0
 ( 4)  tau3_0 = 0
 ( 5)  tau4_0 = 0
 ( 6)  tau5_0 = 0

           chi2(  6) =    6.60
         Prob > chi2 =    0.3593

 ( 1)  tau0_1 = 0
 ( 2)  tau1_1 = 0
 ( 3)  tau2_1 = 0
 ( 4)  tau3_1 = 0
 ( 5)  tau4_1 = 0
 ( 6)  tau5_1 = 0

           chi2(  6) =  529.17
         Prob > chi2 =    0.0000
Average urban effect:    -0.517 (p =     0.359)
Average rural effect:    -0.808 (p =     0.000)
Difference (rural - urban):    -0.291 (p =     0.063)
Joint heterogeneity test p-value:     0.000
number of observations will be reset to 11
Press any key to continue, or Break to abort
Number of observations (_N) was 0, now 11.
file
    /Users/hhadah/Documents/GiT/residency-medicaid-expan
    > sion/output/figures/377-hetero_urbanrural_matched_
    > Peds_event_unweighted.png saved as PNG format
file
    /Users/hhadah/Documents/GiT/residency-medicaid-expan
    > sion/my_paper/figures/377-hetero_urbanrural_matche
    > d_Peds_event_unweighted.png saved as PNG format

--- Outcome: unmatched (Urban/Rural, UNWEIGHTED) ---

                                                         N
> umber of obs                                            
>              = 2,500
----------------------------------------------------------
> --------------------
   unmatched | Coefficient  Std. err.      z    P>|z|     
> [95% con                                                
>         f. interval]
-------------+--------------------------------------------
> --------------------
      tau0_0 |   .0712101   .0867797     0.82   0.412    -
> .0988749                                                
>             .2412951
      tau0_1 |   .1111111   .0714855     1.55   0.120    -
> .0289979                                                
>             .2512201
      tau1_0 |   .1349269   .0889913     1.52   0.129    -
> .0394929                                                
>             .3093467
      tau1_1 |   1.183198   .0729266    16.22   0.000     
> 1.040264                                                
>             1.326131
      tau2_0 |   .1429685   .0704573     2.03   0.042     
> .0048747                                                
>             .2810624
      tau2_1 |    .108262    .043794     2.47   0.013     
> .0224273                                                
>             .1940967
      tau3_0 |   .0121523   .1132656     0.11   0.915    -
> .2098442                                                
>             .2341488
      tau3_1 |  -.0759485   .0721324    -1.05   0.292    -
> .2173254                                                
>             .0654284
      tau4_0 |  -.0415224   .1160241    -0.36   0.720    -
> .2689255                                                
>             .1858807
      tau4_1 |   1.884578   .1176268    16.02   0.000     
> 1.654033                                                
>             2.115122
      tau5_0 |   .0448159   .1220287     0.37   0.713    -
> .1943559                                                
>             .2839877
      tau5_1 |  -.1701841   .0995979    -1.71   0.088    -
> .3653924                                                
>             .0250242
        pre1 |    .410946   .1049474     3.92   0.000     
> .2052528                                                
>             .6166392
        pre2 |   .2876391   .0865661     3.32   0.001     
> .1179726                                                
>             .4573057
        pre3 |   .2348836   .0781534     3.01   0.003     
> .0817057                                                
>             .3880615
        pre4 |   .3453397   .1325336     2.61   0.009     
> .0855787                                                
>             .6051008
        pre5 |   .1275084   .0927956     1.37   0.169    -
> .0543677                                                
>             .3093845
----------------------------------------------------------
> --------------------

 ( 1)  pre1 = 0
 ( 2)  pre2 = 0
 ( 3)  pre3 = 0
 ( 4)  pre4 = 0
 ( 5)  pre5 = 0

           chi2(  5) =   18.61
         Prob > chi2 =    0.0023

  (1)  ((_b[tau0_1] + _b[tau1_1] + _b[tau2_1] + _b[tau3_1]
>  + _b[tau4_1] + _b[tau5_1])/6) - ((_b[tau0_0] + _b[tau1_
> 0] + _b[tau2_0] + _b[tau3_0] + _b[tau4_0] + _b[tau5_0])/
> 6) = 0

               chi2(1) =      192.31
           Prob > chi2 =        0.0000

 ( 1)  tau0_0 - tau0_1 = 0
 ( 2)  tau1_0 - tau1_1 = 0
 ( 3)  tau2_0 - tau2_1 = 0
 ( 4)  tau3_0 - tau3_1 = 0
 ( 5)  tau4_0 - tau4_1 = 0
 ( 6)  tau5_0 - tau5_1 = 0

           chi2(  6) = 4018.63
         Prob > chi2 =    0.0000

 ( 1)  tau0_0 = 0
 ( 2)  tau1_0 = 0
 ( 3)  tau2_0 = 0
 ( 4)  tau3_0 = 0
 ( 5)  tau4_0 = 0
 ( 6)  tau5_0 = 0

           chi2(  6) =    8.16
         Prob > chi2 =    0.2266

 ( 1)  tau0_1 = 0
 ( 2)  tau1_1 = 0
 ( 3)  tau2_1 = 0
 ( 4)  tau3_1 = 0
 ( 5)  tau4_1 = 0
 ( 6)  tau5_1 = 0

           chi2(  6) = 2663.08
         Prob > chi2 =    0.0000
Average urban effect:     0.061 (p =     0.227)
Average rural effect:     0.507 (p =     0.000)
Difference (rural - urban):     0.446 (p =     0.000)
Joint heterogeneity test p-value:     0.000
number of observations will be reset to 11
Press any key to continue, or Break to abort
Number of observations (_N) was 0, now 11.
file
    /Users/hhadah/Documents/GiT/residency-medicaid-expan
    > sion/output/figures/378-hetero_urbanrural_unmatche
    > d_Peds_event_unweighted.png saved as PNG format
file
    /Users/hhadah/Documents/GiT/residency-medicaid-expan
    > sion/my_paper/figures/378-hetero_urbanrural_unmatc
    > hed_Peds_event_unweighted.png saved as PNG format

--- Outcome: matched_per_100k (Urban/Rural, UNWEIGHTED) --
> -

                                                         N
> umber of obs                                            
>              = 2,500
----------------------------------------------------------
> --------------------
matched~100k | Coefficient  Std. err.      z    P>|z|     
> [95% con                                                
>         f. interval]
-------------+--------------------------------------------
> --------------------
      tau0_0 |  -.0035111   .0038428    -0.91   0.361    -
> .0110429                                                
>             .0040208
      tau0_1 |    .064534   .0030668    21.04   0.000     
> .0585232                                                
>             .0705448
      tau1_0 |  -.0081758   .0041717    -1.96   0.050    -
> .0163521                                                
>             5.60e-07
      tau1_1 |  -.0153595   .0034136    -4.50   0.000    -
> .0220499                                                
>             -.008669
      tau2_0 |  -.0075919   .0048158    -1.58   0.115    -
> .0170308                                                
>             .0018469
      tau2_1 |   .0600004   .0037629    15.95   0.000     
> .0526253                                                
>             .0673754
      tau3_0 |  -.0078765   .0055805    -1.41   0.158     
> -.018814                                                
>              .003061
      tau3_1 |   .0588155   .0041291    14.24   0.000     
> .0507227                                                
>             .0669084
      tau4_0 |  -.0027644   .0068969    -0.40   0.689     
> -.016282                                                
>             .0107533
      tau4_1 |   -.089126   .0056955   -15.65   0.000    -
> .1002889                                                
>            -.0779631
      tau5_0 |  -.0075505   .0096867    -0.78   0.436    -
> .0265361                                                
>              .011435
      tau5_1 |   .0569235    .007964     7.15   0.000     
> .0413144                                                
>             .0725326
        pre1 |  -.0069731   .0098387    -0.71   0.478    -
> .0262566                                                
>             .0123105
        pre2 |  -.0076379   .0087328    -0.87   0.382    -
> .0247538                                                
>              .009478
        pre3 |  -.0076895   .0072192    -1.07   0.287    -
> .0218389                                                
>             .0064598
        pre4 |   -.006871    .005686    -1.21   0.227    -
> .0180153                                                
>             .0042732
        pre5 |   .0008647   .0039416     0.22   0.826    -
> .0068607                                                
>             .0085902
----------------------------------------------------------
> --------------------

 ( 1)  pre1 = 0
 ( 2)  pre2 = 0
 ( 3)  pre3 = 0
 ( 4)  pre4 = 0
 ( 5)  pre5 = 0

           chi2(  5) =    5.47
         Prob > chi2 =    0.3608

  (1)  ((_b[tau0_1] + _b[tau1_1] + _b[tau2_1] + _b[tau3_1]
>  + _b[tau4_1] + _b[tau5_1])/6) - ((_b[tau0_0] + _b[tau1_
> 0] + _b[tau2_0] + _b[tau3_0] + _b[tau4_0] + _b[tau5_0])/
> 6) = 0

               chi2(1) =       79.31
           Prob > chi2 =        0.0000

 ( 1)  tau0_0 - tau0_1 = 0
 ( 2)  tau1_0 - tau1_1 = 0
 ( 3)  tau2_0 - tau2_1 = 0
 ( 4)  tau3_0 - tau3_1 = 0
 ( 5)  tau4_0 - tau4_1 = 0
 ( 6)  tau5_0 - tau5_1 = 0

           chi2(  6) =12565.22
         Prob > chi2 =    0.0000

 ( 1)  tau0_0 = 0
 ( 2)  tau1_0 = 0
 ( 3)  tau2_0 = 0
 ( 4)  tau3_0 = 0
 ( 5)  tau4_0 = 0
 ( 6)  tau5_0 = 0

           chi2(  6) =    7.75
         Prob > chi2 =    0.2566

 ( 1)  tau0_1 = 0
 ( 2)  tau1_1 = 0
 ( 3)  tau2_1 = 0
 ( 4)  tau3_1 = 0
 ( 5)  tau4_1 = 0
 ( 6)  tau5_1 = 0

           chi2(  6) = 7012.05
         Prob > chi2 =    0.0000
Average urban effect:    -0.006 (p =     0.257)
Average rural effect:     0.023 (p =     0.000)
Difference (rural - urban):     0.029 (p =     0.000)
Joint heterogeneity test p-value:     0.000
number of observations will be reset to 11
Press any key to continue, or Break to abort
Number of observations (_N) was 0, now 11.
file
    /Users/hhadah/Documents/GiT/residency-medicaid-expan
    > sion/output/figures/379-hetero_urbanrural_matched_
    > per_100k_Peds_event_unweighted.png saved as PNG
    format
file
    /Users/hhadah/Documents/GiT/residency-medicaid-expan
    > sion/my_paper/figures/379-hetero_urbanrural_matche
    > d_per_100k_Peds_event_unweighted.png saved as PNG
    format

--- Outcome: quota_per_100k (Urban/Rural, UNWEIGHTED) ---

                                                         N
> umber of obs                                            
>              = 2,500
----------------------------------------------------------
> --------------------
quota_p~100k | Coefficient  Std. err.      z    P>|z|     
> [95% con                                                
>         f. interval]
-------------+--------------------------------------------
> --------------------
      tau0_0 |  -.0020472   .0037037    -0.55   0.580    -
> .0093064                                                
>              .005212
      tau0_1 |   .0664774   .0029475    22.55   0.000     
> .0607004                                                
>             .0722543
      tau1_0 |  -.0063963   .0039848    -1.61   0.108    -
> .0142064                                                
>             .0014138
      tau1_1 |   .0635733   .0032896    19.33   0.000     
> .0571257                                                
>             .0700208
      tau2_0 |  -.0051549   .0046315    -1.11   0.266    -
> .0142324                                                
>             .0039227
      tau2_1 |   .0620426   .0036184    17.15   0.000     
> .0549506                                                
>             .0691346
      tau3_0 |  -.0064908   .0051158    -1.27   0.205    -
> .0165177                                                
>              .003536
      tau3_1 |   .0591407   .0037687    15.69   0.000     
> .0517542                                                
>             .0665272
      tau4_0 |   -.003922   .0067794    -0.58   0.563    -
> .0172094                                                
>             .0093653
      tau4_1 |   .0622071   .0055829    11.14   0.000     
> .0512648                                                
>             .0731494
      tau5_0 |  -.0067184   .0094701    -0.71   0.478    -
> .0252795                                                
>             .0118426
      tau5_1 |   .0539932   .0081665     6.61   0.000     
>  .037987                                                
>             .0699993
        pre1 |   .0003372   .0095007     0.04   0.972    -
> .0182839                                                
>             .0189584
        pre2 |  -.0028776   .0085401    -0.34   0.736     
> -.019616                                                
>             .0138607
        pre3 |  -.0024279   .0069616    -0.35   0.727    -
> .0160724                                                
>             .0112165
        pre4 |  -.0009582   .0050514    -0.19   0.850    -
> .0108589                                                
>             .0089424
        pre5 |   .0039878    .003227     1.24   0.217    -
> .0023369                                                
>             .0103125
----------------------------------------------------------
> --------------------

 ( 1)  pre1 = 0
 ( 2)  pre2 = 0
 ( 3)  pre3 = 0
 ( 4)  pre4 = 0
 ( 5)  pre5 = 0

           chi2(  5) =    4.85
         Prob > chi2 =    0.4347

  (1)  ((_b[tau0_1] + _b[tau1_1] + _b[tau2_1] + _b[tau3_1]
>  + _b[tau4_1] + _b[tau5_1])/6) - ((_b[tau0_0] + _b[tau1_
> 0] + _b[tau2_0] + _b[tau3_0] + _b[tau4_0] + _b[tau5_0])/
> 6) = 0

               chi2(1) =      457.62
           Prob > chi2 =        0.0000

 ( 1)  tau0_0 - tau0_1 = 0
 ( 2)  tau1_0 - tau1_1 = 0
 ( 3)  tau2_0 - tau2_1 = 0
 ( 4)  tau3_0 - tau3_1 = 0
 ( 5)  tau4_0 - tau4_1 = 0
 ( 6)  tau5_0 - tau5_1 = 0

           chi2(  6) = 2765.66
         Prob > chi2 =    0.0000

 ( 1)  tau0_0 = 0
 ( 2)  tau1_0 = 0
 ( 3)  tau2_0 = 0
 ( 4)  tau3_0 = 0
 ( 5)  tau4_0 = 0
 ( 6)  tau5_0 = 0

           chi2(  6) =    6.07
         Prob > chi2 =    0.4158

 ( 1)  tau0_1 = 0
 ( 2)  tau1_1 = 0
 ( 3)  tau2_1 = 0
 ( 4)  tau3_1 = 0
 ( 5)  tau4_1 = 0
 ( 6)  tau5_1 = 0

           chi2(  6) =  626.94
         Prob > chi2 =    0.0000
Average urban effect:    -0.005 (p =     0.416)
Average rural effect:     0.061 (p =     0.000)
Difference (rural - urban):     0.066 (p =     0.000)
Joint heterogeneity test p-value:     0.000
number of observations will be reset to 11
Press any key to continue, or Break to abort
Number of observations (_N) was 0, now 11.
file
    /Users/hhadah/Documents/GiT/residency-medicaid-expan
    > sion/output/figures/380-hetero_urbanrural_quota_pe
    > r_100k_Peds_event_unweighted.png saved as PNG
    format
file
    /Users/hhadah/Documents/GiT/residency-medicaid-expan
    > sion/my_paper/figures/380-hetero_urbanrural_quota_
    > per_100k_Peds_event_unweighted.png saved as PNG
    format

--- Outcome: unmatched_per_100k (Urban/Rural, UNWEIGHTED) 
> ---

                                                         N
> umber of obs                                            
>              = 2,500
----------------------------------------------------------
> --------------------
unmatch~100k | Coefficient  Std. err.      z    P>|z|     
> [95% con                                                
>         f. interval]
-------------+--------------------------------------------
> --------------------
      tau0_0 |   .0014639   .0012093     1.21   0.226    -
> .0009062                                                
>              .003834
      tau0_1 |   .0019433    .000987     1.97   0.049     
> 8.88e-06                                                
>             .0038778
      tau1_0 |   .0017795   .0013405     1.33   0.184    -
> .0008478                                                
>             .0044067
      tau1_1 |   .0789327   .0012576    62.76   0.000     
> .0764678                                                
>             .0813976
      tau2_0 |   .0024371   .0012926     1.89   0.059    -
> .0000963                                                
>             .0049704
      tau2_1 |   .0020422   .0009087     2.25   0.025     
> .0002613                                                
>             .0038232
      tau3_0 |   .0013857   .0020221     0.69   0.493    -
> .0025775                                                
>             .0053488
      tau3_1 |   .0003252   .0010528     0.31   0.757    -
> .0017383                                                
>             .0023886
      tau4_0 |  -.0011577     .00144    -0.80   0.421     
>  -.00398                                                
>             .0016647
      tau4_1 |   .1513331   .0013515   111.98   0.000     
> .1486843                                                
>             .1539819
      tau5_0 |   .0008321   .0031838     0.26   0.794     
> -.005408                                                
>             .0070721
      tau5_1 |  -.0029304   .0024838    -1.18   0.238    -
> .0077985                                                
>             .0019377
        pre1 |   .0073103   .0026316     2.78   0.005     
> .0021525                                                
>             .0124682
        pre2 |   .0047603   .0023498     2.03   0.043     
> .0001548                                                
>             .0093658
        pre3 |   .0052616   .0022638     2.32   0.020     
> .0008247                                                
>             .0096985
        pre4 |   .0059128     .00283     2.09   0.037     
> .0003661                                                
>             .0114595
        pre5 |   .0031231   .0016459     1.90   0.058    -
> .0001029                                                
>              .006349
----------------------------------------------------------
> --------------------

 ( 1)  pre1 = 0
 ( 2)  pre2 = 0
 ( 3)  pre3 = 0
 ( 4)  pre4 = 0
 ( 5)  pre5 = 0

           chi2(  5) =    9.79
         Prob > chi2 =    0.0814

  (1)  ((_b[tau0_1] + _b[tau1_1] + _b[tau2_1] + _b[tau3_1]
>  + _b[tau4_1] + _b[tau5_1])/6) - ((_b[tau0_0] + _b[tau1_
> 0] + _b[tau2_0] + _b[tau3_0] + _b[tau4_0] + _b[tau5_0])/
> 6) = 0

               chi2(1) =     3477.73
           Prob > chi2 =        0.0000

 ( 1)  tau0_0 - tau0_1 = 0
 ( 2)  tau1_0 - tau1_1 = 0
 ( 3)  tau2_0 - tau2_1 = 0
 ( 4)  tau3_0 - tau3_1 = 0
 ( 5)  tau4_0 - tau4_1 = 0
 ( 6)  tau5_0 - tau5_1 = 0

           chi2(  6) =63657.34
         Prob > chi2 =    0.0000

 ( 1)  tau0_0 = 0
 ( 2)  tau1_0 = 0
 ( 3)  tau2_0 = 0
 ( 4)  tau3_0 = 0
 ( 5)  tau4_0 = 0
 ( 6)  tau5_0 = 0

           chi2(  6) =    8.40
         Prob > chi2 =    0.2104

 ( 1)  tau0_1 = 0
 ( 2)  tau1_1 = 0
 ( 3)  tau2_1 = 0
 ( 4)  tau3_1 = 0
 ( 5)  tau4_1 = 0
 ( 6)  tau5_1 = 0

           chi2(  6) =40465.45
         Prob > chi2 =    0.0000
Average urban effect:     0.001 (p =     0.210)
Average rural effect:     0.039 (p =     0.000)
Difference (rural - urban):     0.037 (p =     0.000)
Joint heterogeneity test p-value:     0.000
number of observations will be reset to 11
Press any key to continue, or Break to abort
Number of observations (_N) was 0, now 11.
file
    /Users/hhadah/Documents/GiT/residency-medicaid-expan
    > sion/output/figures/381-hetero_urbanrural_unmatche
    > d_per_100k_Peds_event_unweighted.png saved as PNG
    format
file
    /Users/hhadah/Documents/GiT/residency-medicaid-expan
    > sion/my_paper/figures/381-hetero_urbanrural_unmatc
    > hed_per_100k_Peds_event_unweighted.png saved as
    PNG format
PrevMed

==========================================================
> ===============
SPECIALTY GROUP (UNWEIGHTED): PrevMed (Urban/Rural Heterog
> eneity)
==========================================================
> ===============

Outcome quota: no treated rural observations for PrevMed.
Outcome matched: no treated rural observations for PrevMed
> .
Outcome unmatched: no treated rural observations for PrevM
> ed.
Outcome matched_per_100k: no treated rural observations fo
> r PrevMed.
Outcome quota_per_100k: no treated rural observations for 
> PrevMed.
Outcome unmatched_per_100k: no treated rural observations 
> for PrevMed.
Psych

==========================================================
> ===============
SPECIALTY GROUP (UNWEIGHTED): Psych (Urban/Rural Heterogen
> eity)
==========================================================
> ===============


--- Outcome: quota (Urban/Rural, UNWEIGHTED) ---

                                                         N
> umber of obs                                            
>              = 2,490
----------------------------------------------------------
> --------------------
       quota | Coefficient  Std. err.      z    P>|z|     
> [95% con                                                
>         f. interval]
-------------+--------------------------------------------
> --------------------
      tau0_0 |   .0137412    .148134     0.09   0.926    -
> .2765961                                                
>             .3040786
      tau0_1 |    -.58875   .1590909    -3.70   0.000    -
> .9005624                                                
>            -.2769376
      tau1_0 |  -.0045129   .1833537    -0.02   0.980    -
> .3638796                                                
>             .3548538
      tau1_1 |  -.6898978   .1783868    -3.87   0.000    -
> 1.039529                                                
>            -.3402661
      tau2_0 |  -.2501779   .1959258    -1.28   0.202    -
> .6341854                                                
>             .1338296
      tau2_1 |  -.7446492   .3816988    -1.95   0.051    -
> 1.492765                                                
>             .0034668
      tau3_0 |  -.6205001   .2308028    -2.69   0.007    -
> 1.072865                                                
>            -.1681348
      tau3_1 |  -1.297281   .3994786    -3.25   0.001    -
> 2.080245                                                
>            -.5143171
      tau4_0 |  -.6620024   .2895477    -2.29   0.022    -
> 1.229506                                                
>            -.0944993
      tau4_1 |   1.551884   .6509056     2.38   0.017     
> .2761323                                                
>             2.827635
      tau5_0 |  -1.087796   .4191765    -2.60   0.009    -
> 1.909367                                                
>            -.2662255
      tau5_1 |  -.2020348   .9573148    -0.21   0.833    -
> 2.078337                                                
>             1.674268
        pre1 |  -.5036808   .4160015    -1.21   0.226    -
> 1.319029                                                
>             .3116672
        pre2 |  -.4932994   .2959769    -1.67   0.096    -
> 1.073404                                                
>             .0868046
        pre3 |  -.2604902   .2856536    -0.91   0.362     
> -.820361                                                
>             .2993805
        pre4 |  -.2008986   .2678992    -0.75   0.453    -
> .7259714                                                
>             .3241742
        pre5 |  -.0875124   .2190872    -0.40   0.690    -
> .5169155                                                
>             .3418906
----------------------------------------------------------
> --------------------

 ( 1)  pre1 = 0
 ( 2)  pre2 = 0
 ( 3)  pre3 = 0
 ( 4)  pre4 = 0
 ( 5)  pre5 = 0

           chi2(  5) =   10.40
         Prob > chi2 =    0.0647

  (1)  ((_b[tau0_1] + _b[tau1_1] + _b[tau2_1] + _b[tau3_1]
>  + _b[tau4_1] + _b[tau5_1])/6) - ((_b[tau0_0] + _b[tau1_
> 0] + _b[tau2_0] + _b[tau3_0] + _b[tau4_0] + _b[tau5_0])/
> 6) = 0

               chi2(1) =        0.65
           Prob > chi2 =        0.4196

 ( 1)  tau0_0 - tau0_1 = 0
 ( 2)  tau1_0 - tau1_1 = 0
 ( 3)  tau2_0 - tau2_1 = 0
 ( 4)  tau3_0 - tau3_1 = 0
 ( 5)  tau4_0 - tau4_1 = 0
 ( 6)  tau5_0 - tau5_1 = 0

           chi2(  6) =  532.54
         Prob > chi2 =    0.0000

 ( 1)  tau0_0 = 0
 ( 2)  tau1_0 = 0
 ( 3)  tau2_0 = 0
 ( 4)  tau3_0 = 0
 ( 5)  tau4_0 = 0
 ( 6)  tau5_0 = 0

           chi2(  6) =   14.37
         Prob > chi2 =    0.0257

 ( 1)  tau0_1 = 0
 ( 2)  tau1_1 = 0
 ( 3)  tau2_1 = 0
 ( 4)  tau3_1 = 0
 ( 5)  tau4_1 = 0
 ( 6)  tau5_1 = 0

           chi2(  6) = 1616.97
         Prob > chi2 =    0.0000
Average urban effect:    -0.435 (p =     0.026)
Average rural effect:    -0.328 (p =     0.000)
Difference (rural - urban):     0.107 (p =     0.420)
Joint heterogeneity test p-value:     0.000
number of observations will be reset to 11
Press any key to continue, or Break to abort
Number of observations (_N) was 0, now 11.
file
    /Users/hhadah/Documents/GiT/residency-medicaid-expan
    > sion/output/figures/382-hetero_urbanrural_quota_Ps
    > ych_event_unweighted.png saved as PNG format
file
    /Users/hhadah/Documents/GiT/residency-medicaid-expan
    > sion/my_paper/figures/382-hetero_urbanrural_quota_
    > Psych_event_unweighted.png saved as PNG format

--- Outcome: matched (Urban/Rural, UNWEIGHTED) ---

                                                         N
> umber of obs                                            
>              = 2,490
----------------------------------------------------------
> --------------------
     matched | Coefficient  Std. err.      z    P>|z|     
> [95% con                                                
>         f. interval]
-------------+--------------------------------------------
> --------------------
      tau0_0 |  -.1365615   .1403295    -0.97   0.330    -
> .4116022                                                
>             .1384792
      tau0_1 |  -.6470834    .163067    -3.97   0.000    -
> .9666888                                                
>            -.3274779
      tau1_0 |   .0183523   .1872216     0.10   0.922    -
> .3485953                                                
>             .3852999
      tau1_1 |  -.8067471   .1729637    -4.66   0.000     
> -1.14575                                                
>            -.4677444
      tau2_0 |  -.1537286   .1949034    -0.79   0.430    -
> .5357322                                                
>              .228275
      tau2_1 |  -1.515373   .1767976    -8.57   0.000     
> -1.86189                                                
>            -1.168856
      tau3_0 |  -.4804448    .224425    -2.14   0.032    -
> .9203096                                                
>              -.04058
      tau3_1 |  -1.375022   .3916508    -3.51   0.000    -
> 2.142643                                                
>            -.6074006
      tau4_0 |  -.5177878    .270523    -1.91   0.056    -
> 1.048003                                                
>             .0124276
      tau4_1 |   1.511848    .631297     2.39   0.017     
> .2745287                                                
>             2.749167
      tau5_0 |  -.8425843   .3889638    -2.17   0.030    -
> 1.604939                                                
>            -.0802292
      tau5_1 |  -.1687431     .93643    -0.18   0.857    -
> 2.004112                                                
>             1.666626
        pre1 |  -.4314888   .4621989    -0.93   0.351    -
> 1.337382                                                
>             .4744045
        pre2 |   -.496756   .3242785    -1.53   0.126     
> -1.13233                                                
>             .1388182
        pre3 |  -.2535851   .3264043    -0.78   0.437    -
> .8933258                                                
>             .3861556
        pre4 |  -.1837259   .3187136    -0.58   0.564    -
> .8083932                                                
>             .4409414
        pre5 |  -.0987841   .2150452    -0.46   0.646     
> -.520265                                                
>             .3226968
----------------------------------------------------------
> --------------------

 ( 1)  pre1 = 0
 ( 2)  pre2 = 0
 ( 3)  pre3 = 0
 ( 4)  pre4 = 0
 ( 5)  pre5 = 0

           chi2(  5) =    9.48
         Prob > chi2 =    0.0914

  (1)  ((_b[tau0_1] + _b[tau1_1] + _b[tau2_1] + _b[tau3_1]
>  + _b[tau4_1] + _b[tau5_1])/6) - ((_b[tau0_0] + _b[tau1_
> 0] + _b[tau2_0] + _b[tau3_0] + _b[tau4_0] + _b[tau5_0])/
> 6) = 0

               chi2(1) =        0.59
           Prob > chi2 =        0.4420

 ( 1)  tau0_0 - tau0_1 = 0
 ( 2)  tau1_0 - tau1_1 = 0
 ( 3)  tau2_0 - tau2_1 = 0
 ( 4)  tau3_0 - tau3_1 = 0
 ( 5)  tau4_0 - tau4_1 = 0
 ( 6)  tau5_0 - tau5_1 = 0

           chi2(  6) = 1088.19
         Prob > chi2 =    0.0000

 ( 1)  tau0_0 = 0
 ( 2)  tau1_0 = 0
 ( 3)  tau2_0 = 0
 ( 4)  tau3_0 = 0
 ( 5)  tau4_0 = 0
 ( 6)  tau5_0 = 0

           chi2(  6) =    9.45
         Prob > chi2 =    0.1499

 ( 1)  tau0_1 = 0
 ( 2)  tau1_1 = 0
 ( 3)  tau2_1 = 0
 ( 4)  tau3_1 = 0
 ( 5)  tau4_1 = 0
 ( 6)  tau5_1 = 0

           chi2(  6) = 1985.35
         Prob > chi2 =    0.0000
Average urban effect:    -0.352 (p =     0.150)
Average rural effect:    -0.500 (p =     0.000)
Difference (rural - urban):    -0.148 (p =     0.442)
Joint heterogeneity test p-value:     0.000
number of observations will be reset to 11
Press any key to continue, or Break to abort
Number of observations (_N) was 0, now 11.
file
    /Users/hhadah/Documents/GiT/residency-medicaid-expan
    > sion/output/figures/383-hetero_urbanrural_matched_
    > Psych_event_unweighted.png saved as PNG format
file
    /Users/hhadah/Documents/GiT/residency-medicaid-expan
    > sion/my_paper/figures/383-hetero_urbanrural_matche
    > d_Psych_event_unweighted.png saved as PNG format

--- Outcome: unmatched (Urban/Rural, UNWEIGHTED) ---

                                                         N
> umber of obs                                            
>              = 2,490
----------------------------------------------------------
> --------------------
   unmatched | Coefficient  Std. err.      z    P>|z|     
> [95% con                                                
>         f. interval]
-------------+--------------------------------------------
> --------------------
      tau0_0 |   .1503027   .0700972     2.14   0.032     
> .0129147                                                
>             .2876908
      tau0_1 |   .0583333   .0294035     1.98   0.047     
> .0007035                                                
>             .1159631
      tau1_0 |  -.0228651    .093487    -0.24   0.807    -
> .2060963                                                
>             .1603661
      tau1_1 |   .1168494   .0236133     4.95   0.000     
> .0705681                                                
>             .1631307
      tau2_0 |  -.0964493   .0912312    -1.06   0.290    -
> .2752593                                                
>             .0823606
      tau2_1 |   .7707237   .4725332     1.63   0.103    -
> .1554243                                                
>             1.696872
      tau3_0 |  -.1400552   .0905751    -1.55   0.122    -
> .3175792                                                
>             .0374688
      tau3_1 |   .0777412   .0388603     2.00   0.045     
> .0015764                                                
>              .153906
      tau4_0 |  -.1442146   .1015127    -1.42   0.155    -
> .3431758                                                
>             .0547466
      tau4_1 |   .0400358   .0627852     0.64   0.524    -
> .0830209                                                
>             .1630925
      tau5_0 |  -.2452121   .1390091    -1.76   0.078     
> -.517665                                                
>             .0272408
      tau5_1 |  -.0332916   .0947911    -0.35   0.725    -
> .2190787                                                
>             .1524954
        pre1 |   -.072192    .084495    -0.85   0.393    -
> .2377992                                                
>             .0934152
        pre2 |   .0034566    .068224     0.05   0.960     
>  -.13026                                                
>             .1371732
        pre3 |  -.0069051   .0705789    -0.10   0.922    -
> .1452372                                                
>              .131427
        pre4 |  -.0171727   .0746629    -0.23   0.818    -
> .1635094                                                
>              .129164
        pre5 |   .0112716   .0790254     0.14   0.887    -
> .1436154                                                
>             .1661587
----------------------------------------------------------
> --------------------

 ( 1)  pre1 = 0
 ( 2)  pre2 = 0
 ( 3)  pre3 = 0
 ( 4)  pre4 = 0
 ( 5)  pre5 = 0

           chi2(  5) =    1.36
         Prob > chi2 =    0.9292

  (1)  ((_b[tau0_1] + _b[tau1_1] + _b[tau2_1] + _b[tau3_1]
>  + _b[tau4_1] + _b[tau5_1])/6) - ((_b[tau0_0] + _b[tau1_
> 0] + _b[tau2_0] + _b[tau3_0] + _b[tau4_0] + _b[tau5_0])/
> 6) = 0

               chi2(1) =        5.59
           Prob > chi2 =        0.0180

 ( 1)  tau0_0 - tau0_1 = 0
 ( 2)  tau1_0 - tau1_1 = 0
 ( 3)  tau2_0 - tau2_1 = 0
 ( 4)  tau3_0 - tau3_1 = 0
 ( 5)  tau4_0 - tau4_1 = 0
 ( 6)  tau5_0 - tau5_1 = 0

           chi2(  6) =   22.62
         Prob > chi2 =    0.0009

 ( 1)  tau0_0 = 0
 ( 2)  tau1_0 = 0
 ( 3)  tau2_0 = 0
 ( 4)  tau3_0 = 0
 ( 5)  tau4_0 = 0
 ( 6)  tau5_0 = 0

           chi2(  6) =   12.70
         Prob > chi2 =    0.0481

 ( 1)  tau0_1 = 0
 ( 2)  tau1_1 = 0
 ( 3)  tau2_1 = 0
 ( 4)  tau3_1 = 0
 ( 5)  tau4_1 = 0
 ( 6)  tau5_1 = 0

           chi2(  6) =   78.52
         Prob > chi2 =    0.0000
Average urban effect:    -0.083 (p =     0.048)
Average rural effect:     0.172 (p =     0.000)
Difference (rural - urban):     0.255 (p =     0.018)
Joint heterogeneity test p-value:     0.001
number of observations will be reset to 11
Press any key to continue, or Break to abort
Number of observations (_N) was 0, now 11.
file
    /Users/hhadah/Documents/GiT/residency-medicaid-expan
    > sion/output/figures/384-hetero_urbanrural_unmatche
    > d_Psych_event_unweighted.png saved as PNG format
file
    /Users/hhadah/Documents/GiT/residency-medicaid-expan
    > sion/my_paper/figures/384-hetero_urbanrural_unmatc
    > hed_Psych_event_unweighted.png saved as PNG format

--- Outcome: matched_per_100k (Urban/Rural, UNWEIGHTED) --
> -

                                                         N
> umber of obs                                            
>              = 2,490
----------------------------------------------------------
> --------------------
matched~100k | Coefficient  Std. err.      z    P>|z|     
> [95% con                                                
>         f. interval]
-------------+--------------------------------------------
> --------------------
      tau0_0 |   .0008303   .0067616     0.12   0.902    -
> .0124223                                                
>             .0140829
      tau0_1 |  -.0006467   .0098204    -0.07   0.947    -
> .0198943                                                
>             .0186009
      tau1_0 |  -.0003876   .0064014    -0.06   0.952    -
> .0129342                                                
>              .012159
      tau1_1 |  -.0036183   .0104321    -0.35   0.729    -
> .0240648                                                
>             .0168282
      tau2_0 |   .0018293   .0095733     0.19   0.848     
> -.016934                                                
>             .0205926
      tau2_1 |  -.0339037   .0110066    -3.08   0.002    -
> .0554763                                                
>            -.0123312
      tau3_0 |  -.0029262   .0089208    -0.33   0.743    -
> .0204107                                                
>             .0145582
      tau3_1 |   .0108567   .0277706     0.39   0.696    -
> .0435727                                                
>              .065286
      tau4_0 |  -.0048977   .0102237    -0.48   0.632    -
> .0249357                                                
>             .0151403
      tau4_1 |   .0671504   .0099526     6.75   0.000     
> .0476437                                                
>             .0866572
      tau5_0 |  -.0037005   .0119384    -0.31   0.757    -
> .0270994                                                
>             .0196984
      tau5_1 |   .0871013   .0124206     7.01   0.000     
> .0627573                                                
>             .1114453
        pre1 |  -.0034605   .0141939    -0.24   0.807    -
> .0312799                                                
>              .024359
        pre2 |  -.0095205   .0102546    -0.93   0.353    -
> .0296192                                                
>             .0105783
        pre3 |  -.0050162   .0098558    -0.51   0.611    -
> .0243332                                                
>             .0143009
        pre4 |  -.0015757   .0088388    -0.18   0.859    -
> .0188996                                                
>             .0157481
        pre5 |  -.0022693   .0061424    -0.37   0.712    -
> .0143081                                                
>             .0097694
----------------------------------------------------------
> --------------------

 ( 1)  pre1 = 0
 ( 2)  pre2 = 0
 ( 3)  pre3 = 0
 ( 4)  pre4 = 0
 ( 5)  pre5 = 0

           chi2(  5) =    5.69
         Prob > chi2 =    0.3376

  (1)  ((_b[tau0_1] + _b[tau1_1] + _b[tau2_1] + _b[tau3_1]
>  + _b[tau4_1] + _b[tau5_1])/6) - ((_b[tau0_0] + _b[tau1_
> 0] + _b[tau2_0] + _b[tau3_0] + _b[tau4_0] + _b[tau5_0])/
> 6) = 0

               chi2(1) =       10.29
           Prob > chi2 =        0.0013

 ( 1)  tau0_0 - tau0_1 = 0
 ( 2)  tau1_0 - tau1_1 = 0
 ( 3)  tau2_0 - tau2_1 = 0
 ( 4)  tau3_0 - tau3_1 = 0
 ( 5)  tau4_0 - tau4_1 = 0
 ( 6)  tau5_0 - tau5_1 = 0

           chi2(  6) = 2429.41
         Prob > chi2 =    0.0000

 ( 1)  tau0_0 = 0
 ( 2)  tau1_0 = 0
 ( 3)  tau2_0 = 0
 ( 4)  tau3_0 = 0
 ( 5)  tau4_0 = 0
 ( 6)  tau5_0 = 0

           chi2(  6) =    3.34
         Prob > chi2 =    0.7651

 ( 1)  tau0_1 = 0
 ( 2)  tau1_1 = 0
 ( 3)  tau2_1 = 0
 ( 4)  tau3_1 = 0
 ( 5)  tau4_1 = 0
 ( 6)  tau5_1 = 0

           chi2(  6) = 2960.27
         Prob > chi2 =    0.0000
Average urban effect:    -0.002 (p =     0.765)
Average rural effect:     0.021 (p =     0.000)
Difference (rural - urban):     0.023 (p =     0.001)
Joint heterogeneity test p-value:     0.000
number of observations will be reset to 11
Press any key to continue, or Break to abort
Number of observations (_N) was 0, now 11.
file
    /Users/hhadah/Documents/GiT/residency-medicaid-expan
    > sion/output/figures/385-hetero_urbanrural_matched_
    > per_100k_Psych_event_unweighted.png saved as PNG
    format
file
    /Users/hhadah/Documents/GiT/residency-medicaid-expan
    > sion/my_paper/figures/385-hetero_urbanrural_matche
    > d_per_100k_Psych_event_unweighted.png saved as PNG
    format

--- Outcome: quota_per_100k (Urban/Rural, UNWEIGHTED) ---

                                                         N
> umber of obs                                            
>              = 2,490
----------------------------------------------------------
> --------------------
quota_p~100k | Coefficient  Std. err.      z    P>|z|     
> [95% con                                                
>         f. interval]
-------------+--------------------------------------------
> --------------------
      tau0_0 |   .0015381   .0058274     0.26   0.792    -
> .0098833                                                
>             .0129596
      tau0_1 |   .0008806   .0096576     0.09   0.927    -
> .0180479                                                
>             .0198091
      tau1_0 |  -.0001537    .005544    -0.03   0.978    -
> .0110199                                                
>             .0107124
      tau1_1 |  -.0009357   .0101189    -0.09   0.926    -
> .0207684                                                
>             .0188971
      tau2_0 |  -.0000675   .0077369    -0.01   0.993    -
> .0152316                                                
>             .0150965
      tau2_1 |   .0193229   .0274316     0.70   0.481     
> -.034442                                                
>             .0730878
      tau3_0 |  -.0055907   .0073103    -0.76   0.444    -
> .0199187                                                
>             .0087373
      tau3_1 |   .0132117    .027563     0.48   0.632    -
> .0408108                                                
>             .0672342
      tau4_0 |  -.0072103   .0086131    -0.84   0.403    -
> .0240916                                                
>             .0096711
      tau4_1 |   .0692559   .0092012     7.53   0.000     
> .0512219                                                
>             .0872899
      tau5_0 |  -.0074052   .0103337    -0.72   0.474    -
> .0276589                                                
>             .0128485
      tau5_1 |    .088412   .0117123     7.55   0.000     
> .0654564                                                
>             .1113676
        pre1 |  -.0054309   .0134715    -0.40   0.687    -
> .0318345                                                
>             .0209727
        pre2 |  -.0092805   .0090765    -1.02   0.307     
>  -.02707                                                
>              .008509
        pre3 |  -.0027826   .0078071    -0.36   0.722    -
> .0180842                                                
>             .0125189
        pre4 |   -.001481   .0068945    -0.21   0.830    -
> .0149939                                                
>             .0120319
        pre5 |  -.0016443   .0057456    -0.29   0.775    -
> .0129055                                                
>              .009617
----------------------------------------------------------
> --------------------

 ( 1)  pre1 = 0
 ( 2)  pre2 = 0
 ( 3)  pre3 = 0
 ( 4)  pre4 = 0
 ( 5)  pre5 = 0

           chi2(  5) =   11.66
         Prob > chi2 =    0.0398

  (1)  ((_b[tau0_1] + _b[tau1_1] + _b[tau2_1] + _b[tau3_1]
>  + _b[tau4_1] + _b[tau5_1])/6) - ((_b[tau0_0] + _b[tau1_
> 0] + _b[tau2_0] + _b[tau3_0] + _b[tau4_0] + _b[tau5_0])/
> 6) = 0

               chi2(1) =        9.53
           Prob > chi2 =        0.0020

 ( 1)  tau0_0 - tau0_1 = 0
 ( 2)  tau1_0 - tau1_1 = 0
 ( 3)  tau2_0 - tau2_1 = 0
 ( 4)  tau3_0 - tau3_1 = 0
 ( 5)  tau4_0 - tau4_1 = 0
 ( 6)  tau5_0 - tau5_1 = 0

           chi2(  6) =  420.01
         Prob > chi2 =    0.0000

 ( 1)  tau0_0 = 0
 ( 2)  tau1_0 = 0
 ( 3)  tau2_0 = 0
 ( 4)  tau3_0 = 0
 ( 5)  tau4_0 = 0
 ( 6)  tau5_0 = 0

           chi2(  6) =    3.83
         Prob > chi2 =    0.7000

 ( 1)  tau0_1 = 0
 ( 2)  tau1_1 = 0
 ( 3)  tau2_1 = 0
 ( 4)  tau3_1 = 0
 ( 5)  tau4_1 = 0
 ( 6)  tau5_1 = 0

           chi2(  6) =  486.97
         Prob > chi2 =    0.0000
Average urban effect:    -0.003 (p =     0.700)
Average rural effect:     0.032 (p =     0.000)
Difference (rural - urban):     0.035 (p =     0.002)
Joint heterogeneity test p-value:     0.000
number of observations will be reset to 11
Press any key to continue, or Break to abort
Number of observations (_N) was 0, now 11.
file
    /Users/hhadah/Documents/GiT/residency-medicaid-expan
    > sion/output/figures/386-hetero_urbanrural_quota_pe
    > r_100k_Psych_event_unweighted.png saved as PNG
    format
file
    /Users/hhadah/Documents/GiT/residency-medicaid-expan
    > sion/my_paper/figures/386-hetero_urbanrural_quota_
    > per_100k_Psych_event_unweighted.png saved as PNG
    format

--- Outcome: unmatched_per_100k (Urban/Rural, UNWEIGHTED) 
> ---

                                                         N
> umber of obs                                            
>              = 2,490
----------------------------------------------------------
> --------------------
unmatch~100k | Coefficient  Std. err.      z    P>|z|     
> [95% con                                                
>         f. interval]
-------------+--------------------------------------------
> --------------------
      tau0_0 |   .0007078    .001578     0.45   0.654    -
> .0023851                                                
>             .0038008
      tau0_1 |   .0015272   .0008573     1.78   0.075    -
> .0001532                                                
>             .0032076
      tau1_0 |   .0002338   .0019994     0.12   0.907    -
> .0036848                                                
>             .0041525
      tau1_1 |   .0026826   .0010566     2.54   0.011     
> .0006117                                                
>             .0047535
      tau2_0 |  -.0018968   .0025287    -0.75   0.453    -
> .0068529                                                
>             .0030593
      tau2_1 |   .0532266   .0358253     1.49   0.137    -
> .0169897                                                
>              .123443
      tau3_0 |  -.0026645   .0025474    -1.05   0.296    -
> .0076573                                                
>             .0023283
      tau3_1 |   .0023551   .0011289     2.09   0.037     
> .0001425                                                
>             .0045676
      tau4_0 |  -.0023126   .0026249    -0.88   0.378    -
> .0074573                                                
>             .0028321
      tau4_1 |   .0021054   .0011679     1.80   0.071    -
> .0001837                                                
>             .0043945
      tau5_0 |  -.0037047   .0028701    -1.29   0.197     
>  -.00933                                                
>             .0019206
      tau5_1 |   .0013106   .0013077     1.00   0.316    -
> .0012524                                                
>             .0038737
        pre1 |  -.0019704   .0021641    -0.91   0.363    -
> .0062119                                                
>              .002271
        pre2 |     .00024   .0019445     0.12   0.902    -
> .0035711                                                
>              .004051
        pre3 |   .0022335   .0029014     0.77   0.441    -
> .0034531                                                
>             .0079202
        pre4 |   .0000947   .0029408     0.03   0.974    -
> .0056691                                                
>             .0058586
        pre5 |   .0006251   .0020404     0.31   0.759     
> -.003374                                                
>             .0046241
----------------------------------------------------------
> --------------------

 ( 1)  pre1 = 0
 ( 2)  pre2 = 0
 ( 3)  pre3 = 0
 ( 4)  pre4 = 0
 ( 5)  pre5 = 0

           chi2(  5) =    2.04
         Prob > chi2 =    0.8437

  (1)  ((_b[tau0_1] + _b[tau1_1] + _b[tau2_1] + _b[tau3_1]
>  + _b[tau4_1] + _b[tau5_1])/6) - ((_b[tau0_0] + _b[tau1_
> 0] + _b[tau2_0] + _b[tau3_0] + _b[tau4_0] + _b[tau5_0])/
> 6) = 0

               chi2(1) =        3.73
           Prob > chi2 =        0.0535

 ( 1)  tau0_0 - tau0_1 = 0
 ( 2)  tau1_0 - tau1_1 = 0
 ( 3)  tau2_0 - tau2_1 = 0
 ( 4)  tau3_0 - tau3_1 = 0
 ( 5)  tau4_0 - tau4_1 = 0
 ( 6)  tau5_0 - tau5_1 = 0

           chi2(  6) =   17.74
         Prob > chi2 =    0.0069

 ( 1)  tau0_0 = 0
 ( 2)  tau1_0 = 0
 ( 3)  tau2_0 = 0
 ( 4)  tau3_0 = 0
 ( 5)  tau4_0 = 0
 ( 6)  tau5_0 = 0

           chi2(  6) =   12.21
         Prob > chi2 =    0.0575

 ( 1)  tau0_1 = 0
 ( 2)  tau1_1 = 0
 ( 3)  tau2_1 = 0
 ( 4)  tau3_1 = 0
 ( 5)  tau4_1 = 0
 ( 6)  tau5_1 = 0

           chi2(  6) =   22.09
         Prob > chi2 =    0.0012
Average urban effect:    -0.002 (p =     0.058)
Average rural effect:     0.011 (p =     0.001)
Difference (rural - urban):     0.012 (p =     0.054)
Joint heterogeneity test p-value:     0.007
number of observations will be reset to 11
Press any key to continue, or Break to abort
Number of observations (_N) was 0, now 11.
file
    /Users/hhadah/Documents/GiT/residency-medicaid-expan
    > sion/output/figures/387-hetero_urbanrural_unmatche
    > d_per_100k_Psych_event_unweighted.png saved as PNG
    format
file
    /Users/hhadah/Documents/GiT/residency-medicaid-expan
    > sion/my_paper/figures/387-hetero_urbanrural_unmatc
    > hed_per_100k_Psych_event_unweighted.png saved as
    PNG format
Rad

==========================================================
> ===============
SPECIALTY GROUP (UNWEIGHTED): Rad (Urban/Rural Heterogenei
> ty)
==========================================================
> ===============


--- Outcome: quota (Urban/Rural, UNWEIGHTED) ---

                                                         N
> umber of obs                                            
>              = 2,880
----------------------------------------------------------
> --------------------
       quota | Coefficient  Std. err.      z    P>|z|     
> [95% con                                                
>         f. interval]
-------------+--------------------------------------------
> --------------------
      tau0_0 |  -.0179385   .0571456    -0.31   0.754    -
> .1299418                                                
>             .0940648
      tau0_1 |      .4375   .0429178    10.19   0.000     
> .3533826                                                
>             .5216174
      tau1_0 |  -.0171399   .0565637    -0.30   0.762    -
> .1280028                                                
>             .0937229
      tau1_1 |  -.0148256   .0387806    -0.38   0.702    -
> .0908342                                                
>              .061183
      tau2_0 |  -.1833051   .0806229    -2.27   0.023    -
> .3413232                                                
>             -.025287
      tau2_1 |  -.2253876   .0695147    -3.24   0.001    -
> .3616339                                                
>            -.0891412
      tau3_0 |  -.2405146   .1096507    -2.19   0.028     
> -.455426                                                
>            -.0256032
      tau3_1 |  -.4003878   .0830286    -4.82   0.000    -
> .5631208                                                
>            -.2376547
      tau4_0 |  -.3454069   .1740797    -1.98   0.047    -
> .6865968                                                
>            -.0042169
      tau4_1 |  -.5503876   .1581766    -3.48   0.001    -
> .8604081                                                
>            -.2403671
      tau5_0 |  -.2368615   .1864502    -1.27   0.204    -
> .6022972                                                
>             .1285741
      tau5_1 |  -.6062436   .1728986    -3.51   0.000    -
> .9451186                                                
>            -.2673686
        pre1 |   -.392079   .1089183    -3.60   0.000    -
> .6055549                                                
>            -.1786031
        pre2 |  -.2949239   .1154074    -2.56   0.011    -
> .5211182                                                
>            -.0687297
        pre3 |  -.2545828   .0758023    -3.36   0.001    -
> .4031526                                                
>             -.106013
        pre4 |  -.2232169   .0763246    -2.92   0.003    -
> .3728104                                                
>            -.0736234
        pre5 |  -.2340348   .0759223    -3.08   0.002    -
> .3828397                                                
>            -.0852299
----------------------------------------------------------
> --------------------

 ( 1)  pre1 = 0
 ( 2)  pre2 = 0
 ( 3)  pre3 = 0
 ( 4)  pre4 = 0
 ( 5)  pre5 = 0

           chi2(  5) =   18.18
         Prob > chi2 =    0.0027

  (1)  ((_b[tau0_1] + _b[tau1_1] + _b[tau2_1] + _b[tau3_1]
>  + _b[tau4_1] + _b[tau5_1])/6) - ((_b[tau0_0] + _b[tau1_
> 0] + _b[tau2_0] + _b[tau3_0] + _b[tau4_0] + _b[tau5_0])/
> 6) = 0

               chi2(1) =        1.13
           Prob > chi2 =        0.2876

 ( 1)  tau0_0 - tau0_1 = 0
 ( 2)  tau1_0 - tau1_1 = 0
 ( 3)  tau2_0 - tau2_1 = 0
 ( 4)  tau3_0 - tau3_1 = 0
 ( 5)  tau4_0 - tau4_1 = 0
 ( 6)  tau5_0 - tau5_1 = 0

           chi2(  6) =  368.00
         Prob > chi2 =    0.0000

 ( 1)  tau0_0 = 0
 ( 2)  tau1_0 = 0
 ( 3)  tau2_0 = 0
 ( 4)  tau3_0 = 0
 ( 5)  tau4_0 = 0
 ( 6)  tau5_0 = 0

           chi2(  6) =   11.14
         Prob > chi2 =    0.0841

 ( 1)  tau0_1 = 0
 ( 2)  tau1_1 = 0
 ( 3)  tau2_1 = 0
 ( 4)  tau3_1 = 0
 ( 5)  tau4_1 = 0
 ( 6)  tau5_1 = 0

           chi2(  6) =  228.47
         Prob > chi2 =    0.0000
Average urban effect:    -0.174 (p =     0.084)
Average rural effect:    -0.227 (p =     0.000)
Difference (rural - urban):    -0.053 (p =     0.288)
Joint heterogeneity test p-value:     0.000
number of observations will be reset to 11
Press any key to continue, or Break to abort
Number of observations (_N) was 0, now 11.
file
    /Users/hhadah/Documents/GiT/residency-medicaid-expan
    > sion/output/figures/388-hetero_urbanrural_quota_Ra
    > d_event_unweighted.png saved as PNG format
file
    /Users/hhadah/Documents/GiT/residency-medicaid-expan
    > sion/my_paper/figures/388-hetero_urbanrural_quota_
    > Rad_event_unweighted.png saved as PNG format

--- Outcome: matched (Urban/Rural, UNWEIGHTED) ---

                                                         N
> umber of obs                                            
>              = 2,880
----------------------------------------------------------
> --------------------
     matched | Coefficient  Std. err.      z    P>|z|     
> [95% con                                                
>         f. interval]
-------------+--------------------------------------------
> --------------------
      tau0_0 |   .0350945   .0823734     0.43   0.670    -
> .1263544                                                
>             .1965433
      tau0_1 |   .9606481   .0785255    12.23   0.000     
> .8067408                                                
>             1.114555
      tau1_0 |   .0155042   .1341534     0.12   0.908    -
> .2474317                                                
>               .27844
      tau1_1 |   .7200365   .1113141     6.47   0.000     
> .5018648                                                
>             .9382082
      tau2_0 |  -.0917266   .0835999    -1.10   0.273    -
> .2555795                                                
>             .0721262
      tau2_1 |   .2342806   .0786717     2.98   0.003     
> .0800868                                                
>             .3884743
      tau3_0 |  -.2408629   .0936438    -2.57   0.010    -
> .4244013                                                
>            -.0573245
      tau3_1 |  -.1032193   .0833608    -1.24   0.216    -
> .2666034                                                
>             .0601648
      tau4_0 |   -.324383   .1398645    -2.32   0.020    -
> .5985124                                                
>            -.0502536
      tau4_1 |  -.3032193   .1312434    -2.31   0.021    -
> .5604516                                                
>             -.045987
      tau5_0 |  -.2460832    .150786    -1.63   0.103    -
> .5416183                                                
>             .0494519
      tau5_1 |   -.344398    .142087    -2.42   0.015    -
> .6228835                                                
>            -.0659126
        pre1 |  -.4037429   .2017159    -2.00   0.045    -
> .7990988                                                
>            -.0083869
        pre2 |  -.3657238   .1797506    -2.03   0.042    -
> .7180285                                                
>            -.0134191
        pre3 |  -.3706411   .1490045    -2.49   0.013    -
> .6626846                                                
>            -.0785977
        pre4 |  -.3391814    .159017    -2.13   0.033     
> -.650849                                                
>            -.0275138
        pre5 |  -.2487681   .1434936    -1.73   0.083    -
> .5300104                                                
>             .0324742
----------------------------------------------------------
> --------------------

 ( 1)  pre1 = 0
 ( 2)  pre2 = 0
 ( 3)  pre3 = 0
 ( 4)  pre4 = 0
 ( 5)  pre5 = 0

           chi2(  5) =    7.43
         Prob > chi2 =    0.1905

  (1)  ((_b[tau0_1] + _b[tau1_1] + _b[tau2_1] + _b[tau3_1]
>  + _b[tau4_1] + _b[tau5_1])/6) - ((_b[tau0_0] + _b[tau1_
> 0] + _b[tau2_0] + _b[tau3_0] + _b[tau4_0] + _b[tau5_0])/
> 6) = 0

               chi2(1) =       85.23
           Prob > chi2 =        0.0000

 ( 1)  tau0_0 - tau0_1 = 0
 ( 2)  tau1_0 - tau1_1 = 0
 ( 3)  tau2_0 - tau2_1 = 0
 ( 4)  tau3_0 - tau3_1 = 0
 ( 5)  tau4_0 - tau4_1 = 0
 ( 6)  tau5_0 - tau5_1 = 0

           chi2(  6) =  583.13
         Prob > chi2 =    0.0000

 ( 1)  tau0_0 = 0
 ( 2)  tau1_0 = 0
 ( 3)  tau2_0 = 0
 ( 4)  tau3_0 = 0
 ( 5)  tau4_0 = 0
 ( 6)  tau5_0 = 0

           chi2(  6) =    9.86
         Prob > chi2 =    0.1306

 ( 1)  tau0_1 = 0
 ( 2)  tau1_1 = 0
 ( 3)  tau2_1 = 0
 ( 4)  tau3_1 = 0
 ( 5)  tau4_1 = 0
 ( 6)  tau5_1 = 0

           chi2(  6) =  217.33
         Prob > chi2 =    0.0000
Average urban effect:    -0.142 (p =     0.131)
Average rural effect:     0.194 (p =     0.000)
Difference (rural - urban):     0.336 (p =     0.000)
Joint heterogeneity test p-value:     0.000
number of observations will be reset to 11
Press any key to continue, or Break to abort
Number of observations (_N) was 0, now 11.
file
    /Users/hhadah/Documents/GiT/residency-medicaid-expan
    > sion/output/figures/389-hetero_urbanrural_matched_
    > Rad_event_unweighted.png saved as PNG format
file
    /Users/hhadah/Documents/GiT/residency-medicaid-expan
    > sion/my_paper/figures/389-hetero_urbanrural_matche
    > d_Rad_event_unweighted.png saved as PNG format

--- Outcome: unmatched (Urban/Rural, UNWEIGHTED) ---

                                                         N
> umber of obs                                            
>              = 2,880
----------------------------------------------------------
> --------------------
   unmatched | Coefficient  Std. err.      z    P>|z|     
> [95% con                                                
>         f. interval]
-------------+--------------------------------------------
> --------------------
      tau0_0 |   -.053033   .0763861    -0.69   0.488    -
> .2027469                                                
>             .0966809
      tau0_1 |  -.5231481   .0822102    -6.36   0.000    -
> .6842771                                                
>            -.3620192
      tau1_0 |   -.032644   .1016732    -0.32   0.748    -
> .2319199                                                
>             .1666319
      tau1_1 |  -.7348622   .1006886    -7.30   0.000    -
> .9322083                                                
>            -.5375161
      tau2_0 |  -.0915784   .0736853    -1.24   0.214    -
> .2359989                                                
>              .052842
      tau2_1 |  -.4596684   .0672456    -6.84   0.000    -
> .5914673                                                
>            -.3278695
      tau3_0 |   .0003484   .0744939     0.00   0.996    -
> .1456569                                                
>             .1463538
      tau3_1 |  -.2971684   .0587447    -5.06   0.000    -
> .4123059                                                
>            -.1820309
      tau4_0 |  -.0210236   .0774611    -0.27   0.786    -
> .1728446                                                
>             .1307973
      tau4_1 |  -.2471684   .0570198    -4.33   0.000    -
> .3589252                                                
>            -.1354116
      tau5_0 |   .0092218   .0921063     0.10   0.920    -
> .1713032                                                
>             .1897469
      tau5_1 |  -.2618456   .0752711    -3.48   0.001    -
> .4093742                                                
>            -.1143169
        pre1 |   .0116639   .1145133     0.10   0.919    -
> .2127781                                                
>             .2361058
        pre2 |   .0707999   .0935493     0.76   0.449    -
> .1125533                                                
>             .2541531
        pre3 |   .1160583   .1037738     1.12   0.263    -
> .0873347                                                
>             .3194513
        pre4 |   .1159645   .0942791     1.23   0.219    -
> .0688191                                                
>             .3007481
        pre5 |   .0147333   .0750591     0.20   0.844    -
> .1323798                                                
>             .1618464
----------------------------------------------------------
> --------------------

 ( 1)  pre1 = 0
 ( 2)  pre2 = 0
 ( 3)  pre3 = 0
 ( 4)  pre4 = 0
 ( 5)  pre5 = 0

           chi2(  5) =    4.84
         Prob > chi2 =    0.4360

  (1)  ((_b[tau0_1] + _b[tau1_1] + _b[tau2_1] + _b[tau3_1]
>  + _b[tau4_1] + _b[tau5_1])/6) - ((_b[tau0_0] + _b[tau1_
> 0] + _b[tau2_0] + _b[tau3_0] + _b[tau4_0] + _b[tau5_0])/
> 6) = 0

               chi2(1) =      147.34
           Prob > chi2 =        0.0000

 ( 1)  tau0_0 - tau0_1 = 0
 ( 2)  tau1_0 - tau1_1 = 0
 ( 3)  tau2_0 - tau2_1 = 0
 ( 4)  tau3_0 - tau3_1 = 0
 ( 5)  tau4_0 - tau4_1 = 0
 ( 6)  tau5_0 - tau5_1 = 0

           chi2(  6) =  456.69
         Prob > chi2 =    0.0000

 ( 1)  tau0_0 = 0
 ( 2)  tau1_0 = 0
 ( 3)  tau2_0 = 0
 ( 4)  tau3_0 = 0
 ( 5)  tau4_0 = 0
 ( 6)  tau5_0 = 0

           chi2(  6) =    4.17
         Prob > chi2 =    0.6535

 ( 1)  tau0_1 = 0
 ( 2)  tau1_1 = 0
 ( 3)  tau2_1 = 0
 ( 4)  tau3_1 = 0
 ( 5)  tau4_1 = 0
 ( 6)  tau5_1 = 0

           chi2(  6) =  192.74
         Prob > chi2 =    0.0000
Average urban effect:    -0.031 (p =     0.654)
Average rural effect:    -0.421 (p =     0.000)
Difference (rural - urban):    -0.389 (p =     0.000)
Joint heterogeneity test p-value:     0.000
number of observations will be reset to 11
Press any key to continue, or Break to abort
Number of observations (_N) was 0, now 11.
file
    /Users/hhadah/Documents/GiT/residency-medicaid-expan
    > sion/output/figures/390-hetero_urbanrural_unmatche
    > d_Rad_event_unweighted.png saved as PNG format
file
    /Users/hhadah/Documents/GiT/residency-medicaid-expan
    > sion/my_paper/figures/390-hetero_urbanrural_unmatc
    > hed_Rad_event_unweighted.png saved as PNG format

--- Outcome: matched_per_100k (Urban/Rural, UNWEIGHTED) --
> -

                                                         N
> umber of obs                                            
>              = 2,880
----------------------------------------------------------
> --------------------
matched~100k | Coefficient  Std. err.      z    P>|z|     
> [95% con                                                
>         f. interval]
-------------+--------------------------------------------
> --------------------
      tau0_0 |   .0014863   .0016923     0.88   0.380    -
> .0018306                                                
>             .0048032
      tau0_1 |   .0762769   .0014374    53.07   0.000     
> .0734598                                                
>             .0790941
      tau1_0 |   .0021278   .0024013     0.89   0.376    -
> .0025787                                                
>             .0068342
      tau1_1 |    .041325    .002442    16.92   0.000     
> .0365387                                                
>             .0461113
      tau2_0 |   .0002634   .0026723     0.10   0.921    -
> .0049741                                                
>             .0055009
      tau2_1 |   .0340076   .0016406    20.73   0.000     
> .0307921                                                
>             .0372232
      tau3_0 |  -.0020299   .0033109    -0.61   0.540    -
> .0085191                                                
>             .0044593
      tau3_1 |   .0289575   .0019885    14.56   0.000     
> .0250602                                                
>             .0328549
      tau4_0 |  -.0025709   .0036032    -0.71   0.476     
> -.009633                                                
>             .0044911
      tau4_1 |   .0269702   .0027039     9.97   0.000     
> .0216706                                                
>             .0322699
      tau5_0 |  -.0000443   .0042905    -0.01   0.992    -
> .0084534                                                
>             .0083648
      tau5_1 |    .028108   .0033733     8.33   0.000     
> .0214964                                                
>             .0347195
        pre1 |   .0005836   .0053065     0.11   0.912     
> -.009817                                                
>             .0109842
        pre2 |  -.0012972   .0049531    -0.26   0.793    -
> .0110052                                                
>             .0084107
        pre3 |  -.0005241   .0050172    -0.10   0.917    -
> .0103575                                                
>             .0093094
        pre4 |  -.0008766   .0054303    -0.16   0.872    -
> .0115199                                                
>             .0097666
        pre5 |   .0001911   .0051179     0.04   0.970    -
> .0098399                                                
>             .0102221
----------------------------------------------------------
> --------------------

 ( 1)  pre1 = 0
 ( 2)  pre2 = 0
 ( 3)  pre3 = 0
 ( 4)  pre4 = 0
 ( 5)  pre5 = 0

           chi2(  5) =    1.75
         Prob > chi2 =    0.8829

  (1)  ((_b[tau0_1] + _b[tau1_1] + _b[tau2_1] + _b[tau3_1]
>  + _b[tau4_1] + _b[tau5_1])/6) - ((_b[tau0_0] + _b[tau1_
> 0] + _b[tau2_0] + _b[tau3_0] + _b[tau4_0] + _b[tau5_0])/
> 6) = 0

               chi2(1) =      671.15
           Prob > chi2 =        0.0000

 ( 1)  tau0_0 - tau0_1 = 0
 ( 2)  tau1_0 - tau1_1 = 0
 ( 3)  tau2_0 - tau2_1 = 0
 ( 4)  tau3_0 - tau3_1 = 0
 ( 5)  tau4_0 - tau4_1 = 0
 ( 6)  tau5_0 - tau5_1 = 0

           chi2(  6) = 6574.90
         Prob > chi2 =    0.0000

 ( 1)  tau0_0 = 0
 ( 2)  tau1_0 = 0
 ( 3)  tau2_0 = 0
 ( 4)  tau3_0 = 0
 ( 5)  tau4_0 = 0
 ( 6)  tau5_0 = 0

           chi2(  6) =    2.95
         Prob > chi2 =    0.8148

 ( 1)  tau0_1 = 0
 ( 2)  tau1_1 = 0
 ( 3)  tau2_1 = 0
 ( 4)  tau3_1 = 0
 ( 5)  tau4_1 = 0
 ( 6)  tau5_1 = 0

           chi2(  6) = 3951.41
         Prob > chi2 =    0.0000
Average urban effect:    -0.000 (p =     0.815)
Average rural effect:     0.039 (p =     0.000)
Difference (rural - urban):     0.039 (p =     0.000)
Joint heterogeneity test p-value:     0.000
number of observations will be reset to 11
Press any key to continue, or Break to abort
Number of observations (_N) was 0, now 11.
file /Users/hhadah/Documents/GiT/residency-medicaid-expansion/output/figures/391-hetero_urbanrural_matched_per_100k_Rad_event_unweighted.png saved as PNG format
file /Users/hhadah/Documents/GiT/residency-medicaid-expansion/my_paper/figures/391-hetero_urbanrural_matched_per_100k_Rad_event_unweighted.png saved as PNG format

--- Outcome: quota_per_100k (Urban/Rural, UNWEIGHTED) ---

                                                         Number of obs = 2,880
------------------------------------------------------------------------------
quota_p~100k | Coefficient  Std. err.      z    P>|z|     [95% conf. interval]
-------------+----------------------------------------------------------------
      tau0_0 |  -.0001837    .001025    -0.18   0.858    -.0021928    .0018253
      tau0_1 |   .0448309   .0008745    51.27   0.000      .043117    .0465448
      tau1_0 |  -.0009035   .0013462    -0.67   0.502     -.003542    .0017351
      tau1_1 |   .0067239   .0010835     6.21   0.000     .0046002    .0088475
      tau2_0 |  -.0013643   .0027079    -0.50   0.614    -.0066717    .0039431
      tau2_1 |   .0041963   .0016163     2.60   0.009     .0010284    .0073642
      tau3_0 |  -.0012674   .0031797    -0.40   0.690    -.0074995    .0049647
      tau3_1 |   .0024874    .001581     1.57   0.116    -.0006113     .005586
      tau4_0 |  -.0020862   .0033374    -0.63   0.532    -.0086274     .004455
      tau4_1 |   .0009391   .0023501     0.40   0.689    -.0036669    .0055451
      tau5_0 |   .0009912   .0042663     0.23   0.816    -.0073705    .0093529
      tau5_1 |   .0024217   .0033714     0.72   0.473    -.0041862    .0090297
        pre1 |  -.0004794   .0042898    -0.11   0.911    -.0088872    .0079284
        pre2 |  -.0000569   .0040217    -0.01   0.989    -.0079393    .0078255
        pre3 |   .0004538   .0041121     0.11   0.912    -.0076058    .0085133
        pre4 |   .0013297   .0044712     0.30   0.766    -.0074336    .0100931
        pre5 |   .0011971   .0044455     0.27   0.788     -.007516    .0099102
------------------------------------------------------------------------------

 ( 1)  pre1 = 0
 ( 2)  pre2 = 0
 ( 3)  pre3 = 0
 ( 4)  pre4 = 0
 ( 5)  pre5 = 0

           chi2(  5) =    1.84
         Prob > chi2 =    0.8707

  (1)  ((_b[tau0_1] + _b[tau1_1] + _b[tau2_1] + _b[tau3_1] + _b[tau4_1] + _b[tau5_1])/6) - ((_b[tau0_0] + _b[tau1_0] + _b[tau2_0] + _b[tau3_0] + _b[tau4_0] + _b[tau5_0])/6) = 0

               chi2(1) =       47.64
           Prob > chi2 =        0.0000

 ( 1)  tau0_0 - tau0_1 = 0
 ( 2)  tau1_0 - tau1_1 = 0
 ( 3)  tau2_0 - tau2_1 = 0
 ( 4)  tau3_0 - tau3_1 = 0
 ( 5)  tau4_0 - tau4_1 = 0
 ( 6)  tau5_0 - tau5_1 = 0

           chi2(  6) = 9267.12
         Prob > chi2 =    0.0000

 ( 1)  tau0_0 = 0
 ( 2)  tau1_0 = 0
 ( 3)  tau2_0 = 0
 ( 4)  tau3_0 = 0
 ( 5)  tau4_0 = 0
 ( 6)  tau5_0 = 0

           chi2(  6) =    1.57
         Prob > chi2 =    0.9544

 ( 1)  tau0_1 = 0
 ( 2)  tau1_1 = 0
 ( 3)  tau2_1 = 0
 ( 4)  tau3_1 = 0
 ( 5)  tau4_1 = 0
 ( 6)  tau5_1 = 0

           chi2(  6) = 3021.90
         Prob > chi2 =    0.0000
Average urban effect:    -0.001 (p =     0.954)
Average rural effect:     0.010 (p =     0.000)
Difference (rural - urban):     0.011 (p =     0.000)
Joint heterogeneity test p-value:     0.000
number of observations will be reset to 11
Press any key to continue, or Break to abort
Number of observations (_N) was 0, now 11.
file
    /Users/hhadah/Documents/GiT/residency-medicaid-expan
    > sion/output/figures/392-hetero_urbanrural_quota_pe
    > r_100k_Rad_event_unweighted.png saved as PNG
    format
file
    /Users/hhadah/Documents/GiT/residency-medicaid-expan
    > sion/my_paper/figures/392-hetero_urbanrural_quota_
    > per_100k_Rad_event_unweighted.png saved as PNG
    format

--- Outcome: unmatched_per_100k (Urban/Rural, UNWEIGHTED) 
> ---

                                                         N
> umber of obs                                            
>              = 2,880
----------------------------------------------------------
> --------------------
unmatch~100k | Coefficient  Std. err.      z    P>|z|     
> [95% con                                                
>         f. interval]
-------------+--------------------------------------------
> --------------------
      tau0_0 |    -.00167   .0016638    -1.00   0.316    -
> .0049311                                                
>              .001591
      tau0_1 |   -.031446    .001562   -20.13   0.000    -
> .0345075                                                
>            -.0283845
      tau1_0 |  -.0030312   .0023911    -1.27   0.205    -
> .0077176                                                
>             .0016552
      tau1_1 |  -.0346011   .0027065   -12.78   0.000    -
> .0399058                                                
>            -.0292964
      tau2_0 |  -.0016278   .0013165    -1.24   0.216    -
> .0042081                                                
>             .0009526
      tau2_1 |  -.0298113   .0013888   -21.46   0.000    -
> .0325334                                                
>            -.0270892
      tau3_0 |   .0007625   .0010976     0.69   0.487    -
> .0013887                                                
>             .0029137
      tau3_1 |  -.0264702   .0009375   -28.23   0.000    -
> .0283077                                                
>            -.0246326
      tau4_0 |   .0004847   .0011765     0.41   0.680    -
> .0018211                                                
>             .0027905
      tau4_1 |  -.0260311    .001006   -25.88   0.000    -
> .0280028                                                
>            -.0240594
      tau5_0 |   .0010355   .0014129     0.73   0.464    -
> .0017339                                                
>             .0038048
      tau5_1 |  -.0256862   .0012318   -20.85   0.000    -
> .0281004                                                
>             -.023272
        pre1 |   -.001063   .0019763    -0.54   0.591    -
> .0049364                                                
>             .0028105
        pre2 |   .0012403    .001516     0.82   0.413     
> -.001731                                                
>             .0042116
        pre3 |   .0009778   .0013239     0.74   0.460    -
> .0016169                                                
>             .0035726
        pre4 |   .0022063   .0011882     1.86   0.063    -
> .0001225                                                
>             .0045352
        pre5 |    .001006   .0013538     0.74   0.457    -
> .0016475                                                
>             .0036594
----------------------------------------------------------
> --------------------

 ( 1)  pre1 = 0
 ( 2)  pre2 = 0
 ( 3)  pre3 = 0
 ( 4)  pre4 = 0
 ( 5)  pre5 = 0

           chi2(  5) =    8.48
         Prob > chi2 =    0.1318

  (1)  ((_b[tau0_1] + _b[tau1_1] + _b[tau2_1] + _b[tau3_1]
>  + _b[tau4_1] + _b[tau5_1])/6) - ((_b[tau0_0] + _b[tau1_
> 0] + _b[tau2_0] + _b[tau3_0] + _b[tau4_0] + _b[tau5_0])/
> 6) = 0

               chi2(1) =     2992.75
           Prob > chi2 =        0.0000

 ( 1)  tau0_0 - tau0_1 = 0
 ( 2)  tau1_0 - tau1_1 = 0
 ( 3)  tau2_0 - tau2_1 = 0
 ( 4)  tau3_0 - tau3_1 = 0
 ( 5)  tau4_0 - tau4_1 = 0
 ( 6)  tau5_0 - tau5_1 = 0

           chi2(  6) = 3775.61
         Prob > chi2 =    0.0000

 ( 1)  tau0_0 = 0
 ( 2)  tau1_0 = 0
 ( 3)  tau2_0 = 0
 ( 4)  tau3_0 = 0
 ( 5)  tau4_0 = 0
 ( 6)  tau5_0 = 0

           chi2(  6) =    6.10
         Prob > chi2 =    0.4119

 ( 1)  tau0_1 = 0
 ( 2)  tau1_1 = 0
 ( 3)  tau2_1 = 0
 ( 4)  tau3_1 = 0
 ( 5)  tau4_1 = 0
 ( 6)  tau5_1 = 0

           chi2(  6) = 5563.96
         Prob > chi2 =    0.0000
Average urban effect:    -0.001 (p =     0.412)
Average rural effect:    -0.029 (p =     0.000)
Difference (rural - urban):    -0.028 (p =     0.000)
Joint heterogeneity test p-value:     0.000
number of observations will be reset to 11
Press any key to continue, or Break to abort
Number of observations (_N) was 0, now 11.
file /Users/hhadah/Documents/GiT/residency-medicaid-expansion/output/figures/393-hetero_urbanrural_unmatched_per_100k_Rad_event_unweighted.png saved as PNG format
file /Users/hhadah/Documents/GiT/residency-medicaid-expansion/my_paper/figures/393-hetero_urbanrural_unmatched_per_100k_Rad_event_unweighted.png saved as PNG format
RadOnc

=========================================================================
SPECIALTY GROUP (UNWEIGHTED): RadOnc (Urban/Rural Heterogeneity)
=========================================================================


--- Outcome: quota (Urban/Rural, UNWEIGHTED) ---

                                                           Number of obs = 970
------------------------------------------------------------------------------
       quota | Coefficient  Std. err.      z    P>|z|     [95% conf. interval]
-------------+----------------------------------------------------------------
      tau0_0 |  -.2331443   .1233798    -1.89   0.059    -.4749642    .0086755
      tau0_1 |  -.2986111   .1238462    -2.41   0.016    -.5413452    -.055877
      tau1_0 |    .090959   .1100719     0.83   0.409     -.124778    .3066959
      tau1_1 |  -.2666188   .1064929    -2.50   0.012    -.4753411   -.0578965
      tau2_0 |   .1403671   .1270718     1.10   0.269    -.1086891    .3894233
      tau2_1 |  -.0252395   .1138726    -0.22   0.825    -.2484256    .1979467
      tau3_0 |  -.0366787   .1667124    -0.22   0.826     -.363429    .2900717
      tau3_1 |  -.3355843   .1585929    -2.12   0.034    -.6464207   -.0247478
      tau4_0 |  -.1807879   .1263741    -1.43   0.153    -.4284766    .0669009
      tau4_1 |  -.3700671   .1130741    -3.27   0.001    -.5916882   -.1484459
      tau5_0 |  -.2591883   .1702438    -1.52   0.128    -.5928601    .0744835
      tau5_1 |   .4033117   .1538541     2.62   0.009     .1017633    .7048601
        pre1 |  -.5956496     .13635    -4.37   0.000    -.8628907   -.3284084
        pre2 |  -.2638127   .1137497    -2.32   0.020    -.4867581   -.0408674
        pre3 |  -.4120751   .1089764    -3.78   0.000     -.625665   -.1984852
        pre4 |  -.4089602   .1119019    -3.65   0.000    -.6282839   -.1896366
        pre5 |  -.2110659   .1413119    -1.49   0.135    -.4880321    .0659003
------------------------------------------------------------------------------

 ( 1)  pre1 = 0
 ( 2)  pre2 = 0
 ( 3)  pre3 = 0
 ( 4)  pre4 = 0
 ( 5)  pre5 = 0

           chi2(  5) =   33.28
         Prob > chi2 =    0.0000

  (1)  ((_b[tau0_1] + _b[tau1_1] + _b[tau2_1] + _b[tau3_1] + _b[tau4_1] + _b[tau5_1])/6) - ((_b[tau0_0] + _b[tau1_0] + _b[tau2_0] + _b[tau3_0] + _b[tau4_0] + _b[tau5_0])/6) = 0

               chi2(1) =        2.55
           Prob > chi2 =        0.1102

 ( 1)  tau0_0 - tau0_1 = 0
 ( 2)  tau1_0 - tau1_1 = 0
 ( 3)  tau2_0 - tau2_1 = 0
 ( 4)  tau3_0 - tau3_1 = 0
 ( 5)  tau4_0 - tau4_1 = 0
 ( 6)  tau5_0 - tau5_1 = 0

           chi2(  6) =  685.82
         Prob > chi2 =    0.0000

 ( 1)  tau0_0 = 0
 ( 2)  tau1_0 = 0
 ( 3)  tau2_0 = 0
 ( 4)  tau3_0 = 0
 ( 5)  tau4_0 = 0
 ( 6)  tau5_0 = 0

           chi2(  6) =   15.75
         Prob > chi2 =    0.0152

 ( 1)  tau0_1 = 0
 ( 2)  tau1_1 = 0
 ( 3)  tau2_1 = 0
 ( 4)  tau3_1 = 0
 ( 5)  tau4_1 = 0
 ( 6)  tau5_1 = 0

           chi2(  6) =   51.00
         Prob > chi2 =    0.0000
Average urban effect:    -0.080 (p =     0.015)
Average rural effect:    -0.149 (p =     0.000)
Difference (rural - urban):    -0.069 (p =     0.110)
Joint heterogeneity test p-value:     0.000
number of observations will be reset to 11
Press any key to continue, or Break to abort
Number of observations (_N) was 0, now 11.
file
    /Users/hhadah/Documents/GiT/residency-medicaid-expan
    > sion/output/figures/394-hetero_urbanrural_quota_Ra
    > dOnc_event_unweighted.png saved as PNG format
file
    /Users/hhadah/Documents/GiT/residency-medicaid-expan
    > sion/my_paper/figures/394-hetero_urbanrural_quota_
    > RadOnc_event_unweighted.png saved as PNG format

--- Outcome: matched (Urban/Rural, UNWEIGHTED) ---

                                                          
>  Number of obs                                          
>                = 970
----------------------------------------------------------
> --------------------
     matched | Coefficient  Std. err.      z    P>|z|     
> [95% con                                                
>         f. interval]
-------------+--------------------------------------------
> --------------------
      tau0_0 |  -.1254634   .1145677    -1.10   0.273     
> -.350012                                                
>             .0990851
      tau0_1 |  -.1944445   .1118481    -1.74   0.082    -
> .4136627                                                
>             .0247738
      tau1_0 |   .0835992   .1173402     0.71   0.476    -
> .1463833                                                
>             .3135817
      tau1_1 |  -.2044061   .0963566    -2.12   0.034    -
> .3932617                                                
>            -.0155506
      tau2_0 |   .0949219   .1106529     0.86   0.391    -
> .1219538                                                
>             .3117976
      tau2_1 |  -.1009579   .1059802    -0.95   0.341    -
> .3086753                                                
>             .1067596
      tau3_0 |  -.0491851   .1463502    -0.34   0.737    -
> .3360263                                                
>              .237656
      tau3_1 |  -.3078544   .1425649    -2.16   0.031    -
> .5872765                                                
>            -.0284324
      tau4_0 |  -.1623719   .1279084    -1.27   0.204    -
> .4130678                                                
>              .088324
      tau4_1 |  -.3423372   .1234481    -2.77   0.006     
> -.584291                                                
>            -.1003833
      tau5_0 |  -.3575103   .1330544    -2.69   0.007    -
> .6182921                                                
>            -.0967286
      tau5_1 |  -.4158436   .0852391    -4.88   0.000    -
> .5829091                                                
>            -.2487781
        pre1 |  -.4429427   .1277293    -3.47   0.001    -
> .6932875                                                
>            -.1925979
        pre2 |  -.1041029   .0999202    -1.04   0.297     
> -.299943                                                
>             .0917371
        pre3 |  -.3278449   .0990352    -3.31   0.001    -
> .5219504                                                
>            -.1337394
        pre4 |  -.2119894   .1079928    -1.96   0.050    -
> .4236514                                                
>            -.0003274
        pre5 |   .0126955   .1377745     0.09   0.927    -
> .2573375                                                
>             .2827285
----------------------------------------------------------
> --------------------

 ( 1)  pre1 = 0
 ( 2)  pre2 = 0
 ( 3)  pre3 = 0
 ( 4)  pre4 = 0
 ( 5)  pre5 = 0

           chi2(  5) =   26.17
         Prob > chi2 =    0.0001

  (1)  ((_b[tau0_1] + _b[tau1_1] + _b[tau2_1] + _b[tau3_1]
>  + _b[tau4_1] + _b[tau5_1])/6) - ((_b[tau0_0] + _b[tau1_
> 0] + _b[tau2_0] + _b[tau3_0] + _b[tau4_0] + _b[tau5_0])/
> 6) = 0

               chi2(1) =       16.34
           Prob > chi2 =        0.0001

 ( 1)  tau0_0 - tau0_1 = 0
 ( 2)  tau1_0 - tau1_1 = 0
 ( 3)  tau2_0 - tau2_1 = 0
 ( 4)  tau3_0 - tau3_1 = 0
 ( 5)  tau4_0 - tau4_1 = 0
 ( 6)  tau5_0 - tau5_1 = 0

           chi2(  6) =   30.38
         Prob > chi2 =    0.0000

 ( 1)  tau0_0 = 0
 ( 2)  tau1_0 = 0
 ( 3)  tau2_0 = 0
 ( 4)  tau3_0 = 0
 ( 5)  tau4_0 = 0
 ( 6)  tau5_0 = 0

           chi2(  6) =   17.25
         Prob > chi2 =    0.0084

 ( 1)  tau0_1 = 0
 ( 2)  tau1_1 = 0
 ( 3)  tau2_1 = 0
 ( 4)  tau3_1 = 0
 ( 5)  tau4_1 = 0
 ( 6)  tau5_1 = 0

           chi2(  6) =   37.01
         Prob > chi2 =    0.0000
Average urban effect:    -0.086 (p =     0.008)
Average rural effect:    -0.261 (p =     0.000)
Difference (rural - urban):    -0.175 (p =     0.000)
Joint heterogeneity test p-value:     0.000
number of observations will be reset to 11
Press any key to continue, or Break to abort
Number of observations (_N) was 0, now 11.
file /Users/hhadah/Documents/GiT/residency-medicaid-expansion/output/figures/395-hetero_urbanrural_matched_RadOnc_event_unweighted.png saved as PNG format
file /Users/hhadah/Documents/GiT/residency-medicaid-expansion/my_paper/figures/395-hetero_urbanrural_matched_RadOnc_event_unweighted.png saved as PNG format

--- Outcome: unmatched (Urban/Rural, UNWEIGHTED) ---

                                                           Number of obs = 970
------------------------------------------------------------------------------
   unmatched | Coefficient  Std. err.      z    P>|z|     [95% conf. interval]
-------------+----------------------------------------------------------------
      tau0_0 |  -.1076809   .0576412    -1.87   0.062    -.2206557    .0052938
      tau0_1 |  -.1041667   .0582741    -1.79   0.074    -.2183817    .0100484
      tau1_0 |   .0073598   .0737114     0.10   0.920     -.137112    .1518315
      tau1_1 |  -.0622126    .070385    -0.88   0.377    -.2001647    .0757394
      tau2_0 |   .0454452   .0326939     1.39   0.165    -.0186338    .1095241
      tau2_1 |   .0757184    .023617     3.21   0.001       .02943    .1220068
      tau3_0 |   .0125064   .0866342     0.14   0.885    -.1572935    .1823064
      tau3_1 |  -.0277299   .0764528    -0.36   0.717    -.1775745    .1221148
      tau4_0 |   -.018416   .0577801    -0.32   0.750     -.131663     .094831
      tau4_1 |  -.0277299   .0580898    -0.48   0.633    -.1415837    .0861239
      tau5_0 |    .098322   .1573419     0.62   0.532    -.2100624    .4067064
      tau5_1 |   .8191553   .1150273     7.12   0.000     .5937059    1.044605
        pre1 |  -.1527069    .046374    -3.29   0.001    -.2435983   -.0618155
        pre2 |  -.1597098   .0498687    -3.20   0.001    -.2574507   -.0619689
        pre3 |  -.0842302   .0573228    -1.47   0.142    -.1965809    .0281205
        pre4 |  -.1969709   .0511829    -3.85   0.000    -.2972875   -.0966542
        pre5 |  -.2237614    .044311    -5.05   0.000    -.3106093   -.1369134
------------------------------------------------------------------------------

 ( 1)  pre1 = 0
 ( 2)  pre2 = 0
 ( 3)  pre3 = 0
 ( 4)  pre4 = 0
 ( 5)  pre5 = 0

           chi2(  5) =   44.09
         Prob > chi2 =    0.0000

  (1)  ((_b[tau0_1] + _b[tau1_1] + _b[tau2_1] + _b[tau3_1] + _b[tau4_1] + _b[tau5_1])/6) - ((_b[tau0_0] + _b[tau1_0] + _b[tau2_0] + _b[tau3_0] + _b[tau4_0] + _b[tau5_0])/6) = 0

               chi2(1) =       37.00
           Prob > chi2 =        0.0000

 ( 1)  tau0_0 - tau0_1 = 0
 ( 2)  tau1_0 - tau1_1 = 0
 ( 3)  tau2_0 - tau2_1 = 0
 ( 4)  tau3_0 - tau3_1 = 0
 ( 5)  tau4_0 - tau4_1 = 0
 ( 6)  tau5_0 - tau5_1 = 0

           chi2(  6) =   61.81
         Prob > chi2 =    0.0000

 ( 1)  tau0_0 = 0
 ( 2)  tau1_0 = 0
 ( 3)  tau2_0 = 0
 ( 4)  tau3_0 = 0
 ( 5)  tau4_0 = 0
 ( 6)  tau5_0 = 0

           chi2(  6) =    9.46
         Prob > chi2 =    0.1492

 ( 1)  tau0_1 = 0
 ( 2)  tau1_1 = 0
 ( 3)  tau2_1 = 0
 ( 4)  tau3_1 = 0
 ( 5)  tau4_1 = 0
 ( 6)  tau5_1 = 0

           chi2(  6) =  148.61
         Prob > chi2 =    0.0000
Average urban effect:     0.006 (p =     0.149)
Average rural effect:     0.112 (p =     0.000)
Difference (rural - urban):     0.106 (p =     0.000)
Joint heterogeneity test p-value:     0.000
number of observations will be reset to 11
Press any key to continue, or Break to abort
Number of observations (_N) was 0, now 11.
file /Users/hhadah/Documents/GiT/residency-medicaid-expansion/output/figures/396-hetero_urbanrural_unmatched_RadOnc_event_unweighted.png saved as PNG format
file /Users/hhadah/Documents/GiT/residency-medicaid-expansion/my_paper/figures/396-hetero_urbanrural_unmatched_RadOnc_event_unweighted.png saved as PNG format

--- Outcome: matched_per_100k (Urban/Rural, UNWEIGHTED) ---

                                                           Number of obs = 970
------------------------------------------------------------------------------
matched~100k | Coefficient  Std. err.      z    P>|z|     [95% conf. interval]
-------------+----------------------------------------------------------------
      tau0_0 |  -.0029272   .0021806    -1.34   0.179    -.0072011    .0013468
      tau0_1 |  -.0031462   .0016343    -1.93   0.054    -.0063493     .000057
      tau1_0 |   .0014485   .0029443     0.49   0.623    -.0043223    .0072193
      tau1_1 |  -.0026049   .0026976    -0.97   0.334    -.0078921    .0026824
      tau2_0 |  -.0028096   .0027049    -1.04   0.299    -.0081111    .0024919
      tau2_1 |  -.0022967   .0023407    -0.98   0.326    -.0068844     .002291
      tau3_0 |   -.002018   .0029764    -0.68   0.498    -.0078517    .0038156
      tau3_1 |  -.0052158   .0025771    -2.02   0.043    -.0102668   -.0001649
      tau4_0 |  -.0051138   .0042076    -1.22   0.224    -.0133605    .0031329
      tau4_1 |  -.0075493   .0040492    -1.86   0.062    -.0154855    .0003869
      tau5_0 |  -.0050502   .0027897    -1.81   0.070    -.0105179    .0004174
      tau5_1 |  -.0055418   .0019395    -2.86   0.004    -.0093432   -.0017405
        pre1 |  -.0067313   .0032608    -2.06   0.039    -.0131223   -.0003402
        pre2 |  -.0041596   .0023647    -1.76   0.079    -.0087944    .0004752
        pre3 |  -.0049719   .0030295    -1.64   0.101    -.0109097    .0009658
        pre4 |  -.0043448   .0026055    -1.67   0.095    -.0094516    .0007619
        pre5 |   -.000049   .0023355    -0.02   0.983    -.0046265    .0045286
------------------------------------------------------------------------------

 ( 1)  pre1 = 0
 ( 2)  pre2 = 0
 ( 3)  pre3 = 0
 ( 4)  pre4 = 0
 ( 5)  pre5 = 0

           chi2(  5) =    6.34
         Prob > chi2 =    0.2746

  (1)  ((_b[tau0_1] + _b[tau1_1] + _b[tau2_1] + _b[tau3_1] + _b[tau4_1] + _b[tau5_1])/6) - ((_b[tau0_0] + _b[tau1_0] + _b[tau2_0] + _b[tau3_0] + _b[tau4_0] + _b[tau5_0])/6) = 0

               chi2(1) =        3.59
           Prob > chi2 =        0.0582

 ( 1)  tau0_0 - tau0_1 = 0
 ( 2)  tau1_0 - tau1_1 = 0
 ( 3)  tau2_0 - tau2_1 = 0
 ( 4)  tau3_0 - tau3_1 = 0
 ( 5)  tau4_0 - tau4_1 = 0
 ( 6)  tau5_0 - tau5_1 = 0

           chi2(  6) =   14.63
         Prob > chi2 =    0.0233

 ( 1)  tau0_0 = 0
 ( 2)  tau1_0 = 0
 ( 3)  tau2_0 = 0
 ( 4)  tau3_0 = 0
 ( 5)  tau4_0 = 0
 ( 6)  tau5_0 = 0

           chi2(  6) =    4.66
         Prob > chi2 =    0.5881

 ( 1)  tau0_1 = 0
 ( 2)  tau1_1 = 0
 ( 3)  tau2_1 = 0
 ( 4)  tau3_1 = 0
 ( 5)  tau4_1 = 0
 ( 6)  tau5_1 = 0

           chi2(  6) =   14.33
         Prob > chi2 =    0.0262
Average urban effect:    -0.003 (p =     0.588)
Average rural effect:    -0.004 (p =     0.026)
Difference (rural - urban):    -0.002 (p =     0.058)
Joint heterogeneity test p-value:     0.023
number of observations will be reset to 11
Press any key to continue, or Break to abort
Number of observations (_N) was 0, now 11.
file /Users/hhadah/Documents/GiT/residency-medicaid-expansion/output/figures/397-hetero_urbanrural_matched_per_100k_RadOnc_event_unweighted.png saved as PNG format
file /Users/hhadah/Documents/GiT/residency-medicaid-expansion/my_paper/figures/397-hetero_urbanrural_matched_per_100k_RadOnc_event_unweighted.png saved as PNG format

--- Outcome: quota_per_100k (Urban/Rural, UNWEIGHTED) ---

                                                           Number of obs = 970
------------------------------------------------------------------------------
quota_p~100k | Coefficient  Std. err.      z    P>|z|     [95% conf. interval]
-------------+----------------------------------------------------------------
      tau0_0 |   -.003876   .0022517    -1.72   0.085    -.0082893    .0005372
      tau0_1 |  -.0038079   .0018334    -2.08   0.038    -.0074012   -.0002145
      tau1_0 |   .0001218   .0026493     0.05   0.963    -.0050708    .0053144
      tau1_1 |  -.0045665   .0024186    -1.89   0.059    -.0093069    .0001739
      tau2_0 |  -.0022597   .0026407    -0.86   0.392    -.0074355     .002916
      tau2_1 |  -.0009312    .002092    -0.45   0.656    -.0050315     .003169
      tau3_0 |  -.0016769   .0044025    -0.38   0.703    -.0103057    .0069519
      tau3_1 |  -.0064828    .003913    -1.66   0.098    -.0141521    .0011866
      tau4_0 |  -.0054537   .0041774    -1.31   0.192    -.0136413    .0027338
      tau4_1 |  -.0073353   .0037102    -1.98   0.048    -.0146071   -.0000634
      tau5_0 |  -.0049288   .0049163    -1.00   0.316    -.0145646     .004707
      tau5_1 |   .0653321   .0044826    14.57   0.000     .0565464    .0741177
        pre1 |  -.0088855   .0037368    -2.38   0.017    -.0162095   -.0015615
        pre2 |  -.0066391   .0030105    -2.21   0.027    -.0125396   -.0007385
        pre3 |  -.0061041   .0031836    -1.92   0.055     -.012344    .0001357
        pre4 |  -.0066645    .002643    -2.52   0.012    -.0118448   -.0014843
        pre5 |  -.0027625   .0024719    -1.12   0.264    -.0076074    .0020824
------------------------------------------------------------------------------

 ( 1)  pre1 = 0
 ( 2)  pre2 = 0
 ( 3)  pre3 = 0
 ( 4)  pre4 = 0
 ( 5)  pre5 = 0

           chi2(  5) =    8.78
         Prob > chi2 =    0.1181

  (1)  ((_b[tau0_1] + _b[tau1_1] + _b[tau2_1] + _b[tau3_1] + _b[tau4_1] + _b[tau5_1])/6) - ((_b[tau0_0] + _b[tau1_0] + _b[tau2_0] + _b[tau3_0] + _b[tau4_0] + _b[tau5_0])/6) = 0

               chi2(1) =      159.77
           Prob > chi2 =        0.0000

 ( 1)  tau0_0 - tau0_1 = 0
 ( 2)  tau1_0 - tau1_1 = 0
 ( 3)  tau2_0 - tau2_1 = 0
 ( 4)  tau3_0 - tau3_1 = 0
 ( 5)  tau4_0 - tau4_1 = 0
 ( 6)  tau5_0 - tau5_1 = 0

           chi2(  6) = 9796.11
         Prob > chi2 =    0.0000

 ( 1)  tau0_0 = 0
 ( 2)  tau1_0 = 0
 ( 3)  tau2_0 = 0
 ( 4)  tau3_0 = 0
 ( 5)  tau4_0 = 0
 ( 6)  tau5_0 = 0

           chi2(  6) =    5.58
         Prob > chi2 =    0.4715

 ( 1)  tau0_1 = 0
 ( 2)  tau1_1 = 0
 ( 3)  tau2_1 = 0
 ( 4)  tau3_1 = 0
 ( 5)  tau4_1 = 0
 ( 6)  tau5_1 = 0

           chi2(  6) = 1440.63
         Prob > chi2 =    0.0000
Average urban effect:    -0.003 (p =     0.471)
Average rural effect:     0.007 (p =     0.000)
Difference (rural - urban):     0.010 (p =     0.000)
Joint heterogeneity test p-value:     0.000
number of observations will be reset to 11
Press any key to continue, or Break to abort
Number of observations (_N) was 0, now 11.
file /Users/hhadah/Documents/GiT/residency-medicaid-expansion/output/figures/398-hetero_urbanrural_quota_per_100k_RadOnc_event_unweighted.png saved as PNG format
file /Users/hhadah/Documents/GiT/residency-medicaid-expansion/my_paper/figures/398-hetero_urbanrural_quota_per_100k_RadOnc_event_unweighted.png saved as PNG format

--- Outcome: unmatched_per_100k (Urban/Rural, UNWEIGHTED) ---

                                                           Number of obs = 970
------------------------------------------------------------------------------
unmatch~100k | Coefficient  Std. err.      z    P>|z|     [95% conf. interval]
-------------+----------------------------------------------------------------
      tau0_0 |  -.0009489   .0009998    -0.95   0.343    -.0029084    .0010107
      tau0_1 |  -.0006617   .0009571    -0.69   0.489    -.0025376    .0012141
      tau1_0 |  -.0013267   .0020442    -0.65   0.516    -.0053332    .0026799
      tau1_1 |  -.0019616   .0022022    -0.89   0.373    -.0062779    .0023546
      tau2_0 |   .0005498   .0007885     0.70   0.486    -.0009957    .0020954
      tau2_1 |   .0013654   .0006867     1.99   0.047     .0000195    .0027114
      tau3_0 |   .0003411   .0029058     0.12   0.907    -.0053541    .0060363
      tau3_1 |  -.0012669   .0026088    -0.49   0.627    -.0063801    .0038463
      tau4_0 |  -.0003399   .0009105    -0.37   0.709    -.0021244    .0014445
      tau4_1 |   .0002141   .0009445     0.23   0.821    -.0016371    .0020653
      tau5_0 |   .0001215   .0043847     0.03   0.978    -.0084724    .0087154
      tau5_1 |   .0708739   .0032678    21.69   0.000     .0644691    .0772787
        pre1 |  -.0021543   .0011229    -1.92   0.055    -.0043552    .0000467
        pre2 |  -.0024794   .0014074    -1.76   0.078     -.005238    .0002791
        pre3 |  -.0011322   .0014368    -0.79   0.431    -.0039484     .001684
        pre4 |  -.0023197   .0011821    -1.96   0.050    -.0046365   -2.86e-06
        pre5 |  -.0027135   .0008851    -3.07   0.002    -.0044483   -.0009787
------------------------------------------------------------------------------

 ( 1)  pre1 = 0
 ( 2)  pre2 = 0
 ( 3)  pre3 = 0
 ( 4)  pre4 = 0
 ( 5)  pre5 = 0

           chi2(  5) =   20.16
         Prob > chi2 =    0.0012

  (1)  ((_b[tau0_1] + _b[tau1_1] + _b[tau2_1] + _b[tau3_1] + _b[tau4_1] + _b[tau5_1])/6) - ((_b[tau0_0] + _b[tau1_0] + _b[tau2_0] + _b[tau3_0] + _b[tau4_0] + _b[tau5_0])/6) = 0

               chi2(1) =      348.43
           Prob > chi2 =        0.0000

 ( 1)  tau0_0 - tau0_1 = 0
 ( 2)  tau1_0 - tau1_1 = 0
 ( 3)  tau2_0 - tau2_1 = 0
 ( 4)  tau3_0 - tau3_1 = 0
 ( 5)  tau4_0 - tau4_1 = 0
 ( 6)  tau5_0 - tau5_1 = 0

           chi2(  6) =  607.54
         Prob > chi2 =    0.0000

 ( 1)  tau0_0 = 0
 ( 2)  tau1_0 = 0
 ( 3)  tau2_0 = 0
 ( 4)  tau3_0 = 0
 ( 5)  tau4_0 = 0
 ( 6)  tau5_0 = 0

           chi2(  6) =    3.36
         Prob > chi2 =    0.7630

 ( 1)  tau0_1 = 0
 ( 2)  tau1_1 = 0
 ( 3)  tau2_1 = 0
 ( 4)  tau3_1 = 0
 ( 5)  tau4_1 = 0
 ( 6)  tau5_1 = 0

           chi2(  6) = 2489.57
         Prob > chi2 =    0.0000
Average urban effect:    -0.000 (p =     0.763)
Average rural effect:     0.011 (p =     0.000)
Difference (rural - urban):     0.012 (p =     0.000)
Joint heterogeneity test p-value:     0.000
number of observations will be reset to 11
Press any key to continue, or Break to abort
Number of observations (_N) was 0, now 11.
file /Users/hhadah/Documents/GiT/residency-medicaid-expansion/output/figures/399-hetero_urbanrural_unmatched_per_100k_RadOnc_event_unweighted.png saved as PNG format
file /Users/hhadah/Documents/GiT/residency-medicaid-expansion/my_paper/figures/399-hetero_urbanrural_unmatched_per_100k_RadOnc_event_unweighted.png saved as PNG format
Surg

=========================================================================
SPECIALTY GROUP (UNWEIGHTED): Surg (Urban/Rural Heterogeneity)
=========================================================================


--- Outcome: quota (Urban/Rural, UNWEIGHTED) ---

                                                         Number of obs = 7,670
------------------------------------------------------------------------------
       quota | Coefficient  Std. err.      z    P>|z|     [95% conf. interval]
-------------+----------------------------------------------------------------
      tau0_0 |  -.1555979   .0783762    -1.99   0.047    -.3092123   -.0019834
      tau0_1 |  -.3344555   .0662949    -5.04   0.000     -.464391   -.2045199
      tau1_0 |   -.283359    .112205    -2.53   0.012    -.5032767   -.0634413
      tau1_1 |  -.6646492   .1058471    -6.28   0.000    -.8721056   -.4571928
      tau2_0 |  -.3401025   .1343773    -2.53   0.011    -.6034773   -.0767278
      tau2_1 |  -.7929333   .1319115    -6.01   0.000    -1.051475   -.5343916
      tau3_0 |  -.4716514   .1623219    -2.91   0.004    -.7897965   -.1535064
      tau3_1 |  -.8749928   .1841894    -4.75   0.000    -1.235998   -.5139882
      tau4_0 |  -.4819747   .2187787    -2.20   0.028    -.9107731   -.0531763
      tau4_1 |   -.812269   .2295196    -3.54   0.000    -1.262119   -.3624189
      tau5_0 |  -.4917796   .2787336    -1.76   0.078    -1.038087    .0545282
      tau5_1 |   -.664532    .568551    -1.17   0.242    -1.778871    .4498074
        pre1 |  -.4975219    .218406    -2.28   0.023    -.9255898    -.069454
        pre2 |  -.4369193   .2029507    -2.15   0.031    -.8346953   -.0391433
        pre3 |  -.3465643   .1788441    -1.94   0.053    -.6970923    .0039637
        pre4 |  -.3220289   .1878337    -1.71   0.086    -.6901762    .0461184
        pre5 |  -.3379451   .1735347    -1.95   0.051    -.6780669    .0021767
------------------------------------------------------------------------------

 ( 1)  pre1 = 0
 ( 2)  pre2 = 0
 ( 3)  pre3 = 0
 ( 4)  pre4 = 0
 ( 5)  pre5 = 0

           chi2(  5) =    8.12
         Prob > chi2 =    0.1498

  (1)  ((_b[tau0_1] + _b[tau1_1] + _b[tau2_1] + _b[tau3_1] + _b[tau4_1] + _b[tau5_1])/6) - ((_b[tau0_0] + _b[tau1_0] + _b[tau2_0] + _b[tau3_0] + _b[tau4_0] + _b[tau5_0])/6) = 0

               chi2(1) =        6.35
           Prob > chi2 =        0.0118

 ( 1)  tau0_0 - tau0_1 = 0
 ( 2)  tau1_0 - tau1_1 = 0
 ( 3)  tau2_0 - tau2_1 = 0
 ( 4)  tau3_0 - tau3_1 = 0
 ( 5)  tau4_0 - tau4_1 = 0
 ( 6)  tau5_0 - tau5_1 = 0

           chi2(  6) =   63.62
         Prob > chi2 =    0.0000

 ( 1)  tau0_0 = 0
 ( 2)  tau1_0 = 0
 ( 3)  tau2_0 = 0
 ( 4)  tau3_0 = 0
 ( 5)  tau4_0 = 0
 ( 6)  tau5_0 = 0

           chi2(  6) =   14.77
         Prob > chi2 =    0.0221

 ( 1)  tau0_1 = 0
 ( 2)  tau1_1 = 0
 ( 3)  tau2_1 = 0
 ( 4)  tau3_1 = 0
 ( 5)  tau4_1 = 0
 ( 6)  tau5_1 = 0

           chi2(  6) =   45.94
         Prob > chi2 =    0.0000
Average urban effect:    -0.371 (p =     0.022)
Average rural effect:    -0.691 (p =     0.000)
Difference (rural - urban):    -0.320 (p =     0.012)
Joint heterogeneity test p-value:     0.000
number of observations will be reset to 11
Press any key to continue, or Break to abort
Number of observations (_N) was 0, now 11.
file /Users/hhadah/Documents/GiT/residency-medicaid-expansion/output/figures/400-hetero_urbanrural_quota_Surg_event_unweighted.png saved as PNG format
file /Users/hhadah/Documents/GiT/residency-medicaid-expansion/my_paper/figures/400-hetero_urbanrural_quota_Surg_event_unweighted.png saved as PNG format

--- Outcome: matched (Urban/Rural, UNWEIGHTED) ---

                                                         Number of obs = 7,670
------------------------------------------------------------------------------
     matched | Coefficient  Std. err.      z    P>|z|     [95% conf. interval]
-------------+----------------------------------------------------------------
      tau0_0 |  -.1354933   .0903637    -1.50   0.134    -.3126029    .0416163
      tau0_1 |  -.5361621   .1359586    -3.94   0.000     -.802636   -.2696882
      tau1_0 |   -.193807   .1053453    -1.84   0.066    -.4002799     .012666
      tau1_1 |  -.5248191   .0972177    -5.40   0.000    -.7153623   -.3342759
      tau2_0 |  -.2369108   .1278148    -1.85   0.064    -.4874232    .0136015
      tau2_1 |  -.6625335    .147051    -4.51   0.000    -.9507482   -.3743188
      tau3_0 |  -.3788406   .1403639    -2.70   0.007    -.6539488   -.1037324
      tau3_1 |  -.9867492   .1346232    -7.33   0.000    -1.250606   -.7228926
      tau4_0 |  -.3893032   .1795136    -2.17   0.030    -.7411433   -.0374631
      tau4_1 |  -1.014619   .1938336    -5.23   0.000    -1.394526   -.6347119
      tau5_0 |  -.3722265   .2374716    -1.57   0.117    -.8376624    .0932093
      tau5_1 |  -.3542706   .5466136    -0.65   0.517    -1.425614    .7170724
        pre1 |  -.2346807   .1892697    -1.24   0.215    -.6056424    .1362811
        pre2 |  -.2489055   .1696351    -1.47   0.142    -.5813843    .0835733
        pre3 |   -.190203   .1340726    -1.42   0.156    -.4529804    .0725745
        pre4 |  -.2715713   .1459684    -1.86   0.063    -.5576641    .0145214
        pre5 |  -.2304967   .1442734    -1.60   0.110    -.5132674    .0522739
------------------------------------------------------------------------------

 ( 1)  pre1 = 0
 ( 2)  pre2 = 0
 ( 3)  pre3 = 0
 ( 4)  pre4 = 0
 ( 5)  pre5 = 0

           chi2(  5) =    3.98
         Prob > chi2 =    0.5527

  (1)  ((_b[tau0_1] + _b[tau1_1] + _b[tau2_1] + _b[tau3_1] + _b[tau4_1] + _b[tau5_1])/6) - ((_b[tau0_0] + _b[tau1_0] + _b[tau2_0] + _b[tau3_0] + _b[tau4_0] + _b[tau5_0])/6) = 0

               chi2(1) =       16.90
           Prob > chi2 =        0.0000

 ( 1)  tau0_0 - tau0_1 = 0
 ( 2)  tau1_0 - tau1_1 = 0
 ( 3)  tau2_0 - tau2_1 = 0
 ( 4)  tau3_0 - tau3_1 = 0
 ( 5)  tau4_0 - tau4_1 = 0
 ( 6)  tau5_0 - tau5_1 = 0

           chi2(  6) =  198.21
         Prob > chi2 =    0.0000

 ( 1)  tau0_0 = 0
 ( 2)  tau1_0 = 0
 ( 3)  tau2_0 = 0
 ( 4)  tau3_0 = 0
 ( 5)  tau4_0 = 0
 ( 6)  tau5_0 = 0

           chi2(  6) =   13.93
         Prob > chi2 =    0.0304

 ( 1)  tau0_1 = 0
 ( 2)  tau1_1 = 0
 ( 3)  tau2_1 = 0
 ( 4)  tau3_1 = 0
 ( 5)  tau4_1 = 0
 ( 6)  tau5_1 = 0

           chi2(  6) =  155.36
         Prob > chi2 =    0.0000
Average urban effect:    -0.284 (p =     0.030)
Average rural effect:    -0.680 (p =     0.000)
Difference (rural - urban):    -0.395 (p =     0.000)
Joint heterogeneity test p-value:     0.000
number of observations will be reset to 11
Press any key to continue, or Break to abort
Number of observations (_N) was 0, now 11.
file /Users/hhadah/Documents/GiT/residency-medicaid-expansion/output/figures/401-hetero_urbanrural_matched_Surg_event_unweighted.png saved as PNG format
file /Users/hhadah/Documents/GiT/residency-medicaid-expansion/my_paper/figures/401-hetero_urbanrural_matched_Surg_event_unweighted.png saved as PNG format

--- Outcome: unmatched (Urban/Rural, UNWEIGHTED) ---

                                                         Number of obs = 7,670
------------------------------------------------------------------------------
   unmatched | Coefficient  Std. err.      z    P>|z|     [95% conf. interval]
-------------+----------------------------------------------------------------
      tau0_0 |  -.0201046   .0730447    -0.28   0.783    -.1632697    .1230604
      tau0_1 |   .2017065   .1362863     1.48   0.139    -.0654098    .4688228
      tau1_0 |  -.0895522   .0846517    -1.06   0.290    -.2554664     .076362
      tau1_1 |  -.1398301   .0870579    -1.61   0.108    -.3104604    .0308002
      tau2_0 |  -.1031916   .0796117    -1.30   0.195    -.2592277    .0528445
      tau2_1 |  -.1303999   .0739525    -1.76   0.078    -.2753441    .0145444
      tau3_0 |  -.0928109   .1054592    -0.88   0.379    -.2995071    .1138854
      tau3_1 |   .1117562   .1227385     0.91   0.363    -.1288068    .3523192
      tau4_0 |  -.0926714    .075617    -1.23   0.220     -.240878    .0555352
      tau4_1 |   .2023498   .0663589     3.05   0.002     .0722888    .3324109
      tau5_0 |   -.119553    .099607    -1.20   0.230    -.3147791    .0756731
      tau5_1 |  -.3102616   .0821615    -3.78   0.000    -.4712952   -.1492279
        pre1 |  -.2628412   .1337992    -1.96   0.049    -.5250827   -.0005996
        pre2 |  -.1880138   .1023408    -1.84   0.066     -.388598    .0125704
        pre3 |  -.1563614   .0873794    -1.79   0.074    -.3276219    .0148991
        pre4 |  -.0504575   .0729168    -0.69   0.489    -.1933719    .0924568
        pre5 |  -.1074484   .0397036    -2.71   0.007     -.185266   -.0296308
------------------------------------------------------------------------------

 ( 1)  pre1 = 0
 ( 2)  pre2 = 0
 ( 3)  pre3 = 0
 ( 4)  pre4 = 0
 ( 5)  pre5 = 0

           chi2(  5) =   25.83
         Prob > chi2 =    0.0001

  (1)  ((_b[tau0_1] + _b[tau1_1] + _b[tau2_1] + _b[tau3_1] + _b[tau4_1] + _b[tau5_1])/6) - ((_b[tau0_0] + _b[tau1_0] + _b[tau2_0] + _b[tau3_0] + _b[tau4_0] + _b[tau5_0])/6) = 0

               chi2(1) =        1.89
           Prob > chi2 =        0.1687

 ( 1)  tau0_0 - tau0_1 = 0
 ( 2)  tau1_0 - tau1_1 = 0
 ( 3)  tau2_0 - tau2_1 = 0
 ( 4)  tau3_0 - tau3_1 = 0
 ( 5)  tau4_0 - tau4_1 = 0
 ( 6)  tau5_0 - tau5_1 = 0

           chi2(  6) =  473.36
         Prob > chi2 =    0.0000

 ( 1)  tau0_0 = 0
 ( 2)  tau1_0 = 0
 ( 3)  tau2_0 = 0
 ( 4)  tau3_0 = 0
 ( 5)  tau4_0 = 0
 ( 6)  tau5_0 = 0

           chi2(  6) =    5.44
         Prob > chi2 =    0.4893

 ( 1)  tau0_1 = 0
 ( 2)  tau1_1 = 0
 ( 3)  tau2_1 = 0
 ( 4)  tau3_1 = 0
 ( 5)  tau4_1 = 0
 ( 6)  tau5_1 = 0

           chi2(  6) =   59.95
         Prob > chi2 =    0.0000
Average urban effect:    -0.086 (p =     0.489)
Average rural effect:    -0.011 (p =     0.000)
Difference (rural - urban):     0.076 (p =     0.169)
Joint heterogeneity test p-value:     0.000
number of observations will be reset to 11
Press any key to continue, or Break to abort
Number of observations (_N) was 0, now 11.
file /Users/hhadah/Documents/GiT/residency-medicaid-expansion/output/figures/402-hetero_urbanrural_unmatched_Surg_event_unweighted.png saved as PNG format
file /Users/hhadah/Documents/GiT/residency-medicaid-expansion/my_paper/figures/402-hetero_urbanrural_unmatched_Surg_event_unweighted.png saved as PNG format

--- Outcome: matched_per_100k (Urban/Rural, UNWEIGHTED) ---

                                                         Number of obs = 7,670
------------------------------------------------------------------------------
matched~100k | Coefficient  Std. err.      z    P>|z|     [95% conf. interval]
-------------+----------------------------------------------------------------
      tau0_0 |  -.0024674   .0019076    -1.29   0.196    -.0062063    .0012714
      tau0_1 |  -.0088992   .0035544    -2.50   0.012    -.0158658   -.0019327
      tau1_0 |  -.0028194   .0026525    -1.06   0.288    -.0080183    .0023795
      tau1_1 |  -.0144376   .0027039    -5.34   0.000     -.019737   -.0091381
      tau2_0 |  -.0039388   .0024777    -1.59   0.112    -.0087951    .0009174
      tau2_1 |  -.0133528   .0039595    -3.37   0.001    -.0211134   -.0055923
      tau3_0 |  -.0022622   .0030636    -0.74   0.460    -.0082667    .0037424
      tau3_1 |  -.0243085   .0041485    -5.86   0.000    -.0324394   -.0161776
      tau4_0 |  -.0022146    .003361    -0.66   0.510     -.008802    .0043728
      tau4_1 |  -.0189687   .0031048    -6.11   0.000     -.025054   -.0128833
      tau5_0 |  -.0005649    .003603    -0.16   0.875    -.0076266    .0064968
      tau5_1 |  -.0176399   .0094434    -1.87   0.062    -.0361487    .0008689
        pre1 |    .000251   .0048362     0.05   0.959    -.0092278    .0097297
        pre2 |  -.0004624   .0046806    -0.10   0.921    -.0096361    .0087114
        pre3 |   .0010163   .0046677     0.22   0.828    -.0081323    .0101648
        pre4 |  -.0007807   .0048273    -0.16   0.872     -.010242    .0086807
        pre5 |   .0006214   .0043196     0.14   0.886    -.0078449    .0090876
------------------------------------------------------------------------------

 ( 1)  pre1 = 0
 ( 2)  pre2 = 0
 ( 3)  pre3 = 0
 ( 4)  pre4 = 0
 ( 5)  pre5 = 0

           chi2(  5) =    2.74
         Prob > chi2 =    0.7405

  (1)  ((_b[tau0_1] + _b[tau1_1] + _b[tau2_1] + _b[tau3_1] + _b[tau4_1] + _b[tau5_1])/6) - ((_b[tau0_0] + _b[tau1_0] + _b[tau2_0] + _b[tau3_0] + _b[tau4_0] + _b[tau5_0])/6) = 0

               chi2(1) =       20.14
           Prob > chi2 =        0.0000

 ( 1)  tau0_0 - tau0_1 = 0
 ( 2)  tau1_0 - tau1_1 = 0
 ( 3)  tau2_0 - tau2_1 = 0
 ( 4)  tau3_0 - tau3_1 = 0
 ( 5)  tau4_0 - tau4_1 = 0
 ( 6)  tau5_0 - tau5_1 = 0

           chi2(  6) =   97.95
         Prob > chi2 =    0.0000

 ( 1)  tau0_0 = 0
 ( 2)  tau1_0 = 0
 ( 3)  tau2_0 = 0
 ( 4)  tau3_0 = 0
 ( 5)  tau4_0 = 0
 ( 6)  tau5_0 = 0

           chi2(  6) =    3.09
         Prob > chi2 =    0.7976

 ( 1)  tau0_1 = 0
 ( 2)  tau1_1 = 0
 ( 3)  tau2_1 = 0
 ( 4)  tau3_1 = 0
 ( 5)  tau4_1 = 0
 ( 6)  tau5_1 = 0

           chi2(  6) =  109.01
         Prob > chi2 =    0.0000
Average urban effect:    -0.002 (p =     0.798)
Average rural effect:    -0.016 (p =     0.000)
Difference (rural - urban):    -0.014 (p =     0.000)
Joint heterogeneity test p-value:     0.000
number of observations will be reset to 11
Press any key to continue, or Break to abort
Number of observations (_N) was 0, now 11.
file /Users/hhadah/Documents/GiT/residency-medicaid-expansion/output/figures/403-hetero_urbanrural_matched_per_100k_Surg_event_unweighted.png saved as PNG format
file /Users/hhadah/Documents/GiT/residency-medicaid-expansion/my_paper/figures/403-hetero_urbanrural_matched_per_100k_Surg_event_unweighted.png saved as PNG format

--- Outcome: quota_per_100k (Urban/Rural, UNWEIGHTED) ---

                                                         Number of obs = 7,670
------------------------------------------------------------------------------
quota_p~100k | Coefficient  Std. err.      z    P>|z|     [95% conf. interval]
-------------+----------------------------------------------------------------
      tau0_0 |   -.003015   .0018431    -1.64   0.102    -.0066274    .0005974
      tau0_1 |  -.0013598   .0017541    -0.78   0.438    -.0047977    .0020781
      tau1_0 |  -.0045813   .0025696    -1.78   0.075    -.0096176    .0004549
      tau1_1 |  -.0180638   .0039753    -4.54   0.000    -.0258553   -.0102724
      tau2_0 |  -.0060049   .0028683    -2.09   0.036    -.0116266   -.0003831
      tau2_1 |  -.0190617   .0040747    -4.68   0.000    -.0270479   -.0110754
      tau3_0 |  -.0051144   .0030551    -1.67   0.094    -.0111022    .0008734
      tau3_1 |   -.020337   .0042902    -4.74   0.000    -.0287457   -.0119283
      tau4_0 |  -.0052219   .0034186    -1.53   0.127    -.0119222    .0014785
      tau4_1 |  -.0137643   .0030129    -4.57   0.000    -.0196694   -.0078593
      tau5_0 |  -.0039228   .0040441    -0.97   0.332    -.0118492    .0040035
      tau5_1 |  -.0257907   .0099482    -2.59   0.010    -.0452889   -.0062926
        pre1 |  -.0023575   .0063868    -0.37   0.712    -.0148753    .0101603
        pre2 |  -.0014025   .0061948    -0.23   0.821    -.0135442    .0107392
        pre3 |  -.0002273   .0060792    -0.04   0.970    -.0121423    .0116877
        pre4 |  -.0003393   .0059577    -0.06   0.955    -.0120162    .0113377
        pre5 |  -.0005378   .0049343    -0.11   0.913    -.0102087    .0091332
------------------------------------------------------------------------------

 ( 1)  pre1 = 0
 ( 2)  pre2 = 0
 ( 3)  pre3 = 0
 ( 4)  pre4 = 0
 ( 5)  pre5 = 0

           chi2(  5) =    2.80
         Prob > chi2 =    0.7314

  (1)  ((_b[tau0_1] + _b[tau1_1] + _b[tau2_1] + _b[tau3_1] + _b[tau4_1] + _b[tau5_1])/6) - ((_b[tau0_0] + _b[tau1_0] + _b[tau2_0] + _b[tau3_0] + _b[tau4_0] + _b[tau5_0])/6) = 0

               chi2(1) =       10.08
           Prob > chi2 =        0.0015

 ( 1)  tau0_0 - tau0_1 = 0
 ( 2)  tau1_0 - tau1_1 = 0
 ( 3)  tau2_0 - tau2_1 = 0
 ( 4)  tau3_0 - tau3_1 = 0
 ( 5)  tau4_0 - tau4_1 = 0
 ( 6)  tau5_0 - tau5_1 = 0

           chi2(  6) =   34.88
         Prob > chi2 =    0.0000

 ( 1)  tau0_0 = 0
 ( 2)  tau1_0 = 0
 ( 3)  tau2_0 = 0
 ( 4)  tau3_0 = 0
 ( 5)  tau4_0 = 0
 ( 6)  tau5_0 = 0

           chi2(  6) =    5.07
         Prob > chi2 =    0.5351

 ( 1)  tau0_1 = 0
 ( 2)  tau1_1 = 0
 ( 3)  tau2_1 = 0
 ( 4)  tau3_1 = 0
 ( 5)  tau4_1 = 0
 ( 6)  tau5_1 = 0

           chi2(  6) =   36.39
         Prob > chi2 =    0.0000
Average urban effect:    -0.005 (p =     0.535)
Average rural effect:    -0.016 (p =     0.000)
Difference (rural - urban):    -0.012 (p =     0.001)
Joint heterogeneity test p-value:     0.000
number of observations will be reset to 11
Press any key to continue, or Break to abort
Number of observations (_N) was 0, now 11.
file /Users/hhadah/Documents/GiT/residency-medicaid-expansion/output/figures/404-hetero_urbanrural_quota_per_100k_Surg_event_unweighted.png saved as PNG format
file /Users/hhadah/Documents/GiT/residency-medicaid-expansion/my_paper/figures/404-hetero_urbanrural_quota_per_100k_Surg_event_unweighted.png saved as PNG format

--- Outcome: unmatched_per_100k (Urban/Rural, UNWEIGHTED) ---

                                                         Number of obs = 7,670
------------------------------------------------------------------------------
unmatch~100k | Coefficient  Std. err.      z    P>|z|     [95% conf. interval]
-------------+----------------------------------------------------------------
      tau0_0 |  -.0005475   .0012766    -0.43   0.668    -.0030497    .0019546
      tau0_1 |   .0075394   .0033878     2.23   0.026     .0008994    .0141795
      tau1_0 |  -.0017619   .0016563    -1.06   0.287    -.0050081    .0014843
      tau1_1 |  -.0036263   .0021518    -1.69   0.092    -.0078438    .0005913
      tau2_0 |   -.002066   .0018341    -1.13   0.260    -.0056607    .0015288
      tau2_1 |  -.0057088   .0013917    -4.10   0.000    -.0084366    -.002981
      tau3_0 |  -.0028522   .0020771    -1.37   0.170    -.0069233    .0012189
      tau3_1 |   .0039715   .0011249     3.53   0.000     .0017667    .0061764
      tau4_0 |  -.0030072   .0018329    -1.64   0.101    -.0065997    .0005852
      tau4_1 |   .0052044   .0011903     4.37   0.000     .0028714    .0075373
      tau5_0 |  -.0033579   .0022849    -1.47   0.142    -.0078362    .0011203
      tau5_1 |  -.0081508   .0017051    -4.78   0.000    -.0114928   -.0048088
        pre1 |  -.0026085   .0023508    -1.11   0.267     -.007216    .0019991
        pre2 |  -.0009401   .0020039    -0.47   0.639    -.0048677    .0029875
        pre3 |  -.0012436   .0016947    -0.73   0.463    -.0045652     .002078
        pre4 |   .0004414    .001556     0.28   0.777    -.0026083    .0034911
        pre5 |  -.0011591   .0007411    -1.56   0.118    -.0026116    .0002934
------------------------------------------------------------------------------

 ( 1)  pre1 = 0
 ( 2)  pre2 = 0
 ( 3)  pre3 = 0
 ( 4)  pre4 = 0
 ( 5)  pre5 = 0

           chi2(  5) =    8.64
         Prob > chi2 =    0.1243

  (1)  ((_b[tau0_1] + _b[tau1_1] + _b[tau2_1] + _b[tau3_1] + _b[tau4_1] + _b[tau5_1])/6) - ((_b[tau0_0] + _b[tau1_0] + _b[tau2_0] + _b[tau3_0] + _b[tau4_0] + _b[tau5_0])/6) = 0

               chi2(1) =        1.68
           Prob > chi2 =        0.1945

 ( 1)  tau0_0 - tau0_1 = 0
 ( 2)  tau1_0 - tau1_1 = 0
 ( 3)  tau2_0 - tau2_1 = 0
 ( 4)  tau3_0 - tau3_1 = 0
 ( 5)  tau4_0 - tau4_1 = 0
 ( 6)  tau5_0 - tau5_1 = 0

           chi2(  6) =   45.26
         Prob > chi2 =    0.0000

 ( 1)  tau0_0 = 0
 ( 2)  tau1_0 = 0
 ( 3)  tau2_0 = 0
 ( 4)  tau3_0 = 0
 ( 5)  tau4_0 = 0
 ( 6)  tau5_0 = 0

           chi2(  6) =    3.18
         Prob > chi2 =    0.7864

 ( 1)  tau0_1 = 0
 ( 2)  tau1_1 = 0
 ( 3)  tau2_1 = 0
 ( 4)  tau3_1 = 0
 ( 5)  tau4_1 = 0
 ( 6)  tau5_1 = 0

           chi2(  6) =   40.09
         Prob > chi2 =    0.0000
Average urban effect:    -0.002 (p =     0.786)
Average rural effect:    -0.000 (p =     0.000)
Difference (rural - urban):     0.002 (p =     0.194)
Joint heterogeneity test p-value:     0.000
number of observations will be reset to 11
Press any key to continue, or Break to abort
Number of observations (_N) was 0, now 11.
file /Users/hhadah/Documents/GiT/residency-medicaid-expansion/output/figures/405-hetero_urbanrural_unmatched_per_100k_Surg_event_unweighted.png saved as PNG format
file /Users/hhadah/Documents/GiT/residency-medicaid-expansion/my_paper/figures/405-hetero_urbanrural_unmatched_per_100k_Surg_event_unweighted.png saved as PNG format
TY

=========================================================================
SPECIALTY GROUP (UNWEIGHTED): TY (Urban/Rural Heterogeneity)
=========================================================================


--- Outcome: quota (Urban/Rural, UNWEIGHTED) ---

                                                         Number of obs = 1,600
------------------------------------------------------------------------------
       quota | Coefficient  Std. err.      z    P>|z|     [95% conf. interval]
-------------+----------------------------------------------------------------
      tau0_0 |  -.3126493   .2633936    -1.19   0.235    -.8288912    .2035926
      tau0_1 |   .6367188   .2460433     2.59   0.010     .1544828    1.118955
      tau1_0 |  -.1306492   .3552623    -0.37   0.713    -.8269505    .5656521
      tau1_1 |   .9039394   .2734994     3.31   0.001     .3678904    1.439988
      tau2_0 |  -.6272331    .599472    -1.05   0.295    -1.802177    .5477104
      tau2_1 |   .7124501   .4946127     1.44   0.150     -.256973    1.681873
      tau3_0 |   -1.96395   1.210654    -1.62   0.105    -4.336787    .4088875
      tau3_1 |  -.6705285   1.056384    -0.63   0.526    -2.741002    1.399945
      tau4_0 |  -3.142478   2.047531    -1.53   0.125    -7.155565    .8706093
      tau4_1 |  -.0215923   2.348871    -0.01   0.993    -4.625295     4.58211
      tau5_0 |  -3.816428   2.726898    -1.40   0.162    -9.161051    1.528194
      tau5_1 |   .4688978   4.232114     0.11   0.912    -7.825893    8.763689
        pre1 |  -1.853393   1.023988    -1.81   0.070    -3.860373    .1535863
        pre2 |   -1.68582   .9343107    -1.80   0.071    -3.517035    .1453956
        pre3 |  -2.141669   .8196645    -2.61   0.009    -3.748182   -.5351564
        pre4 |  -2.228716   .6867106    -3.25   0.001    -3.574644   -.8827878
        pre5 |  -1.676944   .5966079    -2.81   0.005    -2.846274   -.5076142
------------------------------------------------------------------------------

 ( 1)  pre1 = 0
 ( 2)  pre2 = 0
 ( 3)  pre3 = 0
 ( 4)  pre4 = 0
 ( 5)  pre5 = 0

           chi2(  5) =   36.90
         Prob > chi2 =    0.0000

  (1)  ((_b[tau0_1] + _b[tau1_1] + _b[tau2_1] + _b[tau3_1] + _b[tau4_1] + _b[tau5_1])/6) - ((_b[tau0_0] + _b[tau1_0] + _b[tau2_0] + _b[tau3_0] + _b[tau4_0] + _b[tau5_0])/6) = 0

               chi2(1) =       15.45
           Prob > chi2 =        0.0001

 ( 1)  tau0_0 - tau0_1 = 0
 ( 2)  tau1_0 - tau1_1 = 0
 ( 3)  tau2_0 - tau2_1 = 0
 ( 4)  tau3_0 - tau3_1 = 0
 ( 5)  tau4_0 - tau4_1 = 0
 ( 6)  tau5_0 - tau5_1 = 0

           chi2(  6) =   42.40
         Prob > chi2 =    0.0000

 ( 1)  tau0_0 = 0
 ( 2)  tau1_0 = 0
 ( 3)  tau2_0 = 0
 ( 4)  tau3_0 = 0
 ( 5)  tau4_0 = 0
 ( 6)  tau5_0 = 0

           chi2(  6) =    7.60
         Prob > chi2 =    0.2685

 ( 1)  tau0_1 = 0
 ( 2)  tau1_1 = 0
 ( 3)  tau2_1 = 0
 ( 4)  tau3_1 = 0
 ( 5)  tau4_1 = 0
 ( 6)  tau5_1 = 0

           chi2(  6) =  108.60
         Prob > chi2 =    0.0000
Average urban effect:    -1.666 (p =     0.269)
Average rural effect:     0.338 (p =     0.000)
Difference (rural - urban):     2.004 (p =     0.000)
Joint heterogeneity test p-value:     0.000
number of observations will be reset to 11
Press any key to continue, or Break to abort
Number of observations (_N) was 0, now 11.
file /Users/hhadah/Documents/GiT/residency-medicaid-expansion/output/figures/406-hetero_urbanrural_quota_TY_event_unweighted.png saved as PNG format
file /Users/hhadah/Documents/GiT/residency-medicaid-expansion/my_paper/figures/406-hetero_urbanrural_quota_TY_event_unweighted.png saved as PNG format

--- Outcome: matched (Urban/Rural, UNWEIGHTED) ---

                                                         Number of obs = 1,600
------------------------------------------------------------------------------
     matched | Coefficient  Std. err.      z    P>|z|     [95% conf. interval]
-------------+----------------------------------------------------------------
      tau0_0 |  -.2387161   .2641359    -0.90   0.366    -.7564129    .2789807
      tau0_1 |      .6875   .2665127     2.58   0.010     .1651447    1.209855
      tau1_0 |  -.2539625   .3890412    -0.65   0.514    -1.016469    .5085442
      tau1_1 |   .9523936   .2715896     3.51   0.000     .4200879    1.484699
      tau2_0 |  -.5795529   .5875524    -0.99   0.324    -1.731134    .5720286
      tau2_1 |   .7609043   .4789403     1.59   0.112    -.1778014     1.69961
      tau3_0 |  -1.942231   1.169523    -1.66   0.097    -4.234454    .3499923
      tau3_1 |   -.893351    1.06635    -0.84   0.402    -2.983359    1.196657
      tau4_0 |  -2.485266   1.707252    -1.46   0.145    -5.831418    .8608858
      tau4_1 |   .1013298   1.905085     0.05   0.958    -3.632569    3.835229
      tau5_0 |  -2.668195   2.363558    -1.13   0.259    -7.300683    1.964293
      tau5_1 |  -1.689934   2.360758    -0.72   0.474    -6.316935    2.937067
        pre1 |  -1.678682   .9437646    -1.78   0.075    -3.528427    .1710623
        pre2 |  -1.570181   .8736139    -1.80   0.072    -3.282433     .142071
        pre3 |  -2.011384   .7533118    -2.67   0.008    -3.487849   -.5349204
        pre4 |  -1.996494   .6288143    -3.18   0.001    -3.228948   -.7640406
        pre5 |  -1.480865   .5527764    -2.68   0.007    -2.564287   -.3974434
------------------------------------------------------------------------------

 ( 1)  pre1 = 0
 ( 2)  pre2 = 0
 ( 3)  pre3 = 0
 ( 4)  pre4 = 0
 ( 5)  pre5 = 0

           chi2(  5) =   16.70
         Prob > chi2 =    0.0051

  (1)  ((_b[tau0_1] + _b[tau1_1] + _b[tau2_1] + _b[tau3_1] + _b[tau4_1] + _b[tau5_1])/6) - ((_b[tau0_0] + _b[tau1_0] + _b[tau2_0] + _b[tau3_0] + _b[tau4_0] + _b[tau5_0])/6) = 0

               chi2(1) =       15.30
           Prob > chi2 =        0.0001

 ( 1)  tau0_0 - tau0_1 = 0
 ( 2)  tau1_0 - tau1_1 = 0
 ( 3)  tau2_0 - tau2_1 = 0
 ( 4)  tau3_0 - tau3_1 = 0
 ( 5)  tau4_0 - tau4_1 = 0
 ( 6)  tau5_0 - tau5_1 = 0

           chi2(  6) =   33.93
         Prob > chi2 =    0.0000

 ( 1)  tau0_0 = 0
 ( 2)  tau1_0 = 0
 ( 3)  tau2_0 = 0
 ( 4)  tau3_0 = 0
 ( 5)  tau4_0 = 0
 ( 6)  tau5_0 = 0

           chi2(  6) =    7.36
         Prob > chi2 =    0.2891

 ( 1)  tau0_1 = 0
 ( 2)  tau1_1 = 0
 ( 3)  tau2_1 = 0
 ( 4)  tau3_1 = 0
 ( 5)  tau4_1 = 0
 ( 6)  tau5_1 = 0

           chi2(  6) =  148.21
         Prob > chi2 =    0.0000
Average urban effect:    -1.361 (p =     0.289)
Average rural effect:    -0.014 (p =     0.000)
Difference (rural - urban):     1.348 (p =     0.000)
Joint heterogeneity test p-value:     0.000
number of observations will be reset to 11
Press any key to continue, or Break to abort
Number of observations (_N) was 0, now 11.
file /Users/hhadah/Documents/GiT/residency-medicaid-expansion/output/figures/407-hetero_urbanrural_matched_TY_event_unweighted.png saved as PNG format
file /Users/hhadah/Documents/GiT/residency-medicaid-expansion/my_paper/figures/407-hetero_urbanrural_matched_TY_event_unweighted.png saved as PNG format

--- Outcome: unmatched (Urban/Rural, UNWEIGHTED) ---

                                                         N
> umber of obs                                            
>              = 1,600
----------------------------------------------------------
> --------------------
   unmatched | Coefficient  Std. err.      z    P>|z|     
> [95% con                                                
>         f. interval]
-------------+--------------------------------------------
> --------------------
      tau0_0 |  -.0739332   .0822733    -0.90   0.369    -
> .2351859                                                
>             .0873196
      tau0_1 |  -.0507812   .0579751    -0.88   0.381    -
> .1644104                                                
>             .0628479
      tau1_0 |   .1233134   .1719367     0.72   0.473    -
> .2136764                                                
>             .4603031
      tau1_1 |  -.0484541    .080589    -0.60   0.548    -
> .2064057                                                
>             .1094975
      tau2_0 |  -.0476802   .0785039    -0.61   0.544    -
> .2015449                                                
>             .1061846
      tau2_1 |  -.0484541   .0681604    -0.71   0.477    -
> .1820461                                                
>             .0851379
      tau3_0 |  -.0217188   .0939177    -0.23   0.817    -
> .2057942                                                
>             .1623565
      tau3_1 |   .2228225   .2328716     0.96   0.339    -
> .2335974                                                
>             .6792423
      tau4_0 |  -.6572114   .3808593    -1.73   0.084    -
> 1.403682                                                
>              .089259
      tau4_1 |  -.1229222   .4748709    -0.26   0.796    -
> 1.053652                                                
>             .8078076
      tau5_0 |  -1.148234    .528571    -2.17   0.030    -
> 2.184214                                                
>            -.1122535
      tau5_1 |   2.158832   2.838082     0.76   0.447    -
> 3.403707                                                
>              7.72137
        pre1 |  -.1747108   .0966724    -1.81   0.071    -
> .3641853                                                
>             .0147636
        pre2 |   -.115639    .101464    -1.14   0.254    -
> .3145048                                                
>             .0832268
        pre3 |  -.1302847   .0996686    -1.31   0.191    -
> .3256316                                                
>             .0650621
        pre4 |  -.2322218   .0812534    -2.86   0.004    -
> .3914755                                                
>             -.072968
        pre5 |  -.1960789   .0783335    -2.50   0.012    -
> .3496097                                                
>            -.0425481
----------------------------------------------------------
> --------------------

 ( 1)  pre1 = 0
 ( 2)  pre2 = 0
 ( 3)  pre3 = 0
 ( 4)  pre4 = 0
 ( 5)  pre5 = 0

           chi2(  5) =   13.20
         Prob > chi2 =    0.0216

  (1)  ((_b[tau0_1] + _b[tau1_1] + _b[tau2_1] + _b[tau3_1]
>  + _b[tau4_1] + _b[tau5_1])/6) - ((_b[tau0_0] + _b[tau1_
> 0] + _b[tau2_0] + _b[tau3_0] + _b[tau4_0] + _b[tau5_0])/
> 6) = 0

               chi2(1) =        2.77
           Prob > chi2 =        0.0959

 ( 1)  tau0_0 - tau0_1 = 0
 ( 2)  tau1_0 - tau1_1 = 0
 ( 3)  tau2_0 - tau2_1 = 0
 ( 4)  tau3_0 - tau3_1 = 0
 ( 5)  tau4_0 - tau4_1 = 0
 ( 6)  tau5_0 - tau5_1 = 0

           chi2(  6) =   78.99
         Prob > chi2 =    0.0000

 ( 1)  tau0_0 = 0
 ( 2)  tau1_0 = 0
 ( 3)  tau2_0 = 0
 ( 4)  tau3_0 = 0
 ( 5)  tau4_0 = 0
 ( 6)  tau5_0 = 0

           chi2(  6) =    7.08
         Prob > chi2 =    0.3133

 ( 1)  tau0_1 = 0
 ( 2)  tau1_1 = 0
 ( 3)  tau2_1 = 0
 ( 4)  tau3_1 = 0
 ( 5)  tau4_1 = 0
 ( 6)  tau5_1 = 0

           chi2(  6) =    3.70
         Prob > chi2 =    0.7175
Average urban effect:    -0.304 (p =     0.313)
Average rural effect:     0.352 (p =     0.717)
Difference (rural - urban):     0.656 (p =     0.096)
Joint heterogeneity test p-value:     0.000
number of observations will be reset to 11
Press any key to continue, or Break to abort
Number of observations (_N) was 0, now 11.
file
    /Users/hhadah/Documents/GiT/residency-medicaid-expan
    > sion/output/figures/408-hetero_urbanrural_unmatche
    > d_TY_event_unweighted.png saved as PNG format
file
    /Users/hhadah/Documents/GiT/residency-medicaid-expan
    > sion/my_paper/figures/408-hetero_urbanrural_unmatc
    > hed_TY_event_unweighted.png saved as PNG format

--- Outcome: matched_per_100k (Urban/Rural, UNWEIGHTED) --
> -

                                                         N
> umber of obs                                            
>              = 1,600
----------------------------------------------------------
> --------------------
matched~100k | Coefficient  Std. err.      z    P>|z|     
> [95% con                                                
>         f. interval]
-------------+--------------------------------------------
> --------------------
      tau0_0 |  -.0106213   .0093595    -1.13   0.256    -
> .0289656                                                
>              .007723
      tau0_1 |   .0041533   .0025447     1.63   0.103    -
> .0008343                                                
>             .0091409
      tau1_0 |  -.0212576   .0188857    -1.13   0.260    -
> .0582729                                                
>             .0157576
      tau1_1 |   .0089827   .0029123     3.08   0.002     
> .0032746                                                
>             .0146907
      tau2_0 |   -.033014     .02075    -1.59   0.112    -
> .0736834                                                
>             .0076553
      tau2_1 |   .0033115   .0064167     0.52   0.606    -
> .0092649                                                
>             .0158879
      tau3_0 |  -.0411851   .0216851    -1.90   0.058    -
> .0836871                                                
>             .0013169
      tau3_1 |  -.0064505   .0085458    -0.75   0.450    -
> .0231999                                                
>              .010299
      tau4_0 |  -.0373008   .0252448    -1.48   0.140    -
> .0867796                                                
>              .012178
      tau4_1 |   .0022779   .0155843     0.15   0.884    -
> .0282667                                                
>             .0328225
      tau5_0 |  -.0343825   .0303654    -1.13   0.258    -
> .0938976                                                
>             .0251327
      tau5_1 |   .0120821   .0271758     0.44   0.657    -
> .0411815                                                
>             .0653456
        pre1 |  -.0210142   .0075311    -2.79   0.005    -
> .0357749                                                
>            -.0062535
        pre2 |  -.0193899   .0069351    -2.80   0.005    -
> .0329826                                                
>            -.0057973
        pre3 |  -.0239162   .0062099    -3.85   0.000    -
> .0360875                                                
>            -.0117449
        pre4 |  -.0229248   .0057152    -4.01   0.000    -
> .0341263                                                
>            -.0117232
        pre5 |  -.0195073   .0054936    -3.55   0.000    -
> .0302745                                                
>              -.00874
----------------------------------------------------------
> --------------------

 ( 1)  pre1 = 0
 ( 2)  pre2 = 0
 ( 3)  pre3 = 0
 ( 4)  pre4 = 0
 ( 5)  pre5 = 0

           chi2(  5) =   20.48
         Prob > chi2 =    0.0010

  (1)  ((_b[tau0_1] + _b[tau1_1] + _b[tau2_1] + _b[tau3_1]
>  + _b[tau4_1] + _b[tau5_1])/6) - ((_b[tau0_0] + _b[tau1_
> 0] + _b[tau2_0] + _b[tau3_0] + _b[tau4_0] + _b[tau5_0])/
> 6) = 0

               chi2(1) =        3.22
           Prob > chi2 =        0.0727

 ( 1)  tau0_0 - tau0_1 = 0
 ( 2)  tau1_0 - tau1_1 = 0
 ( 3)  tau2_0 - tau2_1 = 0
 ( 4)  tau3_0 - tau3_1 = 0
 ( 5)  tau4_0 - tau4_1 = 0
 ( 6)  tau5_0 - tau5_1 = 0

           chi2(  6) =    6.17
         Prob > chi2 =    0.4043

 ( 1)  tau0_0 = 0
 ( 2)  tau1_0 = 0
 ( 3)  tau2_0 = 0
 ( 4)  tau3_0 = 0
 ( 5)  tau4_0 = 0
 ( 6)  tau5_0 = 0

           chi2(  6) =   10.24
         Prob > chi2 =    0.1148

 ( 1)  tau0_1 = 0
 ( 2)  tau1_1 = 0
 ( 3)  tau2_1 = 0
 ( 4)  tau3_1 = 0
 ( 5)  tau4_1 = 0
 ( 6)  tau5_1 = 0

           chi2(  6) =  128.85
         Prob > chi2 =    0.0000
Average urban effect:    -0.030 (p =     0.115)
Average rural effect:     0.004 (p =     0.000)
Difference (rural - urban):     0.034 (p =     0.073)
Joint heterogeneity test p-value:     0.404
number of observations will be reset to 11
Press any key to continue, or Break to abort
Number of observations (_N) was 0, now 11.
file
    /Users/hhadah/Documents/GiT/residency-medicaid-expan
    > sion/output/figures/409-hetero_urbanrural_matched_
    > per_100k_TY_event_unweighted.png saved as PNG
    format
file
    /Users/hhadah/Documents/GiT/residency-medicaid-expan
    > sion/my_paper/figures/409-hetero_urbanrural_matche
    > d_per_100k_TY_event_unweighted.png saved as PNG
    format

--- Outcome: quota_per_100k (Urban/Rural, UNWEIGHTED) ---

                                                         N
> umber of obs                                            
>              = 1,600
----------------------------------------------------------
> --------------------
quota_p~100k | Coefficient  Std. err.      z    P>|z|     
> [95% con                                                
>         f. interval]
-------------+--------------------------------------------
> --------------------
      tau0_0 |  -.0114733   .0093365    -1.23   0.219    -
> .0297725                                                
>             .0068258
      tau0_1 |   .0037605   .0023447     1.60   0.109     
> -.000835                                                
>              .008356
      tau1_0 |  -.0201312   .0187867    -1.07   0.284    -
> .0569526                                                
>             .0166901
      tau1_1 |   .0080634   .0028894     2.79   0.005     
> .0024002                                                
>             .0137265
      tau2_0 |  -.0337051   .0208225    -1.62   0.106    -
> .0745164                                                
>             .0071062
      tau2_1 |   .0026293   .0065201     0.40   0.687     
>  -.01015                                                
>             .0154085
      tau3_0 |  -.0367674   .0211441    -1.74   0.082    -
> .0782091                                                
>             .0046744
      tau3_1 |  -.0058691   .0086978    -0.67   0.500    -
> .0229164                                                
>             .0111782
      tau4_0 |  -.0367153    .025452    -1.44   0.149    -
> .0866002                                                
>             .0131696
      tau4_1 |   .0028869   .0184208     0.16   0.875    -
> .0332173                                                
>              .038991
      tau5_0 |  -.0440434   .0311992    -1.41   0.158    -
> .1051927                                                
>             .0171059
      tau5_1 |   .1126302   .1232003     0.91   0.361    -
> .1288379                                                
>             .3540983
        pre1 |  -.0222412   .0079288    -2.81   0.005    -
> .0377814                                                
>            -.0067009
        pre2 |  -.0204382   .0072879    -2.80   0.005    -
> .0347223                                                
>            -.0061541
        pre3 |  -.0248028   .0066114    -3.75   0.000     
> -.037761                                                
>            -.0118447
        pre4 |  -.0249233   .0060061    -4.15   0.000     
> -.036695                                                
>            -.0131516
        pre5 |  -.0210849   .0057107    -3.69   0.000    -
> .0322776                                                
>            -.0098922
----------------------------------------------------------
> --------------------

 ( 1)  pre1 = 0
 ( 2)  pre2 = 0
 ( 3)  pre3 = 0
 ( 4)  pre4 = 0
 ( 5)  pre5 = 0

           chi2(  5) =   26.41
         Prob > chi2 =    0.0001

  (1)  ((_b[tau0_1] + _b[tau1_1] + _b[tau2_1] + _b[tau3_1]
>  + _b[tau4_1] + _b[tau5_1])/6) - ((_b[tau0_0] + _b[tau1_
> 0] + _b[tau2_0] + _b[tau3_0] + _b[tau4_0] + _b[tau5_0])/
> 6) = 0

               chi2(1) =        3.91
           Prob > chi2 =        0.0480

 ( 1)  tau0_0 - tau0_1 = 0
 ( 2)  tau1_0 - tau1_1 = 0
 ( 3)  tau2_0 - tau2_1 = 0
 ( 4)  tau3_0 - tau3_1 = 0
 ( 5)  tau4_0 - tau4_1 = 0
 ( 6)  tau5_0 - tau5_1 = 0

           chi2(  6) =    7.68
         Prob > chi2 =    0.2628

 ( 1)  tau0_0 = 0
 ( 2)  tau1_0 = 0
 ( 3)  tau2_0 = 0
 ( 4)  tau3_0 = 0
 ( 5)  tau4_0 = 0
 ( 6)  tau5_0 = 0

           chi2(  6) =    7.45
         Prob > chi2 =    0.2809

 ( 1)  tau0_1 = 0
 ( 2)  tau1_1 = 0
 ( 3)  tau2_1 = 0
 ( 4)  tau3_1 = 0
 ( 5)  tau4_1 = 0
 ( 6)  tau5_1 = 0

           chi2(  6) =   55.50
         Prob > chi2 =    0.0000
Average urban effect:    -0.030 (p =     0.281)
Average rural effect:     0.021 (p =     0.000)
Difference (rural - urban):     0.051 (p =     0.048)
Joint heterogeneity test p-value:     0.263
number of observations will be reset to 11
Press any key to continue, or Break to abort
Number of observations (_N) was 0, now 11.
file
    /Users/hhadah/Documents/GiT/residency-medicaid-expan
    > sion/output/figures/410-hetero_urbanrural_quota_pe
    > r_100k_TY_event_unweighted.png saved as PNG format
file
    /Users/hhadah/Documents/GiT/residency-medicaid-expan
    > sion/my_paper/figures/410-hetero_urbanrural_quota_
    > per_100k_TY_event_unweighted.png saved as PNG
    format

--- Outcome: unmatched_per_100k (Urban/Rural, UNWEIGHTED) 
> ---

                                                         N
> umber of obs                                            
>              = 1,600
----------------------------------------------------------
> --------------------
unmatch~100k | Coefficient  Std. err.      z    P>|z|     
> [95% con                                                
>         f. interval]
-------------+--------------------------------------------
> --------------------
      tau0_0 |   -.000852   .0008187    -1.04   0.298    -
> .0024567                                                
>             .0007527
      tau0_1 |  -.0003928   .0005679    -0.69   0.489    -
> .0015058                                                
>             .0007203
      tau1_0 |   .0011265   .0019403     0.58   0.562    -
> .0026764                                                
>             .0049293
      tau1_1 |  -.0009192   .0012293    -0.75   0.455    -
> .0033287                                                
>             .0014902
      tau2_0 |   -.000691   .0009032    -0.77   0.444    -
> .0024612                                                
>             .0010791
      tau2_1 |  -.0006822   .0008085    -0.84   0.399    -
> .0022667                                                
>             .0009024
      tau3_0 |   .0044178   .0044491     0.99   0.321    -
> .0043023                                                
>             .0131379
      tau3_1 |   .0005814    .001398     0.42   0.677    -
> .0021585                                                
>             .0033214
      tau4_0 |   .0005855   .0048545     0.12   0.904    -
> .0089291                                                
>             .0101001
      tau4_1 |    .000609   .0032756     0.19   0.853     
> -.005811                                                
>              .007029
      tau5_0 |  -.0096609   .0055262    -1.75   0.080     
> -.020492                                                
>             .0011703
      tau5_1 |   .1005482    .100304     1.00   0.316     
> -.096044                                                
>             .2971403
        pre1 |   -.001227   .0007745    -1.58   0.113    -
> .0027449                                                
>              .000291
        pre2 |  -.0010482   .0008913    -1.18   0.240    -
> .0027952                                                
>             .0006987
        pre3 |  -.0008866   .0009153    -0.97   0.333    -
> .0026805                                                
>             .0009073
        pre4 |  -.0019985   .0007521    -2.66   0.008    -
> .0034727                                                
>            -.0005244
        pre5 |  -.0015776   .0007331    -2.15   0.031    -
> .0030146                                                
>            -.0001407
----------------------------------------------------------
> --------------------

 ( 1)  pre1 = 0
 ( 2)  pre2 = 0
 ( 3)  pre3 = 0
 ( 4)  pre4 = 0
 ( 5)  pre5 = 0

           chi2(  5) =    9.40
         Prob > chi2 =    0.0940

  (1)  ((_b[tau0_1] + _b[tau1_1] + _b[tau2_1] + _b[tau3_1]
>  + _b[tau4_1] + _b[tau5_1])/6) - ((_b[tau0_0] + _b[tau1_
> 0] + _b[tau2_0] + _b[tau3_0] + _b[tau4_0] + _b[tau5_0])/
> 6) = 0

               chi2(1) =        1.26
           Prob > chi2 =        0.2609

 ( 1)  tau0_0 - tau0_1 = 0
 ( 2)  tau1_0 - tau1_1 = 0
 ( 3)  tau2_0 - tau2_1 = 0
 ( 4)  tau3_0 - tau3_1 = 0
 ( 5)  tau4_0 - tau4_1 = 0
 ( 6)  tau5_0 - tau5_1 = 0

           chi2(  6) =    8.64
         Prob > chi2 =    0.1951

 ( 1)  tau0_0 = 0
 ( 2)  tau1_0 = 0
 ( 3)  tau2_0 = 0
 ( 4)  tau3_0 = 0
 ( 5)  tau4_0 = 0
 ( 6)  tau5_0 = 0

           chi2(  6) =    6.51
         Prob > chi2 =    0.3690

 ( 1)  tau0_1 = 0
 ( 2)  tau1_1 = 0
 ( 3)  tau2_1 = 0
 ( 4)  tau3_1 = 0
 ( 5)  tau4_1 = 0
 ( 6)  tau5_1 = 0

           chi2(  6) =    7.96
         Prob > chi2 =    0.2408
Average urban effect:    -0.001 (p =     0.369)
Average rural effect:     0.017 (p =     0.241)
Difference (rural - urban):     0.017 (p =     0.261)
Joint heterogeneity test p-value:     0.195
number of observations will be reset to 11
Press any key to continue, or Break to abort
Number of observations (_N) was 0, now 11.
file
    /Users/hhadah/Documents/GiT/residency-medicaid-expan
    > sion/output/figures/411-hetero_urbanrural_unmatche
    > d_per_100k_TY_event_unweighted.png saved as PNG
    format
file
    /Users/hhadah/Documents/GiT/residency-medicaid-expan
    > sion/my_paper/figures/411-hetero_urbanrural_unmatc
    > hed_per_100k_TY_event_unweighted.png saved as PNG
    format

. 
. di ""


. di "====================================================
> ====================="
==========================================================
> ===============

. di "HETEROGENEITY ANALYSIS BY URBAN/RURAL WITHIN SPECIAL
> TYBY URBAN/RURAL WITHIN SPECIALTY (UNWEIGHTED) COMPLETED
> "
HETEROGENEITY ANALYSIS BY URBAN/RURAL WITHIN SPECIALTYBY U
> RBAN/RURAL WITHIN SPECIALTY (UNWEIGHTED) COMPLETED

. di "Event study plots saved to:"
Event study plots saved to:

. di "  - ${figdir}/411-hetero_urbanrural_*_event_unweight
> ed.png"
  - /Users/hhadah/Documents/GiT/residency-medicaid-expansi
> on/output/figures/411-hetero_urbanrural_*_event_unweight
> ed.png

. di "  - ${latex_figdir}/411-hetero_urbanrural_*_event_un
> weighted.png"
  - /Users/hhadah/Documents/GiT/residency-medicaid-expansi
> on/my_paper/figures/411-hetero_urbanrural_*_event_unweig
> hted.png

. di "====================================================
> ====================="
==========================================================
> ===============

. 
. log close
      name:  <unnamed>
       log:  /Users/hhadah/Documents/GiT/residency-medicai
> d-expansion/output/12-dd-analysis-hetero-byspecialty-unw
> eighted.log
  log type:  text
 closed on:  27 Jan 2026, 20:04:16
----------------------------------------------------------
