outcome,coef,se,tstat,pvalue,avg_treat,pretrend_p,treat_p,n_programs,n_states
quota,-.3848776778177125,.53420776,-.72046441,,-2.7865152,.015575638,.0037615804,851,51
matched,-.3814126912475331,.53447598,-.71361989,,-2.4714448,.037882134,.00041919685,851,51
unmatched,-.0034647399124879,.12890993,-.026877215,,-.31507045,.21022741,.00021300746,851,51
