outcome,coef,se,tstat,pvalue,avg_treat,pretrend_p,treat_p,n_programs,n_states
quota,-.9472540560900597,.74161404,-1.2772871,,-4.2670178,4.5015736e-10,6.1033761e-20,851,51
matched,-.9631124212774012,.74976206,-1.2845575,,-3.8372469,1.1562827e-09,1.7443028e-15,851,51
unmatched,.015858246439393,.13015723,.12183915,,-.42977083,1.9751345e-08,8.6866458e-11,851,51
matched_per_,-.0068201124382341,.0061222515,-1.1139877,,-.027781175,.36973664,.049180008,851,51
quota_per_10,-.0067612884883133,.0063353041,-1.0672398,,-.030437313,.29871553,.0080747493,851,51
unmatched_pe,.0000588389047991,.0011114166,.052940458,,-.0026561238,.34216705,.087412685,851,51
