institution_code,institution_name,city,state,institution_name_clean,geocode_query,latitude,longitude,id,type,place_type,relevance,text,place_name,bbox,center,context,properties.mapbox_id,properties.wikidata,geometry.type,geometry.coordinates,properties.accuracy,matching_text,matching_place_name,properties.override:postcode
1001,Kaiser Permanente-Woodland Hills,Woodland Hills,CA,Kaiser Permanente-Woodland Hills,"Kaiser Permanente-Woodland Hills, Woodland Hills, CA",34.168454,-118.603802,place.363956460,Feature,,1,Woodland Hills,"Woodland Hills, California, United States",,,,dXJuOm1ieHBsYzpGYkdJN0E,Q1337818,Point,,NA,NA,NA,NA
1004,U Texas MD Anderson Cancer Ctr,Houston,TX,University of Texas MD Anderson Cancer Center,"University of Texas MD Anderson Cancer Center, Houston, TX",29.760496,-95.363433,place.154609900,Feature,,1,Houston,"Houston, Texas, United States",,,,dXJuOm1ieHBsYzpDVGNvN0E,Q16555,Point,,NA,NA,NA,NA
1005,Idaho State University,Pocatello,ID,Idaho State University,"Idaho State University, Pocatello, ID",42.866523,-112.443501,place.263112940,Feature,,1,Pocatello,"Pocatello, Idaho, United States",,,,dXJuOm1ieHBsYzpENjdJN0E,Q320729,Point,,NA,NA,NA,NA
1007,U Alabama Med Ctr-Birmingham,Birmingham,AL,University of Alabama Medical Center-Birmingham,"University of Alabama Medical Center-Birmingham, Birmingham, AL",33.522217,-86.809079,place.28821740,Feature,,1,Birmingham,"Birmingham, Alabama, United States",,,,dXJuOm1ieHBsYzpBYmZJN0E,Q79867,Point,,NA,NA,NA,NA
1009,U Alabama Med Ctr-Montogomery,Montgomery,AL,University of Alabama Medical Center-Montogomery,"University of Alabama Medical Center-Montogomery, Montgomery, AL",34.179115,-85.51221,locality.5974764,Feature,,0.573333,Alexis,"Alexis, Alabama, United States",,,,dXJuOm1ieHBsYzpXeXJz,Q19871926,Point,,NA,NA,NA,NA
1010,San Mateo Behavioral Hlth & Recovery Svcs,San Mateo,CA,San Mateo Behavioral Hlth & Recovery Svcs,"San Mateo Behavioral Hlth & Recovery Svcs, San Mateo, CA",43.272595,-4.083813,address.3642996154186480,Feature,,0.709877,San Mateo,"San Mateo, 39400 Los Corrales de Buelna, Cantabria, Spain",,,,dXJuOm1ieGFkci1zdHI6NGNkNDIxYzUtMTNjMS00ZjE5LWJkZmItZjU4ZmIyNTljMzlm,NA,Point,,street,NA,NA,NA
1011,U Arizona COM-Phoenix,Phoenix,AZ,University of Arizona COM-Phoenix,"University of Arizona COM-Phoenix, Phoenix, AZ",33.44823,-112.075098,place.257902828,Feature,,1,Phoenix,"Phoenix, Arizona, United States",,,,dXJuOm1ieHBsYzpEMTlJN0E,Q16556,Point,,NA,NA,NA,NA
1012,St Josephs Hospital,Phoenix,AZ,St Josephs Hospital,"St Josephs Hospital, Phoenix, AZ",33.44823,-112.075098,place.257902828,Feature,,1,Phoenix,"Phoenix, Arizona, United States",,,,dXJuOm1ieHBsYzpEMTlJN0E,Q16556,Point,,NA,NA,NA,NA
1014,Tucson Hospitals Med Ed,Tucson,AZ,Tucson Hospitals Medical Ed,"Tucson Hospitals Medical Ed, Tucson, AZ",32.221297,-110.973306,place.331737324,Feature,,1,Tucson,"Tucson, Arizona, United States",,,,dXJuOm1ieHBsYzpFOFhvN0E,Q18575,Point,,NA,NA,NA,NA
1015,U Arizona COM at Tucson,Tucson,AZ,University of Arizona COM at Tucson,"University of Arizona COM at Tucson, Tucson, AZ",32.221297,-110.973306,place.331737324,Feature,,1,Tucson,"Tucson, Arizona, United States",,,,dXJuOm1ieHBsYzpFOFhvN0E,Q18575,Point,,NA,NA,NA,NA
1018,U Arkansas COM-Little Rock,Little Rock,AR,University of Arkansas COM-Little Rock,"University of Arkansas COM-Little Rock, Little Rock, AR",34.74679,-92.275505,neighborhood.171674860,Feature,,0.616049,Downtown Little Rock,"Downtown Little Rock, Little Rock, Arkansas, United States",,,,dXJuOm1ieHBsYzpDanVNN0E,NA,Point,,NA,NA,NA,NA
1020,Phoebe Putney Mem Hosp,Albany,GA,Phoebe Putney Mem Hospital,"Phoebe Putney Mem Hospital, Albany, GA",31.472143,-84.127936,address.7500790813734780,Feature,,0.87037,Phoebe Road,"Phoebe Road, Albany, Georgia 31705, United States",,,,dXJuOm1ieGFkci1zdHI6YTcyZmNmNGItMGNmMy00ZmFjLWJjZDEtODhhODcyNDllMjIz,NA,Point,,street,NA,NA,NA
1021,San Joaquin Gen Hosp,French Camp,CA,San Joaquin Gen Hospital,"San Joaquin Gen Hospital, French Camp, CA",37.885759,-121.275446,address.7502778686748274,Feature,,0.647619,East Hospital Road,"East Hospital Road, French Camp, California 95231, United States",,,,dXJuOm1ieGFkci1zdHI6NTNiY2Q4NDQtYjE5ZC00MTliLWE3MzEtODZlZTM3MDU1MjI5,NA,Point,,street,Hospital Rd,"Hospital Rd, French Camp, California 95231, United States",NA
1022,UC San Francisco-Fresno,Fresno,CA,UC San Francisco-Fresno,"UC San Francisco-Fresno, Fresno, CA",36.736079,-119.787082,place.427903212,Feature,,0.596296,Fresno,"Fresno, California, United States",,,,dXJuOm1ieHBsYzpHWUZJN0E,Q43301,Point,,NA,NA,NA,NA
1023,Glendale Adventist Med Ctr,Glendale,CA,Glendale Adventist Medical Center,"Glendale Adventist Medical Center, Glendale, CA",45.81686,-61.313819,locality.35498535,Feature,,0.611111,Glendale,"Glendale, West Bay Road, Nova Scotia, Canada",,,,dXJuOm1ieHBsYzpBaDJxSnc,Q3108730,Point,,NA,NA,NA,NA
1024,Loma Linda University,Loma Linda,CA,Loma Linda University,"Loma Linda University, Loma Linda, CA",34.052029,-117.267728,address.7117582573577968,Feature,,0.9,University Avenue,"University Avenue, Loma Linda, California 92354, United States",,,,dXJuOm1ieGFkci1zdHI6ZjQzOTczY2EtZjUxNy00NGY0LWI4ZjItMzQwMzM4MDI0MDhj,NA,Point,,street,NA,NA,NA
1025,St Mary Med Ctr-Long Beach,Long Beach,CA,St Mary Medical Center-Long Beach,"St Mary Medical Center-Long Beach, Long Beach, CA",38.460716,-76.468575,locality.326544108,Feature,,0.611111,Long Beach,"Long Beach, Maryland, United States",,,,dXJuOm1ieHBsYzpFM2FxN0E,Q6672256,Point,,NA,NA,NA,NA
1027,Long Beach Mem Med Ctr,Long Beach,CA,Long Beach Mem Medical Center,"Long Beach Mem Medical Center, Long Beach, CA",33.86008,-118.18494,neighborhood.446827756,Feature,,0.644444,North Long Beach,"North Long Beach, Long Beach, California, United States",,,,dXJuOm1ieHBsYzpHcUlNN0E,NA,Point,,NA,NA,NA,NA
1028,Meharry/Metro General Hosp,Nashville,TN,Meharry/Metro General Hospital,"Meharry/Metro General Hospital, Nashville, TN",13.081781,80.276353,address.8353680844068506,Feature,,0.618519,General Hospital Road,"General Hospital Road, NGO Annexe, 600003, George Town, Chennai, Chennai, Tamil Nadu, India",,,,NA,NA,Point,,street,NA,NA,NA
1030,Cedars-Sinai Med Ctr,Los Angeles,CA,Cedars-Sinai Medical Center,"Cedars-Sinai Medical Center, Los Angeles, CA",34.048051,-118.254187,place.192407788,Feature,,1,Los Angeles,"Los Angeles, California, United States",,,,dXJuOm1ieHBsYzpDM2ZvN0E,Q65,Point,,NA,NA,NA,NA
1031,Childrens Hospital-LA,Los Angeles,CA,Childrens Hospital-LA,"Childrens Hospital-LA, Los Angeles, CA",34.048051,-118.254187,place.192407788,Feature,,1,Los Angeles,"Los Angeles, California, United States",,,,dXJuOm1ieHBsYzpDM2ZvN0E,Q65,Point,,NA,NA,NA,NA
1032,Mayo Clinic School of Grad Med Educ,Jacksonville,FL,Mayo Clinic School of Grad Medical Educ,"Mayo Clinic School of Grad Medical Educ, Jacksonville, FL",30.326472,-81.65535,place.529320172,Feature,,1,Jacksonville,"Jacksonville, Florida, United States",,,,dXJuOm1ieHBsYzpINHpJN0E,Q16568,Point,,NA,NA,NA,NA
1033,U Southern California,Los Angeles,CA,University of Southern California,"University of Southern California, Los Angeles, CA",34.062614,-118.36941,neighborhood.93981932,Feature,,0.706931,Carthay Circle,"Carthay Circle, Los Angeles, California, United States",,,,dXJuOm1ieHBsYzpCWm9NN0E,NA,Point,,NA,NA,NA,NA
1039,VA Greater LA Hlth Sys,Los Angeles,CA,VA Greater LA Hlth System,"VA Greater LA Hlth System, Los Angeles, CA",41.73347,-4.647466,place.11757638,Feature,,0.471481,Cabezón de Pisuerga,"Cabezón de Pisuerga, Valladolid, Spain",,,,dXJuOm1ieHBsYzpzMmhH,Q1650608,Point,,NA,NA,NA,NA
1040,White Mem Med Ctr-LA,Los Angeles,CA,White Mem Medical Center-LA,"White Mem Medical Center-LA, Los Angeles, CA",34.048051,-118.254187,place.192407788,Feature,,1,Los Angeles,"Los Angeles, California, United States",,,,dXJuOm1ieHBsYzpDM2ZvN0E,Q65,Point,,NA,NA,NA,NA
1041,Alameda CO Med Ctr,Oakland,CA,Alameda CO Medical Center,"Alameda CO Medical Center, Oakland, CA",37.757244,-122.161964,neighborhood.95816940,Feature,,0.586296,Castlemont,"Castlemont, Oakland, California, United States",,,,dXJuOm1ieHBsYzpCYllNN0E,NA,Point,,NA,NA,NA,NA
1042,Kaiser Permanente-Oakland,Oakland,CA,Kaiser Permanente-Oakland,"Kaiser Permanente-Oakland, Oakland, CA",37.81086,-122.29174,neighborhood.783338732,Feature,,0.637778,West Oakland,"West Oakland, Oakland, California, United States",,,,dXJuOm1ieHBsYzpMckRNN0E,Q7986100,Point,,NA,NA,NA,NA
1043,UC Irvine Med Ctr,Orange,CA,UC Irvine Medical Center,"UC Irvine Medical Center, Orange, CA",33.78788,-117.852422,place.245278956,Feature,,1,Orange,"Orange, California, United States",,,,dXJuOm1ieHBsYzpEcDZvN0E,Q491350,Point,,NA,NA,NA,NA
1044,Huntington Memorial Hosp,Pasadena,CA,Huntington Memorial Hospital,"Huntington Memorial Hospital, Pasadena, CA",36.73593,-119.75117,neighborhood.308317420,Feature,,0.640741,Huntington,"Huntington, Fresno, California, United States",,,,dXJuOm1ieHBsYzpFbUNNN0E,NA,Point,,NA,NA,NA,NA
1046,UC Davis Med Ctr,Sacramento,CA,UC Davis Medical Center,"UC Davis Medical Center, Sacramento, CA",38.581021,-121.493933,place.287549676,Feature,,1,Sacramento,"Sacramento, California, United States",,,,dXJuOm1ieHBsYzpFU09vN0E,Q18013,Point,,NA,NA,NA,NA
1047,Arrowhead Reg Med Ctr,Colton,CA,Arrowhead Reg Medical Center,"Arrowhead Reg Medical Center, Colton, CA",34.147728,-117.28741,neighborhood.17468652,Feature,,0.532407,Arrowhead,"Arrowhead, San Bernardino, California, United States",,,,dXJuOm1ieHBsYzpBUXFNN0E,NA,Point,,NA,NA,NA,NA
1048,Scripps Mercy Hosp-San Diego,San Diego,CA,Scripps Mercy Hospital-San Diego,"Scripps Mercy Hospital-San Diego, San Diego, CA",32.713623,-117.16016,place.291711212,Feature,,0.644444,San Diego,"San Diego, California, United States",,,,dXJuOm1ieHBsYzpFV01vN0E,Q16552,Point,,NA,NA,NA,NA
1049,UC San Diego Med Ctr,San Diego,CA,UC San Diego Medical Center,"UC San Diego Medical Center, San Diego, CA",32.713623,-117.16016,place.291711212,Feature,,1,San Diego,"San Diego, California, United States",,,,dXJuOm1ieHBsYzpFV01vN0E,Q16552,Point,,NA,NA,NA,NA
1057,St Marys Medical Ctr-SF,San Francisco,CA,St Marys Medical Center-SF,"St Marys Medical Center-SF, San Francisco, CA",37.734543,-122.423935,neighborhood.617917676,Feature,,0.716239,St. Mary's Park,"St. Mary's Park, San Francisco, California, United States",,,,dXJuOm1ieHBsYzpKTlNzN0E,NA,Point,,NA,NA,"St. Mary's Park, SF, California, United States",NA
1061,CA Pacific Med Center,San Francisco,CA,CA Pacific Medical Center,"CA Pacific Medical Center, San Francisco, CA",37.722675,-122.44491,neighborhood.97185004,Feature,,0.651376,Cayuga Terrace,"Cayuga Terrace, San Francisco, California, United States",,,,dXJuOm1ieHBsYzpCY3JzN0E,NA,Point,,NA,NA,NA,NA
1062,UC San Francisco,San Francisco,CA,UC San Francisco,"UC San Francisco, San Francisco, CA",37.779238,-122.419359,place.292358380,Feature,,1,San Francisco,"San Francisco, California, United States",,,,dXJuOm1ieHBsYzpFVzBJN0E,Q62,Point,,NA,NA,NA,NA
1063,Santa Clara Valley Med Ctr,San Jose,CA,Santa Clara Valley Medical Center,"Santa Clara Valley Medical Center, San Jose, CA",37.257057,-121.931335,locality.80874220,Feature,,0.634444,Cambrian Park,"Cambrian Park, California, United States",,,,dXJuOm1ieHBsYzpCTklLN0E,Q1911837,Point,,NA,NA,NA,NA
1064,Santa Barbara Cottage Hosp,Santa Barbara,CA,Santa Barbara Cottage Hospital,"Santa Barbara Cottage Hospital, Santa Barbara, CA",34.423349,-119.70343,place.293079276,Feature,,1,Santa Barbara,"Santa Barbara, California, United States",,,,dXJuOm1ieHBsYzpFWGdJN0E,Q159288,Point,,NA,NA,NA,NA
1065,Sutter Med Ctr of Santa Rosa,Santa Rosa,CA,Sutter Medical Center of Santa Rosa,"Sutter Medical Center of Santa Rosa, Santa Rosa, CA",38.439666,-122.713437,place.293398764,Feature,,1,Santa Rosa,"Santa Rosa, California, United States",,,,dXJuOm1ieHBsYzpFWHpvN0E,Q212991,Point,,NA,NA,NA,NA
1067,Harbor-UCLA Med Ctr,Torrance,CA,Harbor-UCLA Medical Center,"Harbor-UCLA Medical Center, Torrance, CA",33.83717,-118.34134,place.329132268,Feature,,1,Torrance,"Torrance, California, United States",,,,dXJuOm1ieHBsYzpFNTRvN0E,Q489197,Point,,NA,NA,NA,NA
1068,Ventura County Med Ctr,Ventura,CA,Ventura County Medical Center,"Ventura County Medical Center, Ventura, CA",34.279537,-119.293106,neighborhood.82595052,Feature,,0.702963,Cal,"Cal, Ventura, California, United States",,,,dXJuOm1ieHBsYzpCT3hNN0E,NA,Point,,NA,NA,NA,NA
1069,Ventura County Med Ctr,Ventura,CA,Ventura County Medical Center,"Ventura County Medical Center, Ventura, CA",34.279537,-119.293106,neighborhood.82595052,Feature,,0.702963,Cal,"Cal, Ventura, California, United States",,,,dXJuOm1ieHBsYzpCT3hNN0E,NA,Point,,NA,NA,NA,NA
1070,Childrens National Med Ctr,Washington,DC,Childrens National Medical Center,"Childrens National Medical Center, Washington, DC",38.90253,-77.039386,place.345549036,Feature,,1,Washington,"Washington, District of Columbia, United States",,,,dXJuOm1ieHBsYzpGSmlvN0E,Q61,Point,,NA,NA,"Washington, DC, United States",NA
1073,Kaiser Permanente-Orange Co,Santa Ana,CA,Kaiser Permanente-Orange Co,"Kaiser Permanente-Orange Co, Santa Ana, CA",33.748873,-117.869722,place.293054700,Feature,,1,Santa Ana,"Santa Ana, California, United States",,,,dXJuOm1ieHBsYzpFWGVvN0E,Q49244,Point,,NA,NA,NA,NA
1074,Exempla St Joseph Hosp,Denver,CO,Exempla St Joseph Hospital,"Exempla St Joseph Hospital, Denver, CO",39.741681,-104.986109,place.84625644,Feature,,1,Denver,"Denver, Colorado, United States",,,,dXJuOm1ieHBsYzpCUXRJN0E,Q16554,Point,,NA,NA,NA,NA
1076,U Colorado SOM-Denver,Aurora,CO,University of Colorado SOM-Denver,"University of Colorado SOM-Denver, Aurora, CO",39.740328,-104.830668,place.14829804,Feature,,1,Aurora,"Aurora, Colorado, United States",,,,dXJuOm1ieHBsYzo0a2pz,Q49246,Point,,NA,NA,NA,NA
1077,Denver Health Med Ctr,Denver,CO,Denver Health Medical Center,"Denver Health Medical Center, Denver, CO",39.741681,-104.986109,place.84625644,Feature,,1,Denver,"Denver, Colorado, United States",,,,dXJuOm1ieHBsYzpCUXRJN0E,Q16554,Point,,NA,NA,NA,NA
1079,Bridgeport Hospital,Bridgeport,CT,Bridgeport Hospital,"Bridgeport Hospital, Bridgeport, CT",41.20549,-73.17898,neighborhood.440618220,Feature,,0.7,North Bridgeport,"North Bridgeport, Bridgeport, Connecticut, United States",,,,dXJuOm1ieHBsYzpHa05NN0E,NA,Point,,NA,NA,NA,NA
1080,St Vincents Med Ctr,Bridgeport,CT,St Vincents Medical Center,"St Vincents Medical Center, Bridgeport, CT",41.191494,-73.20385,neighborhood.71552236,Feature,,0.699916,Brooklawn,"Brooklawn, Bridgeport, Connecticut, United States",,,,dXJuOm1ieHBsYzpCRVBNN0E,NA,Point,,NA,St. Vincent,"St. Vincent, Bridgeport, Connecticut, United States",NA
1081,Danbury Hospital,Danbury,CT,Danbury Hospital,"Danbury Hospital, Danbury, CT",41.407053,-73.44359,address.2666458196872612,Feature,,0.7,Hospital Avenue,"Hospital Avenue, Danbury, Connecticut 06810, United States",,,,dXJuOm1ieGFkci1zdHI6MGRkMDgxNzEtN2M5MC00ODg2LThkN2MtNmM4ZjQ2OGQ2YmMz,NA,Point,,street,NA,NA,NA
1082,Greenwich Hospital,Greenwich,CT,Greenwich Hospital,"Greenwich Hospital, Greenwich, CT",41.026228,-73.625896,address.152005721563082,Feature,,0.7,Greenwich Avenue,"Greenwich Avenue, Greenwich, Connecticut 06830, United States",,,,dXJuOm1ieGFkci1zdHI6NWIzN2RmYjktOTE3Yy00YjA5LWFkNzAtMzg2NzdlODM1ZDAy,NA,Point,,street,NA,NA,NA
1083,Hartford Hospital,Hartford,CT,Hartford Hospital,"Hartford Hospital, Hartford, CT",41.731777,-72.791168,address.5391222424046264,Feature,,0.775,Hospital Drive,"Hospital Drive, Farmington, Connecticut 06032, United States",,,,dXJuOm1ieGFkci1zdHI6M2FmMzY5NTUtMTAwYi00YzRjLThkYzktMzExMWZmNzU3Zjgz,NA,Point,,street,NA,NA,NA
1085,St Francis Hospital,Hartford,CT,St Francis Hospital,"St Francis Hospital, Hartford, CT",41.763816,-72.675888,place.142117100,Feature,,1,Hartford,"Hartford, Connecticut, United States",,,,dXJuOm1ieHBsYzpDSGlJN0E,Q33486,Point,,NA,NA,NA,NA
1087,Middlesex Hospital,Middletown,CT,Middlesex Hospital,"Middlesex Hospital, Middletown, CT",41.560461,-72.649751,place.211732716,Feature,,1,Middletown,"Middletown, Connecticut, United States",,,,dXJuOm1ieHBsYzpESjdJN0E,Q49192,Point,,NA,NA,NA,NA
1089,Yale-New Haven Hosp,New Haven,CT,Yale-New Haven Hospital,"Yale-New Haven Hospital, New Haven, CT",41.313087,-72.9218,neighborhood.740281580,Feature,,0.753968,Yale,"Yale, New Haven, Connecticut, United States",,,,dXJuOm1ieHBsYzpMQi9NN0E,NA,Point,,NA,NA,NA,NA
1090,Hosp of St Raphael,New Haven,CT,Hospital of St Raphael,"Hospital of St Raphael, New Haven, CT",41.306065,-72.925772,place.231065836,Feature,,1,New Haven,"New Haven, Connecticut, United States",,,,dXJuOm1ieHBsYzpEY1hJN0E,Q49145,Point,,NA,NA,NA,NA
1091,Concord Hospital,Concord,NH,Concord Hospital,"Concord Hospital, Concord, NH",35.383213,-80.587668,address.5407953074338900,Feature,,0.673333,Concord Chase Circle Southwest,"Concord Chase Circle Southwest, Concord, North Carolina 28025, United States",,,,dXJuOm1ieGFkci1zdHI6YzA2YTI1YTgtMGM2Mi00ZTliLTkxNGMtNDFkMjI2MTk2MDJi,NA,Point,,street,NA,NA,NA
1093,Norwalk Hospital,Norwalk,CT,Norwalk Hospital,"Norwalk Hospital, Norwalk, CT",41.105335,-73.39879,neighborhood.184003820,Feature,,0.7,East Norwalk,"East Norwalk, Norwalk, Connecticut, United States",,,,dXJuOm1ieHBsYzpDdmVzN0E,Q5329059,Point,,NA,NA,NA,NA
1094,U Connecticut School of Medicine,Farmington,CT,University of Connecticut School of Medicine,"University of Connecticut School of Medicine, Farmington, CT",41.719942,-72.831739,place.108652780,Feature,,1,Farmington,"Farmington, Connecticut, United States",,,,dXJuOm1ieHBsYzpCbm5vN0E,Q743287,Point,,NA,NA,NA,NA
1095,Stamford Hospital/Columbia,Stamford,CT,Stamford Hospital/Columbia,"Stamford Hospital/Columbia, Stamford, CT",41.984528,-72.28983,locality.530434796,Feature,,0.646319,Stafford,"Stafford, Connecticut, United States",,,,dXJuOm1ieHBsYzpINTNLN0E,NA,Point,,NA,NA,"Stafford, Connecticut, United States",NA
1096,St Marys Hospital,Waterbury,CT,St Marys Hospital,"St Marys Hospital, Waterbury, CT",40.510883,-84.430556,address.5338485223962358,Feature,,0.715926,Waterbury Court,"Waterbury Court, St. Marys, Ohio 45885, United States",,,,dXJuOm1ieGFkci1zdHI6NjBhZThmOTctYmJmNy00ZjI5LWIxZjItYzQ2ZjE0NWM4YmNj,NA,Point,,street,NA,NA,NA
1097,Waterbury Hospital,Waterbury,CT,Waterbury Hospital,"Waterbury Hospital, Waterbury, CT",41.516028,-72.987394,address.4686706638811616,Feature,,0.7,Waterbury Road,"Waterbury Road, Waterbury, Connecticut 06712, United States",,,,dXJuOm1ieGFkci1zdHI6Mjk5YTc4YTUtZDJkNS00ODk4LTk2NWEtZTYxNGFmN2Y0NTIy,NA,Point,,street,NA,NA,NA
1098,NYMC-New York Eye And Ear Infirmary,New York,NY,NYMC-New York Eye And Ear Infirmary,"NYMC-New York Eye And Ear Infirmary, New York, NY",40.712749,-74.005994,place.233720044,Feature,,1,New York,"New York, New York, United States",,,,dXJuOm1ieHBsYzpEZTVJN0E,Q60,Point,,NA,NA,NA,NA
1099,Christiana Care,Newark,DE,Christiana Care,"Christiana Care, Newark, DE",39.665295,-75.65999,neighborhood.114699500,Feature,,0.692,Christiana,"Christiana, Newark, Delaware, United States",,,,dXJuOm1ieHBsYzpCdFlzN0E,NA,Point,,NA,NA,NA,NA
1100,Altru Health System,Grand Forks,ND,Altru Health System,"Altru Health System, Grand Forks, ND",47.924469,-97.031592,place.130468076,Feature,,1,Grand Forks,"Grand Forks, North Dakota, United States",,,,dXJuOm1ieHBsYzpCOGJJN0E,Q34144,Point,,NA,NA,NA,NA
1101,U Florida COM-Jacksonville,Jacksonville,FL,University of Florida COM-Jacksonville,"University of Florida COM-Jacksonville, Jacksonville, FL",30.33128,-81.64249,neighborhood.182267116,Feature,,0.566667,East Jacksonville,"East Jacksonville, Jacksonville, Florida, United States",,,,dXJuOm1ieHBsYzpDdDBzN0E,NA,Point,,NA,NA,NA,NA
1102,Florida Hosp-Orlando,Orlando,FL,Florida Hospital-Orlando,"Florida Hospital-Orlando, Orlando, FL",28.54211,-81.379039,place.246171884,Feature,,1,Orlando,"Orlando, Florida, United States",,,,dXJuOm1ieHBsYzpEcXhJN0E,Q49233,Point,,NA,NA,NA,NA
1103,Marianjoy Rehab Hosp,Wheaton,IL,Marianjoy Rehab Hospital,"Marianjoy Rehab Hospital, Wheaton, IL",41.864846,-88.106622,place.355600620,Feature,,1,Wheaton,"Wheaton, Illinois, United States",,,,dXJuOm1ieHBsYzpGVElJN0E,Q575315,Point,,NA,NA,NA,NA
1104,Jackson Memorial Hosp,Miami,FL,Jackson Memorial Hospital,"Jackson Memorial Hospital, Miami, FL",25.762836,-80.311844,neighborhood.217746668,Feature,,0.640741,Flagami,"Flagami, Miami, Florida, United States",,,,dXJuOm1ieHBsYzpEUHFNN0E,Q2749961,Point,,NA,NA,NA,NA
1105,Mt Sinai Med Ctr-Miami,Miami Beach,FL,Mt Sinai Medical Center-Miami,"Mt Sinai Medical Center-Miami, Miami Beach, FL",25.784059,-80.131015,place.210839788,Feature,,1,Miami Beach,"Miami Beach, Florida, United States",,,,dXJuOm1ieHBsYzpESkVvN0E,Q201516,Point,,NA,NA,NA,NA
1107,Orlando Health,Orlando,FL,Orlando Health,"Orlando Health, Orlando, FL",28.54211,-81.379039,place.246171884,Feature,,1,Orlando,"Orlando, Florida, United States",,,,dXJuOm1ieHBsYzpEcXhJN0E,Q49233,Point,,NA,NA,NA,NA
1109,U South Florida Morsani COM,Tampa,FL,University of South Florida Morsani COM,"University of South Florida Morsani COM, Tampa, FL",27.947974,-82.457098,place.322849004,Feature,,1,Tampa,"Tampa, Florida, United States",,,,dXJuOm1ieHBsYzpFejVJN0E,Q49255,Point,,NA,NA,NA,NA
1110,Miami Childrens Hosp,Miami,FL,Miami Childrens Hospital,"Miami Childrens Hospital, Miami, FL",25.783302,-80.22966,neighborhood.402066668,Feature,,0.823111,Miami River,"Miami River, Miami, Florida, United States",,,,dXJuOm1ieHBsYzpGL2NNN0E,Q8652,Point,,NA,Miami,"Miami, Miami, Florida, United States",NA
1112,Atlanta Med Ctr,Atlanta,GA,Atlanta Medical Center,"Atlanta Medical Center, Atlanta, GA",33.76362,-84.45537,neighborhood.698182892,Feature,,0.637778,West Atlanta,"West Atlanta, Atlanta, Georgia, United States",,,,dXJuOm1ieHBsYzpLWjFzN0E,NA,Point,,NA,NA,NA,NA
1113,Emory Univ SOM,Atlanta,GA,Emory Univ SOM,"Emory Univ SOM, Atlanta, GA",33.750801,-84.389855,place.498141420,Feature,,1,Atlanta,"Atlanta, Georgia, United States",,,,dXJuOm1ieHBsYzpIYkVJN0E,Q23556,Point,,NA,NA,NA,NA
1118,Med Ctr of Columbus,Columbus,GA,Medical Center of Columbus,"Medical Center of Columbus, Columbus, GA",32.47948,-84.9758,neighborhood.398241004,Feature,,0.712963,Medical Center,"Medical Center, Columbus, Georgia, United States",,,,dXJuOm1ieHBsYzpGN3lzN0E,NA,Point,,NA,NA,NA,NA
1119,Jackson Park Hosp,Chicago,IL,Jackson Park Hospital,"Jackson Park Hospital, Chicago, IL",41.782913,-87.58651,neighborhood.318360812,Feature,,0.772222,Jackson Park,"Jackson Park, Chicago, Illinois, United States",,,,dXJuOm1ieHBsYzpFdm5NN0E,Q3157432,Point,,NA,NA,NA,NA
1120,Med Ctr Central Georgia/Mercer U SOM,Macon,GA,Medical Center Central Georgia/Mercer U SOM,"Medical Center Central Georgia/Mercer U SOM, Macon, GA",32.838003,-83.62782,place.196675820,Feature,,1,Macon,"Macon, Georgia, United States",,,,dXJuOm1ieHBsYzpDN2tJN0E,Q219656,Point,,NA,NA,NA,NA
1121,MacNeal Hospital,Berwyn,IL,MacNeal Hospital,"MacNeal Hospital, Berwyn, IL",41.850568,-87.793337,place.26601708,Feature,,1,Berwyn,"Berwyn, Illinois, United States",,,,dXJuOm1ieHBsYzpBWlhvN0E,Q578072,Point,,NA,NA,NA,NA
1127,Cook County Health and Hosps Sys,Chicago,IL,Cook County Health and Hosps System,"Cook County Health and Hosps System, Chicago, IL",41.881953,-87.632362,place.508094700,Feature,,1,Chicago,"Chicago, Illinois, United States",,,,dXJuOm1ieHBsYzpIa2pvN0E,Q1297,Point,,NA,NA,NA,NA
1131,Advocate Christ Med Ctr,Oak Lawn,IL,Advocate Christ Medical Center,"Advocate Christ Medical Center, Oak Lawn, IL",41.71159,-87.758126,place.240609516,Feature,,1,Oak Lawn,"Oak Lawn, Illinois, United States",,,,dXJuOm1ieHBsYzpEbGRvN0E,Q1007947,Point,,NA,NA,NA,NA
1132,Westlake Hospital,Melrose Park,IL,Westlake Hospital,"Westlake Hospital, Melrose Park, IL",41.893404,-87.856606,place.208521452,Feature,,1,Melrose Park,"Melrose Park, Illinois, United States",,,,dXJuOm1ieHBsYzpERzNJN0E,Q1020714,Point,,NA,NA,NA,NA
1135,Sutter Health,Sacramento,CA,Sutter Health,"Sutter Health, Sacramento, CA",38.468923,-121.430738,address.6877728268918424,Feature,,0.822222,Heath Way,"Heath Way, Sacramento, California 95823, United States",,,,dXJuOm1ieGFkci1zdHI6ODhjNDYzZTUtMjZmYS00NWQ5LTg1ZWMtYzFkMThkYWFjZjVk,NA,Point,,street,NA,NA,NA
1137,Advocate IL Masonic Med Ctr,Chicago,IL,Advocate IL Masonic Medical Center,"Advocate IL Masonic Medical Center, Chicago, IL",41.881953,-87.632362,place.508094700,Feature,,1,Chicago,"Chicago, Illinois, United States",,,,dXJuOm1ieHBsYzpIa2pvN0E,Q1297,Point,,NA,NA,NA,NA
1139,Baton Rouge Gen Med Ctr,Baton Rouge,LA,Baton Rouge Gen Medical Center,"Baton Rouge Gen Medical Center, Baton Rouge, LA",30.475288,-91.11605,neighborhood.440028396,Feature,,0.654444,North Baton Rouge,"North Baton Rouge, Baton Rouge, Louisiana, United States",,,,dXJuOm1ieHBsYzpHanBNN0E,NA,Point,,NA,NA,NA,NA
1140,Methodist Hosp-Sacramento,Sacramento,CA,Methodist Hospital-Sacramento,"Methodist Hospital-Sacramento, Sacramento, CA",38.464241,-121.415597,address.6006766106906148,Feature,,0.794074,Hospital Drive,"Hospital Drive, Sacramento, California 95823, United States",,,,dXJuOm1ieGFkci1zdHI6MjUxMWY0ZDctNGE0NS00NmFiLTk3MGUtZGMwYmNlYTg1MTMz,NA,Point,,street,NA,NA,NA
1141,Mercy Hosp & Med Ctr,Chicago,IL,Mercy Hospital & Medical Center,"Mercy Hospital & Medical Center, Chicago, IL",41.881953,-87.632362,place.508094700,Feature,,1,Chicago,"Chicago, Illinois, United States",,,,dXJuOm1ieHBsYzpIa2pvN0E,Q1297,Point,,NA,NA,NA,NA
1143,Fam Med SW Washington,Vancouver,WA,Fam Medical SW Washington,"Fam Medical SW Washington, Vancouver, WA",45.67876,-122.61438,neighborhood.686886124,Feature,,0.628889,Walnut Grove,"Walnut Grove, Vancouver, Washington, United States",,,,dXJuOm1ieHBsYzpLUEVNN0E,NA,Point,,NA,NA,NA,NA
1144,Mt Sinai Hosp Med Ctr,Chicago,IL,Mt Sinai Hospital Medical Center,"Mt Sinai Hospital Medical Center, Chicago, IL",41.881953,-87.632362,place.508094700,Feature,,1,Chicago,"Chicago, Illinois, United States",,,,dXJuOm1ieHBsYzpIa2pvN0E,Q1297,Point,,NA,NA,NA,NA
1147,Rush University Med Ctr,Chicago,IL,Rush University Medical Center,"Rush University Medical Center, Chicago, IL",41.881953,-87.632362,place.508094700,Feature,,1,Chicago,"Chicago, Illinois, United States",,,,dXJuOm1ieHBsYzpIa2pvN0E,Q1297,Point,,NA,NA,NA,NA
1150,U Illinois COM,Chicago,IL,University of Illinois COM,"University of Illinois COM, Chicago, IL",41.881953,-87.632362,place.508094700,Feature,,1,Chicago,"Chicago, Illinois, United States",,,,dXJuOm1ieHBsYzpIa2pvN0E,Q1297,Point,,NA,NA,NA,NA
1159,Swedish Covenant Hosp,Chicago,IL,Swedish Covenant Hospital,"Swedish Covenant Hospital, Chicago, IL",41.881953,-87.632362,place.508094700,Feature,,1,Chicago,"Chicago, Illinois, United States",,,,dXJuOm1ieHBsYzpIa2pvN0E,Q1297,Point,,NA,NA,NA,NA
1160,Univ of Chicago Med Ctr,Chicago,IL,Univ of Chicago Medical Center,"Univ of Chicago Medical Center, Chicago, IL",41.881953,-87.632362,place.508094700,Feature,,1,Chicago,"Chicago, Illinois, United States",,,,dXJuOm1ieHBsYzpIa2pvN0E,Q1297,Point,,NA,NA,NA,NA
1167,Methodist Hospital-Houston,Houston,TX,Methodist Hospital-Houston,"Methodist Hospital-Houston, Houston, TX",29.871477,-95.536495,address.200334613473688,Feature,,0.683333,Houston Street,"Houston Street, Houston, Texas 77040, United States",,,,dXJuOm1ieGFkci1zdHI6MjRkNzU3OGQtZTFlYy00ZWM3LTlhMDEtZTA2OWE2M2YwMGM0,NA,Point,,street,Houston,"Houston, Houston, Texas 77040, United States",NA
1168,Presence Saint Francis Hospital,Evanston,IL,Presence Saint Francis Hospital,"Presence Saint Francis Hospital, Evanston, IL",42.046792,-87.681841,place.105425132,Feature,,1,Evanston,"Evanston, Illinois, United States",,,,dXJuOm1ieHBsYzpCa2lvN0E,Q462799,Point,,NA,NA,NA,NA
1170,Loyola Univ Med Ctr,Maywood,IL,Loyola Univ Medical Center,"Loyola Univ Medical Center, Maywood, IL",41.888038,-87.839234,place.205482220,Feature,,1,Maywood,"Maywood, Illinois, United States",,,,dXJuOm1ieHBsYzpERDlvN0E,Q165247,Point,,NA,NA,NA,NA
1172,VA Medical Ctr-Boise,Boise,ID,VA Medical Center-Boise,"VA Medical Center-Boise, Boise, ID",43.615045,-116.202327,place.32475372,Feature,,1,Boise,"Boise, Idaho, United States",,,,dXJuOm1ieHBsYzpBZStJN0E,Q35775,Point,,NA,NA,NA,NA
1173,West Suburban Med Ctr,Oak Park,IL,West Suburban Medical Center,"West Suburban Medical Center, Oak Park, IL",41.888425,-87.787957,place.240789740,Feature,,1,Oak Park,"Oak Park, Illinois, United States",,,,dXJuOm1ieHBsYzpEbG9vN0E,Q331397,Point,,NA,NA,NA,NA
1175,U Illinois COMÐPeoria OSF,Peoria,IL,University of Illinois COMÐPeoria OSF,"University of Illinois COMÐPeoria OSF, Peoria, IL",40.691812,-89.589548,place.255863020,Feature,,1,Peoria,"Peoria, Illinois, United States",,,,dXJuOm1ieHBsYzpEMEFvN0E,Q233129,Point,,NA,NA,NA,NA
1176,Advocate Lutheran Gen Hosp,Park Ridge,IL,Advocate Lutheran Gen Hospital,"Advocate Lutheran Gen Hospital, Park Ridge, IL",42.009798,-87.830647,place.252119276,Feature,,1,Park Ridge,"Park Ridge, Illinois, United States",,,,dXJuOm1ieHBsYzpEd2NJN0E,Q576273,Point,,NA,NA,NA,NA
1177,Rapid City Reg Hosp,Rapid City,SD,Rapid City Reg Hospital,"Rapid City Reg Hospital, Rapid City, SD",44.788047,-85.277661,address.4415889678482812,Feature,,0.663382,Rapid City Road Northwest,"Rapid City Road Northwest, Rapid City, Michigan 49676, United States",,,,dXJuOm1ieGFkci1zdHI6YTU0MGFiZTUtMjY3Yy00Yjk1LTlkOTEtZDk0OTM3ZWE3NWNj,NA,Point,,street,NA,NA,NA
1178,Ft Wayne Med Ed Prog,Fort Wayne,IN,Ft Wayne Medical Ed Prog,"Ft Wayne Medical Ed Prog, Fort Wayne, IN",41.17822,-85.13722,neighborhood.452291820,Feature,,0.644444,Northwest Fort Wayne,"Northwest Fort Wayne, Fort Wayne, Indiana, United States",,,,dXJuOm1ieHBsYzpHdlZzN0E,NA,Point,,NA,NA,NA,NA
1180,Harvard Med School / Mass Eye and Ear,Boston,MA,Harvard Medical School / Mass Eye and Ear,"Harvard Medical School / Mass Eye and Ear, Boston, MA",42.35888,-71.056804,place.33908972,Feature,,1,Boston,"Boston, Massachusetts, United States",,,,dXJuOm1ieHBsYzpBZ1ZvN0E,Q100,Point,,NA,NA,NA,NA
1183,City of Hope,Duarte,CA,City of Hope,"City of Hope, Duarte, CA",33.65193,-117.7324,address.3507137526231598,Feature,,0.818519,City of Hope,"City of Hope, Irvine, California 92618, United States",,,,dXJuOm1ieGFkci1zdHI6ZWEyYjFhYmItYjFjOC00NGJmLThhM2UtNTI0OGZhZDllM2Qw,NA,Point,,street,NA,NA,NA
1184,Griffin Memorial Hospital,Norman,OK,Griffin Memorial Hospital,"Griffin Memorial Hospital, Norman, OK",35.221527,-97.441888,place.235235564,Feature,,1,Norman,"Norman, Oklahoma, United States",,,,dXJuOm1ieHBsYzpEZ1ZvN0E,Q40347,Point,,NA,NA,NA,NA
1187,Indiana University SOM,Indianapolis,IN,Indiana University SOM,"Indiana University SOM, Indianapolis, IN",39.768602,-86.16166,place.158779628,Feature,,1,Indianapolis,"Indianapolis, Indiana, United States",,,,dXJuOm1ieHBsYzpDWGJJN0E,Q6346,Point,,NA,NA,NA,NA
1189,St Vincent Hosp Ctr,Indianapolis,IN,St Vincent Hospital Center,"St Vincent Hospital Center, Indianapolis, IN",39.912167,-86.183876,neighborhood.623496428,Feature,,0.712963,St. Vincent,"St. Vincent, Indianapolis, Indiana, United States",,,,dXJuOm1ieHBsYzpKU25NN0E,NA,Point,,NA,NA,NA,NA
1192,Indiana Univ Health Ball Memorial Hosp,Muncie,IN,Indiana Univ Health Ball Memorial Hospital,"Indiana Univ Health Ball Memorial Hospital, Muncie, IN",40.193697,-85.387658,place.224848108,Feature,,1,Muncie,"Muncie, Indiana, United States",,,,dXJuOm1ieHBsYzpEV2JvN0E,Q932981,Point,,NA,NA,NA,NA
1193,Memorial Hospital,South Bend,IN,Memorial Hospital,"Memorial Hospital, South Bend, IN",41.676373,-86.251986,place.307513580,Feature,,1,South Bend,"South Bend, Indiana, United States",,,,dXJuOm1ieHBsYzpFbFJJN0E,Q486877,Point,,NA,NA,NA,NA
1194,St Josephs Reg Med Ctr,Mishawaka,IN,St Josephs Reg Medical Center,"St Josephs Reg Medical Center, Mishawaka, IN",38.066227,-87.64701,locality.681806572,Feature,,0.545238,Saint Joseph,"Saint Joseph, Indiana, United States",,,,dXJuOm1ieHBsYzpLS09LN0E,Q7401537,Point,,NA,NA,NA,NA
1196,Cedar Rapids Med Ed Fdn,Cedar Rapids,IA,Cedar Rapids Medical Ed Fdn,"Cedar Rapids Medical Ed Fdn, Cedar Rapids, IA",41.977647,-91.665826,place.54315244,Feature,,1,Cedar Rapids,"Cedar Rapids, Iowa, United States",,,,dXJuOm1ieHBsYzpBenpJN0E,Q486439,Point,,NA,NA,NA,NA
1199,Broadlawns Med Ctr,Des Moines,IA,Broadlawns Medical Center,"Broadlawns Medical Center, Des Moines, IA",41.584997,-93.624273,place.85281004,Feature,,1,Des Moines,"Des Moines, Iowa, United States",,,,dXJuOm1ieHBsYzpCUlZJN0E,Q39709,Point,,NA,NA,NA,NA
1201,Central Iowa Health System,Des Moines,IA,Central Iowa Health System,"Central Iowa Health System, Des Moines, IA",41.584997,-93.624273,place.85281004,Feature,,1,Des Moines,"Des Moines, Iowa, United States",,,,dXJuOm1ieHBsYzpCUlZJN0E,Q39709,Point,,NA,NA,NA,NA
1203,U Iowa Hosps and Clinics,Iowa City,IA,University of Iowa Hosps and Clinics,"University of Iowa Hosps and Clinics, Iowa City, IA",41.659076,-91.533128,place.160139500,Feature,,1,Iowa City,"Iowa City, Iowa, United States",,,,dXJuOm1ieHBsYzpDWXVJN0E,Q487977,Point,,NA,NA,NA,NA
1208,U Kansas SOM-Kansas City,Kansas City,KS,University of Kansas SOM-Kansas City,"University of Kansas SOM-Kansas City, Kansas City, KS",39.113629,-94.626816,place.167102700,Feature,,1,Kansas City,"Kansas City, Kansas, United States",,,,dXJuOm1ieHBsYzpDZlhJN0E,Q486472,Point,,NA,NA,NA,NA
1213,St Elizabeth Med Ctr,Edgewood,KY,St Elizabeth Medical Center,"St Elizabeth Medical Center, Edgewood, KY",39.018345,-84.574697,place.96938220,Feature,,1,Edgewood,"Edgewood, Kentucky, United States",,,,dXJuOm1ieHBsYzpCY2NvN0E,NA,Point,,NA,NA,NA,NA
1214,Memorial Medical Ctr,Las Cruces,NM,Memorial Medical Center,"Memorial Medical Center, Las Cruces, NM",32.310449,-106.778821,place.444655852,Feature,,1,Las Cruces,"Las Cruces, New Mexico, United States",,,,dXJuOm1ieHBsYzpHb0RvN0E,Q33264,Point,,NA,NA,NA,NA
1215,Utah Valley Reg Med Ctr,Provo,UT,Utah Valley Reg Medical Center,"Utah Valley Reg Medical Center, Provo, UT",40.233788,-111.658815,place.269117676,Feature,,1,Provo,"Provo, Utah, United States",,,,dXJuOm1ieHBsYzpFQXBvN0E,Q23443,Point,,NA,NA,NA,NA
1216,Montana Family Medicine,Billings,MT,Montana Family Medicine,"Montana Family Medicine, Billings, MT",45.783531,-108.505384,place.28330220,Feature,,1,Billings,"Billings, Montana, United States",,,,dXJuOm1ieHBsYzpBYkJJN0E,Q166304,Point,,NA,NA,NA,NA
1217,U Louisville SOM,Louisville,KY,University of Louisville SOM,"University of Louisville SOM, Louisville, KY",38.21929,-85.76141,neighborhood.667823340,Feature,,0.777778,University,"University, Louisville, Kentucky, United States",,,,dXJuOm1ieHBsYzpKODRzN0E,NA,Point,,NA,NA,NA,NA
1218,North Mississippi Med Ctr,Tupelo,MS,North Mississippi Medical Center,"North Mississippi Medical Center, Tupelo, MS",34.257493,-88.703373,place.332204268,Feature,,1,Tupelo,"Tupelo, Mississippi, United States",,,,dXJuOm1ieHBsYzpFODBJN0E,Q667727,Point,,NA,NA,NA,NA
1221,LSU SOM-Baton Rouge,Baton Rouge,LA,LSU SOM-Baton Rouge,"LSU SOM-Baton Rouge, Baton Rouge, LA",30.475288,-91.11605,neighborhood.440028396,Feature,,0.690952,North Baton Rouge,"North Baton Rouge, Baton Rouge, Louisiana, United States",,,,dXJuOm1ieHBsYzpHanBNN0E,NA,Point,,NA,NA,NA,NA
1223,Baylor Med Ctr-Garland,Garland,TX,Baylor Medical Center-Garland,"Baylor Medical Center-Garland, Garland, TX",32.912671,-96.636494,place.121866476,Feature,,1,Garland,"Garland, Texas, United States",,,,dXJuOm1ieHBsYzpCME9JN0E,Q49274,Point,,NA,NA,NA,NA
1224,LSU SOM-New Orleans,New Orleans,LA,LSU SOM-New Orleans,"LSU SOM-New Orleans, New Orleans, LA",30.005453,-90.06801,address.6960811678707826,Feature,,0.775926,New Orleans Street,"New Orleans Street, New Orleans, Louisiana 70122, United States",,,,dXJuOm1ieGFkci1zdHI6ZDVhMTRmYmEtNGJmNy00NDljLWE4NzQtNDVjODE5ZGVkZTVl,NA,Point,,street,NA,NA,NA
1225,University Hospital & Clinics,Lafayette,LA,University Hospital & Clinics,"University Hospital & Clinics, Lafayette, LA",30.216614,-92.018092,address.7829926420546238,Feature,,0.637778,University Circle,"University Circle, Lafayette, Louisiana 70503, United States",,,,NA,NA,Point,,street,NA,NA,NA
1226,Carle Foundation Hosp,Urbana,IL,Carle Foundation Hospital,"Carle Foundation Hospital, Urbana, IL",40.112444000000004,-88.207412,place.335530220,Feature,,1,Urbana,"Urbana, Illinois, United States",,,,dXJuOm1ieHBsYzpFLy9JN0E,Q462184,Point,,NA,NA,NA,NA
1231,CMC-Northeast Med Ctr/Cabarrus,Concord,NC,CMC-Northeast Medical Center/Cabarrus,"CMC-Northeast Medical Center/Cabarrus, Concord, NC",36.446117,-79.066444,locality.638085868,Feature,,0.497355,Concord,"Concord, North Carolina, United States",,,,dXJuOm1ieHBsYzpKZ2hxN0E,NA,Point,,NA,NA,NA,NA
1232,LSUHSC Shreveport,Shreveport,LA,LSUHSC Shreveport,"LSUHSC Shreveport, Shreveport, LA",32.51285,-93.749695,neighborhood.584183020,Feature,,0.786296,Shreveport Commercial Historic District,"Shreveport Commercial Historic District, Shreveport, Louisiana, United States",,,,dXJuOm1ieHBsYzpJdEhzN0E,Q80517,Point,,NA,Shreveport,"Shreveport, Shreveport, Louisiana, United States",NA
1235,Valley Baptist Med Ctr,Harlingen,TX,Valley Baptist Medical Center,"Valley Baptist Medical Center, Harlingen, TX",26.190669,-97.696114,place.140765420,Feature,,1,Harlingen,"Harlingen, Texas, United States",,,,dXJuOm1ieHBsYzpDR1BvN0E,Q868869,Point,,NA,NA,NA,NA
1236,Maine Med Ctr,Portland,ME,Maine Medical Center,"Maine Medical Center, Portland, ME",43.63499,-70.2461,neighborhood.398486764,Feature,,0.71963,Meetinghouse Hill,"Meetinghouse Hill, Portland, Maine, United States",,,,dXJuOm1ieHBsYzpGOEJzN0E,NA,Point,,NA,NA,NA,NA
1237,Johns Hopkins/Bayview,Baltimore,MD,Johns Hopkins/Bayview,"Johns Hopkins/Bayview, Baltimore, MD",39.28998,-76.549706,neighborhood.303787244,Feature,,0.782222,Hopkins Bayview,"Hopkins Bayview, Baltimore, Maryland, United States",,,,dXJuOm1ieHBsYzpFaHRzN0E,NA,Point,,NA,NA,NA,NA
1240,MedStar Franklin Square Med Ctr,Baltimore,MD,MedStar Franklin Square Medical Center,"MedStar Franklin Square Medical Center, Baltimore, MD",39.28836,-76.64237,neighborhood.231288044,Feature,,0.680635,Franklin Square,"Franklin Square, Baltimore, Maryland, United States",,,,dXJuOm1ieHBsYzpEY2tzN0E,Q49491538,Point,,NA,NA,NA,NA
1241,Greater Baltimore Med Ctr,Baltimore,MD,Greater Baltimore Medical Center,"Greater Baltimore Medical Center, Baltimore, MD",39.289643,-76.612299,place.17508588,Feature,,1,Baltimore,"Baltimore, Maryland, United States",,,,dXJuOm1ieHBsYzpBUXNvN0E,Q5092,Point,,NA,NA,NA,NA
1242,Johns Hopkins Hosp,Baltimore,MD,Johns Hopkins Hospital,"Johns Hopkins Hospital, Baltimore, MD",39.023974,-76.668506,address.6054346599781830,Feature,,0.590444,Johns Hopkins Road,"Johns Hopkins Road, Gambrills, Maryland 21054, United States",,,,dXJuOm1ieGFkci1zdHI6Zjc2YzM3YmYtMzgxOC00MmY5LWJjODgtMjE5YzEzNGNhYWY3,NA,Point,,street,NA,NA,NA
1244,U Maryland Med Ctr Midtown Campus,Baltimore,MD,University of Maryland Medical Center Midtown Campus,"University of Maryland Medical Center Midtown Campus, Baltimore, MD",39.289643,-76.612299,place.17508588,Feature,,1,Baltimore,"Baltimore, Maryland, United States",,,,dXJuOm1ieHBsYzpBUXNvN0E,Q5092,Point,,NA,NA,NA,NA
1245,U Maryland-Mercy Med Ctr,Baltimore,MD,University of Maryland-Mercy Medical Center,"University of Maryland-Mercy Medical Center, Baltimore, MD",39.289643,-76.612299,place.17508588,Feature,,1,Baltimore,"Baltimore, Maryland, United States",,,,dXJuOm1ieHBsYzpBUXNvN0E,Q5092,Point,,NA,NA,NA,NA
1247,St Agnes Hospital,Baltimore,MD,St Agnes Hospital,"St Agnes Hospital, Baltimore, MD",39.272713,-76.67481,neighborhood.559811820,Feature,,0.911111,Saint Agnes,"Saint Agnes, Baltimore, Maryland, United States",,,,dXJuOm1ieHBsYzpJVjRNN0E,Q7400878,Point,,NA,NA,NA,NA
1249,Sinai Hospital of Baltimore,Baltimore,MD,Sinai Hospital of Baltimore,"Sinai Hospital of Baltimore, Baltimore, MD",39.289643,-76.612299,place.17508588,Feature,,1,Baltimore,"Baltimore, Maryland, United States",,,,dXJuOm1ieHBsYzpBUXNvN0E,Q5092,Point,,NA,NA,NA,NA
1250,Harbor Hospital Ctr,Baltimore,MD,Harbor Hospital Center,"Harbor Hospital Center, Baltimore, MD",39.289643,-76.612299,place.17508588,Feature,,1,Baltimore,"Baltimore, Maryland, United States",,,,dXJuOm1ieHBsYzpBUXNvN0E,Q5092,Point,,NA,NA,NA,NA
1251,MedStar Union Memorial Hosp,Baltimore,MD,MedStar Union Memorial Hospital,"MedStar Union Memorial Hospital, Baltimore, MD",39.289643,-76.612299,place.17508588,Feature,,1,Baltimore,"Baltimore, Maryland, United States",,,,dXJuOm1ieHBsYzpBUXNvN0E,Q5092,Point,,NA,NA,NA,NA
1252,U Maryland Med Ctr,Baltimore,MD,University of Maryland Medical Center,"University of Maryland Medical Center, Baltimore, MD",39.289643,-76.612299,place.17508588,Feature,,1,Baltimore,"Baltimore, Maryland, United States",,,,dXJuOm1ieHBsYzpBUXNvN0E,Q5092,Point,,NA,NA,NA,NA
1256,B I Deaconess Med Ctr,Boston,MA,B I Deaconess Medical Center,"B I Deaconess Medical Center, Boston, MA",42.35888,-71.056804,place.33908972,Feature,,1,Boston,"Boston, Massachusetts, United States",,,,dXJuOm1ieHBsYzpBZ1ZvN0E,Q100,Point,,NA,NA,NA,NA
1257,Boston Univ Med Ctr,Boston,MA,Boston Univ Medical Center,"Boston Univ Medical Center, Boston, MA",42.35888,-71.056804,place.33908972,Feature,,1,Boston,"Boston, Massachusetts, United States",,,,dXJuOm1ieHBsYzpBZ1ZvN0E,Q100,Point,,NA,NA,NA,NA
1258,Steward Carney Hospital,Boston,MA,Steward Carney Hospital,"Steward Carney Hospital, Boston, MA",42.35888,-71.056804,place.33908972,Feature,,1,Boston,"Boston, Massachusetts, United States",,,,dXJuOm1ieHBsYzpBZ1ZvN0E,Q100,Point,,NA,NA,NA,NA
1259,Childrens Hospital-Boston,Boston,MA,Childrens Hospital-Boston,"Childrens Hospital-Boston, Boston, MA",42.35888,-71.056804,place.33908972,Feature,,1,Boston,"Boston, Massachusetts, United States",,,,dXJuOm1ieHBsYzpBZ1ZvN0E,Q100,Point,,NA,NA,NA,NA
1260,Harvard Spaulding Rehab Hosp,Charlestown,MA,Harvard Spaulding Rehab Hospital,"Harvard Spaulding Rehab Hospital, Charlestown, MA",42.371163,-71.062032,place.57010412,Feature,,1,Charlestown,"Charlestown, Massachusetts, United States",,,,dXJuOm1ieHBsYzpBMlhvN0E,Q1756813,Point,,NA,NA,NA,NA
1261,Massachusetts Gen Hosp,Boston,MA,Massachusetts Gen Hospital,"Massachusetts Gen Hospital, Boston, MA",42.362522,-71.070694,neighborhood.389713132,Feature,,0.673333,Mass General,"Mass General, Boston, Massachusetts, United States",,,,dXJuOm1ieHBsYzpGenFNN0E,NA,Point,,NA,NA,NA,NA
1263,Tufts Medical Center,Boston,MA,Tufts Medical Center,"Tufts Medical Center, Boston, MA",40.738186,-73.97414,neighborhood.398273772,Feature,,0.637037,Medical Centre,"Medical Centre, New York, New York, United States",,,,dXJuOm1ieHBsYzpGNzBzN0E,NA,Point,,NA,NA,NA,NA
1265,Brigham & Womens Hosp,Boston,MA,Brigham & Womens Hospital,"Brigham & Womens Hospital, Boston, MA",42.368176,-71.17828,neighborhood.67407084,Feature,,0.615741,Brigham,"Brigham, Watertown, Massachusetts, United States",,,,dXJuOm1ieHBsYzpCQVNNN0E,NA,Point,,NA,NA,NA,NA
1266,St Elizabeths Med Ctr,Boston,MA,St Elizabeths Medical Center,"St Elizabeths Medical Center, Boston, MA",42.35888,-71.056804,place.33908972,Feature,,1,Boston,"Boston, Massachusetts, United States",,,,dXJuOm1ieHBsYzpBZ1ZvN0E,Q100,Point,,NA,NA,NA,NA
1268,Cambridge Health Alliance,Cambridge,MA,Cambridge Health Alliance,"Cambridge Health Alliance, Cambridge, MA",42.365588,-71.104,place.47237356,Feature,,1,Cambridge,"Cambridge, Massachusetts, United States",,,,dXJuOm1ieHBsYzpBdERJN0E,Q49111,Point,,NA,NA,NA,NA
1269,Mt Auburn Hospital,Cambridge,MA,Mt Auburn Hospital,"Mt Auburn Hospital, Cambridge, MA",42.37472,-71.15027,neighborhood.422300908,Feature,,0.818519,Mount Auburn,"Mount Auburn, Cambridge, Massachusetts, United States",,,,dXJuOm1ieHBsYzpHU3ZNN0E,NA,Point,,NA,NA,NA,NA
1270,Harvard Longwood Psych,Boston,MA,Harvard Longwood Psych,"Harvard Longwood Psych, Boston, MA",42.346237,-71.106804,neighborhood.371879148,Feature,,0.569444,Longwood,"Longwood, Brookline, Massachusetts, United States",,,,dXJuOm1ieHBsYzpGaXBzN0E,NA,Point,,NA,NA,NA,NA
1273,Rapides Reg Med Ctr,Alexandria,LA,Rapides Reg Medical Center,"Rapides Reg Medical Center, Alexandria, LA",31.313582,-92.450533,address.8408480118478148,Feature,,0.648889,Medical Center Drive,"Medical Center Drive, Alexandria, Louisiana 71301, United States",,,,dXJuOm1ieGFkci1zdHI6M2U4ZDliYjYtNDAyZS00OWZiLTlmZmItOTlhZTUyMDEwYTJk,NA,Point,,street,NA,"Medical Center Drive, Alexandria, Louisiana 71301, United States",NA
1277,Northern NM Family Med,Santa Fe,NM,Northern NM Family Medical,"Northern NM Family Medical, Santa Fe, NM",35.817659,-105.908279,address.240462124182454,Feature,,0.680635,Upper Pacheco Canyon Road,"Upper Pacheco Canyon Road, Santa Fe, New Mexico 87506, United States",,,,dXJuOm1ieGFkci1zdHI6ZTllMDQ2MTItOWEwZi00OThhLTg3M2QtZGU1NGE0MGUzNzBl,NA,Point,,street,Nm,"Nm, Santa Fe, New Mexico 87506, United States",NA
1278,LSUHSC Lake Charles,Lake Charles,LA,LSUHSC Lake Charles,"LSUHSC Lake Charles, Lake Charles, LA",30.206366,-93.205342,place.175909100,Feature,,0.592593,Lake Charles,"Lake Charles, Louisiana, United States",,,,dXJuOm1ieHBsYzpDbndvN0E,Q864106,Point,,NA,NA,NA,NA
1280,Newton-Wellesley Hosp,Newton,MA,Newton-Wellesley Hospital,"Newton-Wellesley Hospital, Newton, MA",42.3494,-71.22634,neighborhood.706874604,Feature,,0.822963,West Newton,"West Newton, Newton, Massachusetts, United States",,,,dXJuOm1ieHBsYzpLaUlNN0E,Q7986069,Point,,NA,NA,NA,NA
1281,Berkshire Med Ctr,Pittsfield,MA,Berkshire Medical Center,"Berkshire Medical Center, Pittsfield, MA",42.448847,-73.253758,place.260761836,Feature,,1,Pittsfield,"Pittsfield, Massachusetts, United States",,,,dXJuOm1ieHBsYzpENHJvN0E,Q49184,Point,,NA,NA,NA,NA
1283,Grtr Lawrence Fam Hlth Ctr,Lawrence,MA,Grtr Lawrence Fam Hlth Center,"Grtr Lawrence Fam Hlth Center, Lawrence, MA",42.707736,-71.161516,place.181971180,Feature,,1,Lawrence,"Lawrence, Massachusetts, United States",,,,dXJuOm1ieHBsYzpDdGlvN0E,Q49163,Point,,NA,NA,NA,NA
1284,North Shore Med Ctr/Salem Hosp,Salem,MA,North Shore Medical Center/Salem Hospital,"North Shore Medical Center/Salem Hospital, Salem, MA",39.596416,-75.436,locality.339323628,Feature,,0.534444,Mannington Township,"Mannington Township, New Jersey, United States",,,,dXJuOm1ieHBsYzpGRG1xN0E,NA,Point,,NA,NA,NA,NA
1286,Baystate Med Ctr,Springfield,MA,Baystate Medical Center,"Baystate Medical Center, Springfield, MA",42.121331,-72.601269,address.2421879487285004,Feature,,0.708889,Medical Center Drive,"Medical Center Drive, Springfield, Massachusetts 01107, United States",,,,dXJuOm1ieGFkci1zdHI6YTlhMWRmM2MtOWNjNS00YmU4LThhNWMtNmMxOTE4NjM5MTU3,NA,Point,,street,NA,NA,NA
1287,UIC/Mt Sinai Hosp Med Ctr,Chicago,IL,UIC/Mt Sinai Hospital Medical Center,"UIC/Mt Sinai Hospital Medical Center, Chicago, IL",41.881953,-87.632362,place.508094700,Feature,,1,Chicago,"Chicago, Illinois, United States",,,,dXJuOm1ieHBsYzpIa2pvN0E,Q1297,Point,,NA,NA,NA,NA
1290,St Vincent Hosp-Worcester,Worcester,MA,St Vincent Hospital-Worcester,"St Vincent Hospital-Worcester, Worcester, MA",42.263405,-71.802193,place.364964076,Feature,,1,Worcester,"Worcester, Massachusetts, United States",,,,dXJuOm1ieHBsYzpGY0RvN0E,Q49179,Point,,NA,NA,NA,NA
1292,St Joseph Mercy-Ann Arbor,Ann Arbor,MI,St Joseph Mercy-Ann Arbor,"St Joseph Mercy-Ann Arbor, Ann Arbor, MI",42.281424,-83.748499,place.8661228,Feature,,1,Ann Arbor,"Ann Arbor, Michigan, United States",,,,dXJuOm1ieHBsYzpoQ2pz,Q485172,Point,,NA,NA,NA,NA
1293,U Michigan Hosps-Ann Arbor,Ann Arbor,MI,University of Michigan Hosps-Ann Arbor,"University of Michigan Hosps-Ann Arbor, Ann Arbor, MI",42.281424,-83.748499,place.8661228,Feature,,1,Ann Arbor,"Ann Arbor, Michigan, United States",,,,dXJuOm1ieHBsYzpoQ2pz,Q485172,Point,,NA,NA,NA,NA
1295,Detroit Med Ctr/WSU,Detroit,MI,Detroit Medical Center/WSU,"Detroit Medical Center/WSU, Detroit, MI",42.355542,-83.054434,neighborhood.398249196,Feature,,0.712963,Medical Center,"Medical Center, Detroit, Michigan, United States",,,,dXJuOm1ieHBsYzpGN3pNN0E,NA,Point,,NA,NA,NA,NA
1297,Eastern NM Med Ctr,Roswell,NM,Eastern NM Medical Center,"Eastern NM Medical Center, Roswell, NM",33.396453,-104.522763,place.471541996,Feature,,1,Roswell,"Roswell, New Mexico, United States",,,,dXJuOm1ieHBsYzpIQnNvN0E,Q33561,Point,,NA,NA,NA,NA
1300,Henry Ford Hospital,Detroit,MI,Henry Ford Hospital,"Henry Ford Hospital, Detroit, MI",42.364807,-83.08757,neighborhood.280784108,Feature,,0.772222,Henry Ford,"Henry Ford, Detroit, Michigan, United States",,,,dXJuOm1ieHBsYzpFTHhzN0E,NA,Point,,NA,NA,NA,NA
1303,Ascension Providence/MSUCHM,Southfield,MI,Ascension Providence/MSUCHM,"Ascension Providence/MSUCHM, Southfield, MI",42.4734,-83.2219,place.308095212,Feature,,1,Southfield,"Southfield, Michigan, United States",,,,dXJuOm1ieHBsYzpFbDBvN0E,Q988159,Point,,NA,NA,NA,NA
1304,Christus Santa Rosa,San Antonio,TX,Christus Santa Rosa,"Christus Santa Rosa, San Antonio, TX",29.424534,-98.491484,place.291252460,Feature,,1,San Antonio,"San Antonio, Texas, United States",,,,dXJuOm1ieHBsYzpFVndvN0E,Q975,Point,,NA,NA,NA,NA
1307,Hurley Medical Ctr,Flint,MI,Hurley Medical Center,"Hurley Medical Center, Flint, MI",43.012555,-83.687876,place.111732972,Feature,,1,Flint,"Flint, Michigan, United States",,,,dXJuOm1ieHBsYzpCcWpvN0E,Q490584,Point,,NA,NA,NA,NA
1308,Genesys Reg Med Ctr,Grand Blanc,MI,Genesys Reg Medical Center,"Genesys Reg Medical Center, Grand Blanc, MI",42.928198,-83.630861,place.130377964,Feature,,1,Grand Blanc,"Grand Blanc, Michigan, United States",,,,dXJuOm1ieHBsYzpCOFZvN0E,Q610773,Point,,NA,NA,NA,NA
1313,Alaska Family Med/Providence Hosp,Anchorage,AK,Alaska Family Medical/Providence Hospital,"Alaska Family Medical/Providence Hospital, Anchorage, AK",61.216563,-149.893442,place.7792876,Feature,,1,Anchorage,"Anchorage, Alaska, United States",,,,dXJuOm1ieHBsYzpkdWpz,Q39450,Point,,NA,NA,NA,NA
1314,Western Michigan Univ Stryker SOM,Kalamazoo,MI,Western Michigan Univ Stryker SOM,"Western Michigan Univ Stryker SOM, Kalamazoo, MI",42.291649,-85.584752,place.166676716,Feature,,0.592593,Kalamazoo,"Kalamazoo, Michigan, United States",,,,dXJuOm1ieHBsYzpDZTlJN0E,Q167155,Point,,NA,NA,NA,NA
1315,Sparrow Hospital,Lansing,MI,Sparrow Hospital,"Sparrow Hospital, Lansing, MI",42.716007,-84.564552,address.4436752996755698,Feature,,0.7,Sparrow Avenue,"Sparrow Avenue, Lansing, Michigan 48910, United States",,,,dXJuOm1ieGFkci1zdHI6MTcyZDFhMmEtNjhkYS00ZGMwLTlkMWUtMWJiMmNlNDk2MzI5,NA,Point,,street,NA,NA,NA
1318,Doctors Hosp of Michigan/OPMC,Pontiac,MI,Doctors Hospital of Michigan/OPMC,"Doctors Hospital of Michigan/OPMC, Pontiac, MI",42.639077,-83.291321,place.264276204,Feature,,1,Pontiac,"Pontiac, Michigan, United States",,,,dXJuOm1ieHBsYzpEOENJN0E,Q847596,Point,,NA,NA,NA,NA
1319,St Joseph Mercy-Oakland,Pontiac,MI,St Joseph Mercy-Oakland,"St Joseph Mercy-Oakland, Pontiac, MI",42.639077,-83.291321,place.264276204,Feature,,1,Pontiac,"Pontiac, Michigan, United States",,,,dXJuOm1ieHBsYzpEOENJN0E,Q847596,Point,,NA,NA,NA,NA
1320,Central Michigan University COM,Saginaw,MI,Central Michigan University COM,"Central Michigan University COM, Saginaw, MI",43.420475,-83.948114,place.287869164,Feature,,1,Saginaw,"Saginaw, Michigan, United States",,,,dXJuOm1ieHBsYzpFU2lJN0E,Q719,Point,,NA,NA,NA,NA
1323,Rush-Copley Mem Hosp,Aurora,IL,Rush-Copley Mem Hospital,"Rush-Copley Mem Hospital, Aurora, IL",41.758194,-88.315002,place.14952684,Feature,,1,Aurora,"Aurora, Illinois, United States",,,,dXJuOm1ieHBsYzo1Q2pz,Q22595,Point,,NA,NA,NA,NA
1328,Mayo Clinic School of Grad Med Educ,Rochester,MN,Mayo Clinic School of Grad Medical Educ,"Mayo Clinic School of Grad Medical Educ, Rochester, MN",44.021592,-92.463101,place.280725740,Feature,,1,Rochester,"Rochester, Minnesota, United States",,,,dXJuOm1ieHBsYzpFTHVJN0E,Q486479,Point,,NA,NA,NA,NA
1329,Hennepin Co Med Ctr,Minneapolis,MN,Hennepin Co Medical Center,"Hennepin Co Medical Center, Minneapolis, MN",44.976106,-93.266096,place.215132396,Feature,,1,Minneapolis,"Minneapolis, Minnesota, United States",,,,dXJuOm1ieHBsYzpETktvN0E,Q36091,Point,,NA,NA,NA,NA
1330,Abbott Northwestern,Minneapolis,MN,Abbott Northwestern,"Abbott Northwestern, Minneapolis, MN",44.976106,-93.266096,place.215132396,Feature,,1,Minneapolis,"Minneapolis, Minnesota, United States",,,,dXJuOm1ieHBsYzpETktvN0E,Q36091,Point,,NA,NA,NA,NA
1333,Clinton Memorial Hosp,Wilmington,OH,Clinton Memorial Hospital,"Clinton Memorial Hospital, Wilmington, OH",39.465897,-83.751595,locality.108694252,Feature,,0.683333,Clinton,"Clinton, Ohio, United States",,,,dXJuOm1ieHBsYzpCbnFLN0E,NA,Point,,NA,NA,NA,NA
1334,U Minnesota Med School,Minneapolis,MN,University of Minnesota Medical School,"University of Minnesota Medical School, Minneapolis, MN",44.976106,-93.266096,place.215132396,Feature,,1,Minneapolis,"Minneapolis, Minnesota, United States",,,,dXJuOm1ieHBsYzpETktvN0E,Q36091,Point,,NA,NA,NA,NA
1335,HealthPartners Institute,St Paul,MN,HealthPartners Institute,"HealthPartners Institute, St Paul, MN",44.948228,-93.091634,place.393930988,Feature,,1,Saint Paul,"Saint Paul, Minnesota, United States",,,,dXJuOm1ieHBsYzpGM3JvN0E,Q28848,Point,,NA,NA,NA,NA
1339,Schwab Rehab Hosp,Chicago,IL,Schwab Rehab Hospital,"Schwab Rehab Hospital, Chicago, IL",41.881953,-87.632362,place.508094700,Feature,,1,Chicago,"Chicago, Illinois, United States",,,,dXJuOm1ieHBsYzpIa2pvN0E,Q1297,Point,,NA,NA,NA,NA
1340,Scripps Clinic/Green Hospital,La Jolla,CA,Scripps Clinic/Green Hospital,"Scripps Clinic/Green Hospital, La Jolla, CA",32.84423,-117.270881,place.175581420,Feature,,1,La Jolla,"La Jolla, California, United States",,,,dXJuOm1ieHBsYzpDbmNvN0E,Q840668,Point,,NA,NA,NA,NA
1342,Allina Fam Res Prog,St Paul,MN,Allina Fam Res Prog,"Allina Fam Res Prog, St Paul, MN",44.948228,-93.091634,place.393930988,Feature,,1,Saint Paul,"Saint Paul, Minnesota, United States",,,,dXJuOm1ieHBsYzpGM3JvN0E,Q28848,Point,,NA,NA,NA,NA
1343,Univ of Missouri-KC Programs,Kansas City,MO,Univ of Missouri-KC Programs,"Univ of Missouri-KC Programs, Kansas City, MO",39.034702,-94.53603,neighborhood.422636780,Feature,,0.767778,Mount Cleveland,"Mount Cleveland, Kansas City, Missouri, United States",,,,dXJuOm1ieHBsYzpHVERzN0E,NA,Point,,NA,NA,NA,NA
1346,Mercy Med Ctr-Des Moines,Des Moines,IA,Mercy Medical Center-Des Moines,"Mercy Medical Center-Des Moines, Des Moines, IA",41.584997,-93.624273,place.85281004,Feature,,1,Des Moines,"Des Moines, Iowa, United States",,,,dXJuOm1ieHBsYzpCUlZJN0E,Q39709,Point,,NA,NA,NA,NA
1349,Munson Medical Center,Traverse City,MI,Munson Medical Center,"Munson Medical Center, Traverse City, MI",44.762912,-85.621014,place.329976044,Feature,,1,Traverse City,"Traverse City, Michigan, United States",,,,dXJuOm1ieHBsYzpFNnNJN0E,Q984544,Point,,NA,NA,NA,NA
1350,Pomona Valley Hosp,Pomona,CA,Pomona Valley Hospital,"Pomona Valley Hospital, Pomona, CA",34.057842,-117.750166,place.263882988,Feature,,1,Pomona,"Pomona, California, United States",,,,dXJuOm1ieHBsYzpEN3FJN0E,Q486868,Point,,NA,NA,NA,NA
1351,Nationwide Childrens Hosp,Columbus,OH,Nationwide Childrens Hospital,"Nationwide Childrens Hospital, Columbus, OH",39.945643,-83.114409,address.437560551189234,Feature,,0.776667,Nationwide Boulevard,"Nationwide Boulevard, Columbus, Ohio 43228, United States",,,,dXJuOm1ieGFkci1zdHI6ZWMzMDNjNGEtYmI3NS00OGUyLWI4M2ItNzQwOTdlMTQxZTdm,NA,Point,,street,NA,NA,NA
1353,Barnes-Jewish Hosp,St Louis,MO,Barnes-Jewish Hospital,"Barnes-Jewish Hospital, St Louis, MO",38.63492,-90.264681,address.8302466466970568,Feature,,1,Barnes Jewish Hospital Plaza,"Barnes Jewish Hospital Plaza, St. Louis, Missouri 63110, United States",,,,dXJuOm1ieGFkci1zdHI6MWY1MTBjYmQtYjc5OC00ZWM0LWE0NWUtOTkxYTc0ODc2ODMw,NA,Point,,street,NA,NA,NA
1361,Wayne State University SOM,Detroit,MI,Wayne State University SOM,"Wayne State University SOM, Detroit, MI",42.331397,-83.046217,place.85493996,Feature,,1,Detroit,"Detroit, Michigan, United States",,,,dXJuOm1ieHBsYzpCUmlJN0E,Q12439,Point,,NA,NA,NA,NA
1362,Mercy Hospital St Louis,St Louis,MO,Mercy Hospital St Louis,"Mercy Hospital St Louis, St Louis, MO",38.627464,-90.19835,place.315328748,Feature,,1,St. Louis,"St. Louis, Missouri, United States",,,,dXJuOm1ieHBsYzpFc3VJN0E,Q38022,Point,,NA,NA,NA,NA
1364.0999755859375,St Lukes Hospital-St Louis,Chesterfield,MO,St Lukes Hospital-St Louis,"St Lukes Hospital-St Louis, Chesterfield, MO",38.653154,-90.506801,address.5175578135124588,Feature,,0.774603,Saint Luke's Hospital Road,"Saint Luke's Hospital Road, Chesterfield, Missouri 63017, United States",,,,dXJuOm1ieGFkci1zdHI6NGZmYmQ1YjAtOGIzNS00MzVlLWI0OGEtZWE3ZDc4ZTE1MDA5,NA,Point,,street,NA,NA,NA
1364.199951171875,St Lukes Hospital-St Louis,St Louis,MO,St Lukes Hospital-St Louis,"St Lukes Hospital-St Louis, St Louis, MO",38.58808,-90.308754,neighborhood.617786604,Feature,,0.783333,St. Louis Hills,"St. Louis Hills, St. Louis, Missouri, United States",,,,dXJuOm1ieHBsYzpKTktzN0E,Q7589640,Point,,NA,NA,NA,NA
1365,St Louis Univ SOM,St Louis,MO,St Louis Univ SOM,"St Louis Univ SOM, St Louis, MO",38.627464,-90.19835,place.315328748,Feature,,1,St. Louis,"St. Louis, Missouri, United States",,,,dXJuOm1ieHBsYzpFc3VJN0E,Q38022,Point,,NA,NA,NA,NA
1371,U Arizona COM at South Campus,Tucson,AZ,University of Arizona COM at South Campus,"University of Arizona COM at South Campus, Tucson, AZ",32.221297,-110.973306,place.331737324,Feature,,1,Tucson,"Tucson, Arizona, United States",,,,dXJuOm1ieHBsYzpFOFhvN0E,Q18575,Point,,NA,NA,NA,NA
1372,Creighton Univ Affil Hosps,Omaha,NE,Creighton Univ Affil Hosps,"Creighton Univ Affil Hosps, Omaha, NE",41.256568,-95.940959,place.244189420,Feature,,1,Omaha,"Omaha, Nebraska, United States",,,,dXJuOm1ieHBsYzpEbzRJN0E,Q43199,Point,,NA,NA,NA,NA
1374,Detroit Med Ctr Corporation,Detroit,MI,Detroit Medical Center Corporation,"Detroit Medical Center Corporation, Detroit, MI",42.355542,-83.054434,neighborhood.398249196,Feature,,0.712963,Medical Center,"Medical Center, Detroit, Michigan, United States",,,,dXJuOm1ieHBsYzpGN3pNN0E,NA,Point,,NA,NA,NA,NA
1375,Scripps Mercy Hosp-Chula Vista,Chula Vista,CA,Scripps Mercy Hospital-Chula Vista,"Scripps Mercy Hospital-Chula Vista, Chula Vista, CA",26.078304,-97.44013,neighborhood.115182828,Feature,,0.684444,Chula Vista Colonia,"Chula Vista Colonia, Los Fresnos, Texas, United States",,,,dXJuOm1ieHBsYzpCdDJNN0E,Q5768442,Point,,NA,Chula Vista,"Chula Vista, Los Fresnos, Texas, United States",NA
1376,University of Nebraska Med Ctr,Omaha,NE,University of Nebraska Medical Center,"University of Nebraska Medical Center, Omaha, NE",41.256568,-95.940959,place.244189420,Feature,,1,Omaha,"Omaha, Nebraska, United States",,,,dXJuOm1ieHBsYzpEbzRJN0E,Q43199,Point,,NA,NA,NA,NA
1377,Dartmouth-Hitchcock Med Ctr,Lebanon,NH,Dartmouth-Hitchcock Medical Center,"Dartmouth-Hitchcock Medical Center, Lebanon, NH",43.642176,-72.252322,place.182823148,Feature,,1,Lebanon,"Lebanon, New Hampshire, United States",,,,dXJuOm1ieHBsYzpDdVdvN0E,Q993523,Point,,NA,NA,NA,NA
1378,AtlantiCare Reg Med Ctr,Atlantic City,NJ,AtlantiCare Reg Medical Center,"AtlantiCare Reg Medical Center, Atlantic City, NJ",39.364148,-74.423028,place.13813996,Feature,,1,Atlantic City,"Atlantic City, New Jersey, United States",,,,dXJuOm1ieHBsYzowc2pz,Q139564,Point,,NA,NA,NA,NA
1380,CMSRU/Cooper University Hospital,Camden,NJ,CMSRU/Cooper University Hospital,"CMSRU/Cooper University Hospital, Camden, NJ",39.924713,-75.04706,neighborhood.133434604,Feature,,0.532407,Cooper,"Cooper, Cherry Hill, New Jersey, United States",,,,dXJuOm1ieHBsYzpCL1FNN0E,NA,Point,,NA,NA,NA,NA
1382,St Lukes Hospital,Maumee,OH,St Lukes Hospital,"St Lukes Hospital, Maumee, OH",41.561967,-83.653403,place.204482796,Feature,,1,Maumee,"Maumee, Ohio, United States",,,,dXJuOm1ieHBsYzpEREFvN0E,Q1004755,Point,,NA,NA,NA,NA
1383,Cleveland Clinic Florida,Weston,FL,Cleveland Clinic Florida,"Cleveland Clinic Florida, Weston, FL",26.099977,-80.399681,place.353315052,Feature,,1,Weston,"Weston, Florida, United States",,,,dXJuOm1ieHBsYzpGUThvN0E,Q990644,Point,,NA,NA,NA,NA
1384,U Miami/JFK Palm Beach GME Consortium,Atlantis,FL,University of Miami/JFK Palm Beach GME Consortium,"University of Miami/JFK Palm Beach GME Consortium, Atlantis, FL",26.594692,-80.097495,place.13846764,Feature,,1,Atlantis,"Atlantis, Florida, United States",,,,dXJuOm1ieHBsYzowMGpz,NA,Point,,NA,NA,NA,NA
1386,Englewood Hospital,Englewood,NJ,Englewood Hospital,"Englewood Hospital, Englewood, NJ",39.86465,-84.285087,address.8685715669681260,Feature,,0.625926,Englewood Road,"Englewood Road, Englewood, Ohio 45322, United States",,,,dXJuOm1ieGFkci1zdHI6NzBkZTI3ZTktNjJiNy00MTI5LWFhOTUtNDI3ZTdjZDYyMDk2,NA,Point,,street,NA,NA,NA
1387,Hackensack U Med Ctr,Hackensack,NJ,Hackensack U Medical Center,"Hackensack U Medical Center, Hackensack, NJ",40.904782,-74.03349,address.4904236481273974,Feature,,0.596296,Hackensack Avenue,"Hackensack Avenue, Hackensack, New Jersey 07601, United States",,,,dXJuOm1ieGFkci1zdHI6NzU3YmQ3NjYtNGY2ZS00MjAwLWJlYTktZTM1MjBhZGVkZjg2,NA,Point,,street,NA,NA,NA
1389,Sts Mary and Elizabeth Med Ctr,Chicago,IL,Sts Mary and Elizabeth Medical Center,"Sts Mary and Elizabeth Medical Center, Chicago, IL",41.881953,-87.632362,place.508094700,Feature,,1,Chicago,"Chicago, Illinois, United States",,,,dXJuOm1ieHBsYzpIa2pvN0E,Q1297,Point,,NA,NA,NA,NA
1390,Jersey City Medical Ctr,Jersey City,NJ,Jersey City Medical Center,"Jersey City Medical Center, Jersey City, NJ",40.72157,-74.047455,place.164399340,Feature,,1,Jersey City,"Jersey City, New Jersey, United States",,,,dXJuOm1ieHBsYzpDY3lJN0E,Q26339,Point,,NA,NA,NA,NA
1392,Monmouth Medical Ctr,Long Branch,NJ,Monmouth Medical Center,"Monmouth Medical Center, Long Branch, NJ",40.303689,-73.993386,place.191310060,Feature,,1,Long Branch,"Long Branch, New Jersey, United States",,,,dXJuOm1ieHBsYzpDMmNvN0E,Q995231,Point,,NA,NA,NA,NA
1393,Mountainside Hosp,Montclair,NJ,Mountainside Hospital,"Mountainside Hospital, Montclair, NJ",40.815094,-74.2191,place.217827564,Feature,,1,Montclair,"Montclair, New Jersey, United States",,,,dXJuOm1ieHBsYzpEUHZJN0E,Q678437,Point,,NA,NA,NA,NA
1394,Morristown Mem Hosp,Morristown,NJ,Morristown Mem Hospital,"Morristown Mem Hospital, Morristown, NJ",40.426391,-74.257514,address.1264252581261720,Feature,,0.637778,Morristown Road,"Morristown Road, Matawan, New Jersey 07747, United States",,,,dXJuOm1ieGFkci1zdHI6ZTIyOWFiM2EtMmUwOS00MDA4LWEwODgtZTllMDE4ZGE2YjQ2,NA,Point,,street,NA,NA,NA
1395,Jersey Shore Univ Med Ctr,Neptune,NJ,Jersey Shore Univ Medical Center,"Jersey Shore Univ Medical Center, Neptune, NJ",40.224174,-74.045388,place.228288748,Feature,,1,Neptune,"Neptune, New Jersey, United States",,,,dXJuOm1ieHBsYzpEWnRvN0E,Q2641218,Point,,NA,NA,NA,NA
1396,St Barnabas Med Ctr,Livingston,NJ,St Barnabas Medical Center,"St Barnabas Medical Center, Livingston, NJ",40.795884,-74.315387,place.189589740,Feature,,1,Livingston,"Livingston, New Jersey, United States",,,,dXJuOm1ieHBsYzpDMHpvN0E,Q589460,Point,,NA,NA,NA,NA
1397,Newark Beth Israel Med Ctr,Newark,NJ,Newark Beth Israel Medical Center,"Newark Beth Israel Medical Center, Newark, NJ",40.733183,-74.1735,place.228878572,Feature,,1,Newark,"Newark, New Jersey, United States",,,,dXJuOm1ieHBsYzpEYVJvN0E,Q25395,Point,,NA,NA,NA,NA
1398,Rutgers-New Jersey Medical School,Newark,NJ,Rutgers-New Jersey Medical School,"Rutgers-New Jersey Medical School, Newark, NJ",40.733183,-74.1735,place.228878572,Feature,,1,Newark,"Newark, New Jersey, United States",,,,dXJuOm1ieHBsYzpEYVJvN0E,Q25395,Point,,NA,NA,NA,NA
1400,St Joseph Mercy-Livingston,Howell,MI,St Joseph Mercy-Livingston,"St Joseph Mercy-Livingston, Howell, MI",42.607156,-83.929591,place.155068652,Feature,,1,Howell,"Howell, Michigan, United States",,,,dXJuOm1ieHBsYzpDVDRvN0E,Q1631984,Point,,NA,NA,NA,NA
1403,Naval Med Ctr-San Diego,San Diego,CA,Naval Medical Center-San Diego,"Naval Medical Center-San Diego, San Diego, CA",32.713623,-117.16016,place.291711212,Feature,,1,San Diego,"San Diego, California, United States",,,,dXJuOm1ieHBsYzpFV01vN0E,Q16552,Point,,NA,NA,NA,NA
1404,East Jefferson Gen Hosp,Metairie,LA,East Jefferson Gen Hospital,"East Jefferson Gen Hospital, Metairie, LA",29.989295,-90.150398,place.210405612,Feature,,1,Metairie,"Metairie, Louisiana, United States",,,,dXJuOm1ieHBsYzpESXFJN0E,Q126661,Point,,NA,NA,NA,NA
1405,St Joseph Hosp,Chicago,IL,St Joseph Hospital,"St Joseph Hospital, Chicago, IL",41.881953,-87.632362,place.508094700,Feature,,1,Chicago,"Chicago, Illinois, United States",,,,dXJuOm1ieHBsYzpIa2pvN0E,Q1297,Point,,NA,NA,NA,NA
1406,St Josephs Univ Med Ctr,Paterson,NJ,St Josephs Univ Medical Center,"St Josephs Univ Medical Center, Paterson, NJ",40.916294,-74.173235,place.252930284,Feature,,1,Paterson,"Paterson, New Jersey, United States",,,,dXJuOm1ieHBsYzpEeE5vN0E,Q138391,Point,,NA,NA,NA,NA
1408,Overlook Hospital,Summit,NJ,Overlook Hospital,"Overlook Hospital, Summit, NJ",40.711952,-74.34894,neighborhood.771042540,Feature,,0.75,Overlook,"Overlook, Summit, New Jersey, United States",,,,dXJuOm1ieHBsYzpMZlVzN0E,NA,Point,,NA,NA,NA,NA
1409,NYP Hosp-Columbia & Cornell,New York,NY,NYP Hospital-Columbia & Cornell,"NYP Hospital-Columbia & Cornell, New York, NY",40.712749,-74.005994,place.233720044,Feature,,1,New York,"New York, New York, United States",,,,dXJuOm1ieHBsYzpEZTVJN0E,Q60,Point,,NA,NA,NA,NA
1410,Naval Med Ctr-Portsmouth,Portsmouth,VA,Naval Medical Center-Portsmouth,"Naval Medical Center-Portsmouth, Portsmouth, VA",36.835361,-76.297922,place.265971948,Feature,,1,Portsmouth,"Portsmouth, Virginia, United States",,,,dXJuOm1ieHBsYzpEOXBvN0E,Q342803,Point,,NA,NA,NA,NA
1414,Albany Med Ctr,Albany,NY,Albany Medical Center,"Albany Medical Center, Albany, NY",42.68393,-73.780624,neighborhood.782765292,Feature,,0.684074,West Albany,"West Albany, Albany, New York, United States",,,,dXJuOm1ieHBsYzpMcWdNN0E,NA,Point,,NA,NA,NA,NA
1415,Leonard J Chabert Med Ctr,Houma,LA,Leonard J Chabert Medical Center,"Leonard J Chabert Medical Center, Houma, LA",29.597596,-90.720783,place.154544364,Feature,,1,Houma,"Houma, Louisiana, United States",,,,dXJuOm1ieHBsYzpDVFlvN0E,Q388503,Point,,NA,NA,NA,NA
1417,Zucker SOMÐNorthwell Southside Hosp,Bay Shore,NY,Zucker SOMÐNorthwell Southside Hospital,"Zucker SOMÐNorthwell Southside Hospital, Bay Shore, NY",40.72239,-73.246838,place.20687084,Feature,,0.560847,Bay Shore,"Bay Shore, New York, United States",,,,dXJuOm1ieHBsYzpBVHVvN0E,Q384692,Point,,NA,NA,NA,NA
1418,St Mary Mercy Hospital,Livonia,MI,St Mary Mercy Hospital,"St Mary Mercy Hospital, Livonia, MI",42.368709,-83.352462,place.189638892,Feature,,1,Livonia,"Livonia, Michigan, United States",,,,dXJuOm1ieHBsYzpDMDJvN0E,Q853552,Point,,NA,NA,NA,NA
1419,Brookdale Hosp Med Ctr,Brooklyn,NY,Brookdale Hospital Medical Center,"Brookdale Hospital Medical Center, Brooklyn, NY",40.738186,-73.97414,neighborhood.398273772,Feature,,0.616481,Medical Centre,"Medical Centre, New York, New York, United States",,,,dXJuOm1ieHBsYzpGNzBzN0E,NA,Point,,NA,NA,"Medical Centre, NY, New York, United States",NA
1420,Brooklyn Hosp Ctr,Brooklyn,NY,Brooklyn Hospital Center,"Brooklyn Hospital Center, Brooklyn, NY",40.6526,-73.949700000000007,locality.66915052,Feature,,1,Brooklyn,"Brooklyn, New York, United States",,,,dXJuOm1ieHBsYzpBLzBLN0E,Q18419,Point,,NA,NA,"Brooklyn, New York, United States",NA
1421,Our Lady of the Lake Reg Med Ctr,Baton Rouge,LA,Our Lady of the Lake Reg Medical Center,"Our Lady of the Lake Reg Medical Center, Baton Rouge, LA",30.447224,-91.186948,place.499484908,Feature,,1,Baton Rouge,"Baton Rouge, Louisiana, United States",,,,dXJuOm1ieHBsYzpIY1dJN0E,Q28218,Point,,NA,NA,NA,NA
1422,Coney Island Hospital,Brooklyn,NY,Coney Island Hospital,"Coney Island Hospital, Brooklyn, NY",40.575573,-73.98122,neighborhood.131960044,Feature,,0.782222,Coney Island,"Coney Island, Brooklyn, New York, United States",,,,dXJuOm1ieHBsYzpCOTJNN0E,Q628201,Point,,NA,NA,"Coney Island, Brooklyn, New York, United States",NA
1425,Interfaith Med Ctr,Brooklyn,NY,Interfaith Medical Center,"Interfaith Medical Center, Brooklyn, NY",40.738186,-73.97414,neighborhood.398273772,Feature,,0.668333,Medical Centre,"Medical Centre, New York, New York, United States",,,,dXJuOm1ieHBsYzpGNzBzN0E,NA,Point,,NA,NA,"Medical Centre, NY, New York, United States",NA
1426,SUNY HSC Brooklyn,Brooklyn,NY,SUNY HSC Brooklyn,"SUNY HSC Brooklyn, Brooklyn, NY",40.653241,-73.94403,address.8091716714582772,Feature,,0.647778,Brooklyn Avenue,"Brooklyn Avenue, Brooklyn, New York 11203, United States",,,,dXJuOm1ieGFkci1zdHI6MzJjNjIxMTItZjY2OS00MDBmLTkyYmItZTIzMTcyZmY4YWI5,NA,Point,,street,NA,"Brooklyn Avenue, Brooklyn, New York 11203, United States",NA
1427,Long Island Coll Hosp,Brooklyn,NY,Long Island Coll Hospital,"Long Island Coll Hospital, Brooklyn, NY",40.6526,-73.949700000000007,locality.66915052,Feature,,1,Brooklyn,"Brooklyn, New York, United States",,,,dXJuOm1ieHBsYzpBLzBLN0E,Q18419,Point,,NA,NA,"Brooklyn, New York, United States",NA
1428,Maimonides Med Ctr,Brooklyn,NY,Maimonides Medical Center,"Maimonides Medical Center, Brooklyn, NY",40.738186,-73.97414,neighborhood.398273772,Feature,,0.668333,Medical Centre,"Medical Centre, New York, New York, United States",,,,dXJuOm1ieHBsYzpGNzBzN0E,NA,Point,,NA,NA,"Medical Centre, NY, New York, United States",NA
1429,NYP Brooklyn Methodist Hosp,Brooklyn,NY,NYP Brooklyn Methodist Hospital,"NYP Brooklyn Methodist Hospital, Brooklyn, NY",40.6526,-73.949700000000007,locality.66915052,Feature,,1,Brooklyn,"Brooklyn, New York, United States",,,,dXJuOm1ieHBsYzpBLzBLN0E,Q18419,Point,,NA,NA,"Brooklyn, New York, United States",NA
1430,Lutheran Medical Ctr,Brooklyn,NY,Lutheran Medical Center,"Lutheran Medical Center, Brooklyn, NY",40.738186,-73.97414,neighborhood.398273772,Feature,,0.668333,Medical Centre,"Medical Centre, New York, New York, United States",,,,dXJuOm1ieHBsYzpGNzBzN0E,NA,Point,,NA,NA,"Medical Centre, NY, New York, United States",NA
1431,Tripler Army Med Ctr,Tripler Amc,HI,Tripler Army Medical Center,"Tripler Army Medical Center, Tripler Amc, HI",21.359134,-157.888449,place.330819820,Feature,,0.687831,Tripler Army Medical Center,"Tripler Army Medical Center, Hawaii, United States",,,,dXJuOm1ieHBsYzpFN2ZvN0E,NA,Point,,NA,NA,NA,NA
1435,Wyckoff Heights Med Ctr,Brooklyn,NY,Wyckoff Heights Medical Center,"Wyckoff Heights Medical Center, Brooklyn, NY",40.738186,-73.97414,neighborhood.398273772,Feature,,0.616481,Medical Centre,"Medical Centre, New York, New York, United States",,,,dXJuOm1ieHBsYzpGNzBzN0E,NA,Point,,NA,NA,"Medical Centre, NY, New York, United States",NA
1442,Bassett Medical Center,Cooperstown,NY,Bassett Medical Center,"Bassett Medical Center, Cooperstown, NY",42.701023,-74.926814,place.70928620,Feature,,1,Cooperstown,"Cooperstown, New York, United States",,,,dXJuOm1ieHBsYzpCRHBJN0E,Q1025016,Point,,NA,NA,NA,NA
1443,NYMC-Westchester/Metropolitan,New York,NY,NYMC-Westchester/Metropolitan,"NYMC-Westchester/Metropolitan, New York, NY",40.839207,-73.858766,address.1371663865921406,Feature,,0.62963,Metropolitan Avenue,"Metropolitan Avenue, Bronx, New York 10462, United States",,,,dXJuOm1ieGFkci1zdHI6Yjk3Njc2MmYtYjFjNi00ODJhLWI0MzQtODQ0ZDYzYTkyOTQz,NA,Point,,street,NA,"Metropolitan Avenue, Bronx, New York 10462, United States",NA
1444,Valley Consortium,Modesto,CA,Valley Consortium,"Valley Consortium, Modesto, CA",37.640516,-121.000321,place.216312044,Feature,,1,Modesto,"Modesto, California, United States",,,,dXJuOm1ieHBsYzpET1NvN0E,Q204561,Point,,NA,NA,NA,NA
1445,Flushing Hospital Med Ctr,Flushing,NY,Flushing Hospital Medical Center,"Flushing Hospital Medical Center, Flushing, NY",40.765358,-73.81732,neighborhood.220089580,Feature,,1,Flushing,"Flushing, Queens, New York, United States",,,,dXJuOm1ieHBsYzpEUjVNN0E,Q1058775,Point,,NA,NA,"Flushing, Queens, New York, United States",NA
1446,North Shore-LIJ-Glen Cove Hosp,Glen Cove,NY,North Shore-LIJ-Glen Cove Hospital,"North Shore-LIJ-Glen Cove Hospital, Glen Cove, NY",40.863017,-73.630885,place.126060780,Feature,,1,Glen Cove,"Glen Cove, New York, United States",,,,dXJuOm1ieHBsYzpCNE9JN0E,Q1006668,Point,,NA,NA,NA,NA
1448,Nassau Univ Med Ctr,East Meadow,NY,Nassau Univ Medical Center,"Nassau Univ Medical Center, East Meadow, NY",40.714167,-73.559518,place.94677228,Feature,,0.560847,East Meadow,"East Meadow, New York, United States",,,,dXJuOm1ieHBsYzpCYVNvN0E,Q2026633,Point,,NA,NA,NA,NA
1449,Jamaica Hosp Med Ctr,Jamaica,NY,Jamaica Hospital Medical Center,"Jamaica Hospital Medical Center, Jamaica, NY",40.70547,-73.79489,neighborhood.319065324,Feature,,1,Jamaica,"Jamaica, Queens, New York, United States",,,,dXJuOm1ieHBsYzpFd1NNN0E,NA,Point,,NA,NA,"Jamaica, Queens, New York, United States",NA
1451,Hoboken Univ Med Ctr,Hoboken,NJ,Hoboken Univ Medical Center,"Hoboken Univ Medical Center, Hoboken, NJ",40.753937,-74.02772,neighborhood.704515308,Feature,,0.596296,West Hoboken,"West Hoboken, Hoboken, New Jersey, United States",,,,dXJuOm1ieHBsYzpLZjRNN0E,NA,Point,,NA,NA,NA,NA
1452,Wilson Mem Reg/UHS,Johnson City,NY,Wilson Mem Reg/UHS,"Wilson Mem Reg/UHS, Johnson City, NY",42.110638,-75.934693,address.2073016179282918,Feature,,0.576984,Wilson Street,"Wilson Street, Binghamton, New York 13905, United States",,,,dXJuOm1ieGFkci1zdHI6ODU3ZjhhMDYtZDc4MC00NDRjLTk1MjEtZDUzOTNhZGZhZjIy,NA,Point,,street,NA,NA,NA
1453,NYMC-Phelps Memorial Hosp Ctr,Sleepy Hollow,NY,NYMC-Phelps Memorial Hospital Center,"NYMC-Phelps Memorial Hospital Center, Sleepy Hollow, NY",41.084228,-73.860633000000007,place.304711916,Feature,,1,Sleepy Hollow,"Sleepy Hollow, New York, United States",,,,dXJuOm1ieHBsYzpFaW1JN0E,NA,Point,,NA,NA,NA,NA
1454,Kaiser Permanente-San Diego,San Diego,CA,Kaiser Permanente-San Diego,"Kaiser Permanente-San Diego, San Diego, CA",32.583744,-117.09487,neighborhood.603139308,Feature,,0.690952,South San Diego,"South San Diego, San Diego, California, United States",,,,dXJuOm1ieHBsYzpJL01zN0E,Q6132812,Point,,NA,NA,NA,NA
1455,NYU Winthrop Hospital,Mineola,NY,NYU Winthrop Hospital,"NYU Winthrop Hospital, Mineola, NY",40.749185,-73.641093,place.214747372,Feature,,1,Mineola,"Mineola, New York, United States",,,,dXJuOm1ieHBsYzpETXpJN0E,Q2349502,Point,,NA,NA,NA,NA
1459,Einstein/Montefiore New Rochelle,New Rochelle,NY,Einstein/Montefiore New Rochelle,"Einstein/Montefiore New Rochelle, New Rochelle, NY",40.911537,-73.78264,neighborhood.172059884,Feature,,0.680952,Downtown New Rochelle,"Downtown New Rochelle, New Rochelle, New York, United States",,,,dXJuOm1ieHBsYzpDa0ZzN0E,NA,Point,,NA,NA,NA,NA
1466,Memorial Sloan-Kettering,New York,NY,Memorial Sloan-Kettering,"Memorial Sloan-Kettering, New York, NY",40.712749,-74.005994,place.233720044,Feature,,1,New York,"New York, New York, United States",,,,dXJuOm1ieHBsYzpEZTVJN0E,Q60,Point,,NA,NA,NA,NA
1467,North Shore U-Manhasset,Manhasset,NY,North Shore U-Manhasset,"North Shore U-Manhasset, Manhasset, NY",-31.3985,152.9012,place.19605518,Feature,,0.582222,North Shore,"North Shore, New South Wales, Australia",,,,dXJuOm1ieHBsYzpBU3NvRGc,Q21924205,Point,,NA,NA,NA,NA
1470,Einstein/Beth Israel Med Ctr,New York,NY,Einstein/Beth Israel Medical Center,"Einstein/Beth Israel Medical Center, New York, NY",40.738186,-73.97414,neighborhood.398273772,Feature,,0.704444,Medical Centre,"Medical Centre, New York, New York, United States",,,,dXJuOm1ieHBsYzpGNzBzN0E,NA,Point,,NA,NA,NA,NA
1471,BronxCare Health System,Bronx,NY,BronxCare Health System,"BronxCare Health System, Bronx, NY",40.847,-73.8972,locality.66603756,Feature,,1,Bronx,"Bronx, New York, United States",,,,dXJuOm1ieHBsYzpBL2hLN0E,Q18426,Point,,NA,NA,"Bronx, New York, United States",NA
1473,NYMC-Metropolitan Hosp Ctr,New York,NY,NYMC-Metropolitan Hospital Center,"NYMC-Metropolitan Hospital Center, New York, NY",40.712749,-74.005994,place.233720044,Feature,,1,New York,"New York, New York, United States",,,,dXJuOm1ieHBsYzpEZTVJN0E,Q60,Point,,NA,NA,NA,NA
1476,Kingsbrook Jewish Med,Brooklyn,NY,Kingsbrook Jewish Medical,"Kingsbrook Jewish Medical, Brooklyn, NY",40.6526,-73.949700000000007,locality.66915052,Feature,,1,Brooklyn,"Brooklyn, New York, United States",,,,dXJuOm1ieHBsYzpBLzBLN0E,Q18419,Point,,NA,NA,"Brooklyn, New York, United States",NA
1478,Harlem Hospital Ctr,New York,NY,Harlem Hospital Center,"Harlem Hospital Center, New York, NY",40.810925,-73.94701,neighborhood.272485612,Feature,,0.722963,Harlem,"Harlem, New York, New York, United States",,,,dXJuOm1ieHBsYzpFRDNNN0E,Q189074,Point,,NA,NA,NA,NA
1479,North General Hosp,New York,NY,North General Hospital,"North General Hospital, New York, NY",40.712749,-74.005994,place.233720044,Feature,,1,New York,"New York, New York, United States",,,,dXJuOm1ieHBsYzpEZTVJN0E,Q60,Point,,NA,NA,NA,NA
1481,Larkin Community Hospital,South Miami,FL,Larkin Community Hospital,"Larkin Community Hospital, South Miami, FL",25.769674,-80.33647,neighborhood.217804012,Feature,,0.611111,Flagler Westside,"Flagler Westside, Miami, Florida, United States",,,,dXJuOm1ieHBsYzpEUHRzN0E,NA,Point,,NA,NA,NA,NA
1483,Zucker SOM-Northwell Lenox Hill Hosp,New York,NY,Zucker SOM-Northwell Lenox Hill Hospital,"Zucker SOM-Northwell Lenox Hill Hospital, New York, NY",40.767815,-73.96201,neighborhood.358640876,Feature,,0.67358,Lenox Hill,"Lenox Hill, New York, New York, United States",,,,dXJuOm1ieHBsYzpGV0JzN0E,Q1190605,Point,,NA,NA,NA,NA
1484,Lincoln Med Ctr,Bronx,NY,Lincoln Medical Center,"Lincoln Medical Center, Bronx, NY",40.738186,-73.97414,neighborhood.398273772,Feature,,0.6,Medical Centre,"Medical Centre, New York, New York, United States",,,,dXJuOm1ieHBsYzpGNzBzN0E,NA,Point,,NA,NA,"Medical Centre, NY, New York, United States",NA
1485,Eisenhower Med Ctr,Rancho Mirage,CA,Eisenhower Medical Center,"Eisenhower Medical Center, Rancho Mirage, CA",33.757671,-116.435487,place.271526124,Feature,,1,Rancho Mirage,"Rancho Mirage, California, United States",,,,dXJuOm1ieHBsYzpFQzhvN0E,Q506446,Point,,NA,NA,NA,NA
1486,NYMC Montefiore Med Ctr-North Div,Bronx,NY,NYMC Montefiore Medical Center-North Div,"NYMC Montefiore Medical Center-North Div, Bronx, NY",40.847,-73.8972,locality.66603756,Feature,,1,Bronx,"Bronx, New York, United States",,,,dXJuOm1ieHBsYzpBL2hLN0E,Q18426,Point,,NA,NA,"Bronx, New York, United States",NA
1488,Yuma Regional Med Ctr,Yuma,AZ,Yuma Regional Medical Center,"Yuma Regional Medical Center, Yuma, AZ",32.698505,-114.59895,neighborhood.742141164,Feature,,0.64037,Yuma Palms Regional Center,"Yuma Palms Regional Center, Yuma, Arizona, United States",,,,dXJuOm1ieHBsYzpMRHdzN0E,Q79820,Point,,NA,Yuma,"Yuma, Yuma, Arizona, United States",NA
1489,Icahn SOM-Queens Hosp,Jamaica,NY,Icahn SOM-Queens Hospital,"Icahn SOM-Queens Hospital, Jamaica, NY",40.70547,-73.79489,neighborhood.319065324,Feature,,1,Jamaica,"Jamaica, Queens, New York, United States",,,,dXJuOm1ieHBsYzpFd1NNN0E,NA,Point,,NA,NA,"Jamaica, Queens, New York, United States",NA
1490,Icahn SOM at Mount Sinai,New York,NY,Icahn SOM at Mount Sinai,"Icahn SOM at Mount Sinai, New York, NY",40.712749,-74.005994,place.233720044,Feature,,1,New York,"New York, New York, United States",,,,dXJuOm1ieHBsYzpEZTVJN0E,Q60,Point,,NA,NA,NA,NA
1491,Icahn SOM Elmhurst Hosp Ctr,Elmhurst,NY,Icahn SOM Elmhurst Hospital Center,"Icahn SOM Elmhurst Hospital Center, Elmhurst, NY",40.74238,-73.88188,neighborhood.195628268,Feature,,1,Elmhurst,"Elmhurst, Queens, New York, United States",,,,dXJuOm1ieHBsYzpDNmtNN0E,Q2180242,Point,,NA,NA,"Elmhurst, Queens, New York, United States",NA
1492,NYP Hosp-Weill Cornell Med Ctr,New York,NY,NYP Hospital-Weill Cornell Medical Center,"NYP Hospital-Weill Cornell Medical Center, New York, NY",40.738186,-73.97414,neighborhood.398273772,Feature,,0.554753,Medical Centre,"Medical Centre, New York, New York, United States",,,,dXJuOm1ieHBsYzpGNzBzN0E,NA,Point,,NA,NA,"Medical Centre, NY, New York, United States",NA
1494,Childrens Mercy Hospital,Kansas City,MO,Childrens Mercy Hospital,"Childrens Mercy Hospital, Kansas City, MO",39.098485,-94.578631,place.441272556,Feature,,1,Kansas City,"Kansas City, Missouri, United States",,,,dXJuOm1ieHBsYzpHazFJN0E,Q41819,Point,,NA,NA,NA,NA
1495,NYP Hosp-Columbia Univ Med Ctr,New York,NY,NYP Hospital-Columbia Univ Medical Center,"NYP Hospital-Columbia Univ Medical Center, New York, NY",40.712749,-74.005994,place.233720044,Feature,,1,New York,"New York, New York, United States",,,,dXJuOm1ieHBsYzpEZTVJN0E,Q60,Point,,NA,NA,NA,NA
1502,Conroe Reg Med Ctr,Conroe,TX,Conroe Reg Medical Center,"Conroe Reg Medical Center, Conroe, TX",30.284834,-95.466041,address.24633041550852,Feature,,0.677963,Medical Center Boulevard,"Medical Center Boulevard, Conroe, Texas 77304, United States",,,,dXJuOm1ieGFkci1zdHI6OTljMTZlOTEtZWUxMi00MDQxLTgxN2MtN2IzOGFlZDRmMTc0,NA,Point,,street,NA,NA,NA
1509,Rochester Gen Hosp,Rochester,NY,Rochester Gen Hospital,"Rochester Gen Hospital, Rochester, NY",43.159408,-77.663133,address.8755212856523930,Feature,,0.637778,Rochester Street,"Rochester Street, Rochester, New York 14611, United States",,,,NA,NA,Point,,street,NA,NA,NA
1510,Unity Health System,Rochester,NY,Unity Health System,"Unity Health System, Rochester, NY",43.155717,-77.612534,place.470395116,Feature,,1,Rochester,"Rochester, New York, United States",,,,dXJuOm1ieHBsYzpIQW1vN0E,Q49218,Point,,NA,NA,NA,NA
1511,U Rochester/Strong Memorial,Rochester,NY,University of Rochester/Strong Memorial,"University of Rochester/Strong Memorial, Rochester, NY",43.121506,-77.61892,neighborhood.623029484,Feature,,0.607143,Strong,"Strong, Rochester, New York, United States",,,,dXJuOm1ieHBsYzpKU0tzN0E,NA,Point,,NA,NA,NA,NA
1513,Ellis Hospital,Schenectady,NY,Ellis Hospital,"Ellis Hospital, Schenectady, NY",42.813498,-73.939265,place.295291116,Feature,,1,Schenectady,"Schenectady, New York, United States",,,,dXJuOm1ieHBsYzpFWm5JN0E,Q331380,Point,,NA,NA,NA,NA
1514,Richmond Univ Med Ctr,Staten Island,NY,Richmond Univ Medical Center,"Richmond Univ Medical Center, Staten Island, NY",40.58337,-74.149643,locality.532515564,Feature,,1,Staten Island,"Staten Island, New York, United States",,,,dXJuOm1ieHBsYzpINzJLN0E,Q18432,Point,,NA,NA,"Staten Island, New York, United States",NA
1515,Zucker SOM-Northwell Staten Island Univ,Staten Island,NY,Zucker SOM-Northwell Staten Island Univ,"Zucker SOM-Northwell Staten Island Univ, Staten Island, NY",40.58337,-74.149643,locality.532515564,Feature,,1,Staten Island,"Staten Island, New York, United States",,,,dXJuOm1ieHBsYzpINzJLN0E,Q18432,Point,,NA,NA,"Staten Island, New York, United States",NA
1516,SUNY Upstate Med University,Syracuse,NY,SUNY Upstate Medical University,"SUNY Upstate Medical University, Syracuse, NY",43.02709,-76.12202,neighborhood.667856108,Feature,,0.777778,University,"University, Syracuse, New York, United States",,,,dXJuOm1ieHBsYzpKODZzN0E,NA,Point,,NA,NA,NA,NA
1518,St Josephs-Syracuse,Syracuse,NY,St Josephs-Syracuse,"St Josephs-Syracuse, Syracuse, NY",43.047022,-76.147486,place.321915116,Feature,,1,Syracuse,"Syracuse, New York, United States",,,,dXJuOm1ieHBsYzpFekFJN0E,Q128069,Point,,NA,NA,NA,NA
1521,Texas Dept of State Health Services,Austin,TX,Texas Dept of State Health Services,"Texas Dept of State Health Services, Austin, TX",30.268072,-97.742806,place.15042796,Feature,,1,Austin,"Austin, Texas, United States",,,,dXJuOm1ieHBsYzo1WWpz,Q16559,Point,,NA,NA,NA,NA
1522,UC Riverside SOM,Riverside,CA,UC Riverside SOM,"UC Riverside SOM, Riverside, CA",33.982513,-117.374283,place.279283948,Feature,,1,Riverside,"Riverside, California, United States",,,,dXJuOm1ieHBsYzpFS1dJN0E,Q49243,Point,,NA,NA,NA,NA
1523,Oakwood Heritage Hospital,Taylor,MI,Oakwood Heritage Hospital,"Oakwood Heritage Hospital, Taylor, MI",42.241476,-83.269507,place.323569900,Feature,,1,Taylor,"Taylor, Michigan, United States",,,,dXJuOm1ieHBsYzpFMGxJN0E,Q988136,Point,,NA,NA,NA,NA
1524,University of Montana,Missoula,MT,University of Montana,"University of Montana, Missoula, MT",46.872108,-113.99405,place.453568748,Feature,,1,Missoula,"Missoula, Montana, United States",,,,dXJuOm1ieHBsYzpHd2pvN0E,Q189602,Point,,NA,NA,NA,NA
1525,NYMC-St Josephs Med Ctr,Yonkers,NY,NYMC-St Josephs Medical Center,"NYMC-St Josephs Medical Center, Yonkers, NY",40.93932,-73.88831,neighborhood.617729260,Feature,,0.670635,St. Joseph's,"St. Joseph's, Yonkers, New York, United States",,,,dXJuOm1ieHBsYzpKTkhNN0E,NA,Point,,NA,NA,NA,NA
1527,Carolinas Med Ctr,Charlotte,NC,Carolinas Medical Center,"Carolinas Medical Center, Charlotte, NC",35.227207,-80.84309,place.57092332,Feature,,1,Charlotte,"Charlotte, North Carolina, United States",,,,dXJuOm1ieHBsYzpBMmNvN0E,Q16565,Point,,NA,NA,NA,NA
1529,Duke Univ Med Ctr,Durham,NC,Duke Univ Medical Center,"Duke Univ Medical Center, Durham, NC",35.995039,-78.900646,place.92047596,Feature,,1,Durham,"Durham, North Carolina, United States",,,,dXJuOm1ieHBsYzpCWHlJN0E,Q49229,Point,,NA,NA,NA,NA
1530,ProMedica Monroe Regional Hospital,Monroe,MI,ProMedica Monroe Regional Hospital,"ProMedica Monroe Regional Hospital, Monroe, MI",41.914335,-83.396747,place.217417964,Feature,,1,Monroe,"Monroe, Michigan, United States",,,,dXJuOm1ieHBsYzpEUFdJN0E,Q995533,Point,,NA,NA,NA,NA
1531,Shasta Community Health Ctr,Redding,CA,Shasta Community Health Center,"Shasta Community Health Center, Redding, CA",40.587679,-122.392282,place.393783532,Feature,,1,Redding,"Redding, California, United States",,,,dXJuOm1ieHBsYzpGM2lvN0E,Q495361,Point,,NA,NA,NA,NA
1534,New Hanover Reg Med Ctr,Wilmington,NC,New Hanover Reg Medical Center,"New Hanover Reg Medical Center, Wilmington, NC",34.200318,-77.931231,address.8085515501330516,Feature,,0.634921,Medical Center Drive,"Medical Center Drive, Wilmington, North Carolina 28401, United States",,,,dXJuOm1ieGFkci1zdHI6Mzc5OTc3YjctYzgzNS00M2Q5LTk0MTAtOTQ0MzdmYTRlMjc3,NA,Point,,street,NA,NA,NA
1537,Wake Forest Baptist Med Ctr,Winston-Salem,NC,Wake Forest Baptist Medical Center,"Wake Forest Baptist Medical Center, Winston-Salem, NC",36.098406,-80.244912,place.362236140,Feature,,1,Winston-Salem,"Winston-Salem, North Carolina, United States",,,,dXJuOm1ieHBsYzpGWmRJN0E,Q49227,Point,,NA,NA,NA,NA
1538,West Kendall Baptist Hospital,Miami,FL,West Kendall Baptist Hospital,"West Kendall Baptist Hospital, Miami, FL",25.773357,-80.1919,place.210733292,Feature,,1,Miami,"Miami, Florida, United States",,,,dXJuOm1ieHBsYzpESStJN0E,Q8652,Point,,NA,NA,NA,NA
1539.0999755859375,U North Dakota SOM,Fargo,ND,University of North Dakota SOM,"University of North Dakota SOM, Fargo, ND",46.876936,-96.787686,place.108234988,Feature,,1,Fargo,"Fargo, North Dakota, United States",,,,dXJuOm1ieHBsYzpCbk9JN0E,Q34109,Point,,NA,NA,NA,NA
1539.199951171875,U North Dakota SOM,Grand Forks,ND,University of North Dakota SOM,"University of North Dakota SOM, Grand Forks, ND",47.924469,-97.031592,place.130468076,Feature,,1,Grand Forks,"Grand Forks, North Dakota, United States",,,,dXJuOm1ieHBsYzpCOGJJN0E,Q34144,Point,,NA,NA,NA,NA
1541,Summa Health/NEOMED,Akron,OH,Summa Health/NEOMED,"Summa Health/NEOMED, Akron, OH",40.991907,-81.53319,address.4228483077725498,Feature,,0.622593,Heath Drive,"Heath Drive, Akron, Ohio 44319, United States",,,,dXJuOm1ieGFkci1zdHI6NmEzNzI2MjAtOWViMi00ZDYzLTk4NTktNzFkOWNlOThmZThh,NA,Point,,street,NA,NA,NA
1542,Akron Gen Med Ctr/NEOMED,Akron,OH,Akron Gen Medical Center/NEOMED,"Akron Gen Medical Center/NEOMED, Akron, OH",41.08399,-81.56715,neighborhood.697904364,Feature,,0.566667,West Akron,"West Akron, Akron, Ohio, United States",,,,dXJuOm1ieHBsYzpLWmtzN0E,NA,Point,,NA,NA,NA,NA
1544,Aultman Hospital/NEOMED,Canton,OH,Aultman Hospital/NEOMED,"Aultman Hospital/NEOMED, Canton, OH",40.928493,-81.41924,neighborhood.21908716,Feature,,0.683333,Aultman,"Aultman, Canton, Ohio, United States",,,,dXJuOm1ieHBsYzpBVTVNN0E,NA,Point,,NA,NA,NA,NA
1547,Christ Hospital,Cincinnati,OH,Christ Hospital,"Christ Hospital, Cincinnati, OH",39.332209,-84.54466,address.1733915351176500,Feature,,0.697222,Christa Court,"Christa Court, Fairfield, Ohio 45014, United States",,,,dXJuOm1ieGFkci1zdHI6MWU1Y2NkNDItMzU3NS00OGFiLThlNWQtMzRhOGE3YTA2MjU0,NA,Point,,street,NA,NA,NA
1548,U Cincinnati Med Ctr,Cincinnati,OH,University of Cincinnati Medical Center,"University of Cincinnati Medical Center, Cincinnati, OH",39.102438,-84.513301,place.60967148,Feature,,1,Cincinnati,"Cincinnati, Ohio, United States",,,,dXJuOm1ieHBsYzpBNkpJN0E,Q43196,Point,,NA,NA,NA,NA
1550,Good Samaritan Hosp-Cinn,Cincinnati,OH,Good Samaritan Hospital-Cinn,"Good Samaritan Hospital-Cinn, Cincinnati, OH",39.102438,-84.513301,place.60967148,Feature,,1,Cincinnati,"Cincinnati, Ohio, United States",,,,dXJuOm1ieHBsYzpBNkpJN0E,Q43196,Point,,NA,NA,NA,NA
1551,Jewish Hospital,Cincinnati,OH,Jewish Hospital,"Jewish Hospital, Cincinnati, OH",39.102438,-84.513301,place.60967148,Feature,,1,Cincinnati,"Cincinnati, Ohio, United States",,,,dXJuOm1ieHBsYzpBNkpJN0E,Q43196,Point,,NA,NA,NA,NA
1552,Case Western/Univ Hosps Cleveland Med Ctr,Cleveland,OH,Case Western/Univ Hosps Cleveland Medical Center,"Case Western/Univ Hosps Cleveland Medical Center, Cleveland, OH",41.501377,-81.690317,place.63916268,Feature,,1,Cleveland,"Cleveland, Ohio, United States",,,,dXJuOm1ieHBsYzpBODlJN0E,Q37320,Point,,NA,NA,NA,NA
1553,Case Western/MetroHealth Med Ctr,Cleveland,OH,Case Western/MetroHealth Medical Center,"Case Western/MetroHealth Medical Center, Cleveland, OH",41.501377,-81.690317,place.63916268,Feature,,1,Cleveland,"Cleveland, Ohio, United States",,,,dXJuOm1ieHBsYzpBODlJN0E,Q37320,Point,,NA,NA,NA,NA
1560,St Vincent Charity Med Ctr,Cleveland,OH,St Vincent Charity Medical Center,"St Vincent Charity Medical Center, Cleveland, OH",41.501377,-81.690317,place.63916268,Feature,,1,Cleveland,"Cleveland, Ohio, United States",,,,dXJuOm1ieHBsYzpBODlJN0E,Q37320,Point,,NA,NA,NA,NA
1564,Grant Medical Center,Columbus,OH,Grant Medical Center,"Grant Medical Center, Columbus, OH",39.962232,-83.000642,place.68643052,Feature,,1,Columbus,"Columbus, Ohio, United States",,,,dXJuOm1ieHBsYzpCQmRvN0E,Q16567,Point,,NA,NA,NA,NA
1565,Mount Carmel Health System,Columbus,OH,Mount Carmel Health System,"Mount Carmel Health System, Columbus, OH",39.106106,-84.30538,locality.375139052,Feature,,0.592593,Mount Carmel,"Mount Carmel, Ohio, United States",,,,dXJuOm1ieHBsYzpGbHdxN0E,Q2514046,Point,,NA,NA,NA,NA
1566,Ohio State University Med Ctr,Columbus,OH,Ohio State University Medical Center,"Ohio State University Medical Center, Columbus, OH",39.962232,-83.000642,place.68643052,Feature,,1,Columbus,"Columbus, Ohio, United States",,,,dXJuOm1ieHBsYzpCQmRvN0E,Q16567,Point,,NA,NA,NA,NA
1567,Riverside Methodist,Columbus,OH,Riverside Methodist,"Riverside Methodist, Columbus, OH",40.029532,-83.02364,address.8549620906119218,Feature,,0.838889,Riverside Drive,"Riverside Drive, Columbus, Ohio 43202, United States",,,,dXJuOm1ieGFkci1zdHI6NTM1Y2MzYTUtZjA4NS00YjE0LThiNjgtNzc4ZWUwY2IzNmY1,NA,Point,,street,NA,NA,NA
1571,Huron Hospital CCHS,East Cleveland,OH,Huron Hospital CCHS,"Huron Hospital CCHS, East Cleveland, OH",41.530748,-81.581642,place.93735148,Feature,,1,East Cleveland,"East Cleveland, Ohio, United States",,,,dXJuOm1ieHBsYzpCWlpJN0E,Q998878,Point,,NA,NA,NA,NA
1572,Kaweah Delta Health Care District,Visalia,CA,Kaweah Delta Health Care District,"Kaweah Delta Health Care District, Visalia, CA",49.085167,-123.056625,place.18933799,Feature,,0.589947,Delta,"Delta, British Columbia, Canada",,,,dXJuOm1ieHBsYzpBU0RvSnc,Q851838,Point,,NA,NA,NA,NA
1574,MultiCare Good Samaritan Hosp,Puyallup,WA,MultiCare Good Samaritan Hospital,"MultiCare Good Samaritan Hospital, Puyallup, WA",38.575829,-76.855232,address.1520791272172400,Feature,,0.618519,Good Samaritan Drive,"Good Samaritan Drive, Waldorf, Maryland 20601, United States",,,,dXJuOm1ieGFkci1zdHI6NjE2Y2U0Y2MtMmY0Mi00MGFlLWFkNTYtZThlNjJmOGJhNjRk,NA,Point,,street,NA,NA,NA
1575,Sierra Vista Family Med,Fresno,CA,Sierra Vista Family Medical,"Sierra Vista Family Medical, Fresno, CA",37.151333,-120.286285,locality.510659308,Feature,,0.585185,Sierra Vista,"Sierra Vista, California, United States",,,,dXJuOm1ieHBsYzpIbkFLN0E,Q7511607,Point,,NA,NA,NA,NA
1576,Kettering Med Ctr,Kettering,OH,Kettering Medical Center,"Kettering Medical Center, Kettering, OH",39.689582,-84.168644,place.169961708,Feature,,1,Kettering,"Kettering, Ohio, United States",,,,dXJuOm1ieHBsYzpDaUZvN0E,Q866307,Point,,NA,NA,NA,NA
1578,Flower Hospital,Sylvania,OH,Flower Hospital,"Flower Hospital, Sylvania, OH",40.042296,-80.755533,address.8522306465880836,Feature,,0.625926,Hospital Road,"Hospital Road, Bellaire, Ohio 43906, United States",,,,dXJuOm1ieGFkci1zdHI6MDY1MTMwZDQtNTA5MS00NGRjLTgxMmItNjFmZGMwNTQ3NmRk,NA,Point,,street,NA,NA,NA
1579,University of Toledo,Toledo,OH,University of Toledo,"University of Toledo, Toledo, OH",41.616135,-83.58464,address.2187994611715218,Feature,,0.64,University Boulevard,"University Boulevard, Toledo, Ohio 43614, United States",,,,dXJuOm1ieGFkci1zdHI6YTliZjVjN2ItNDg1ZS00ODhjLTgwODgtYzU1MzRjZjI0NzRl,NA,Point,,street,NA,NA,NA
1580,Mercy St Vincent Med Ctr,Toledo,OH,Mercy St Vincent Medical Center,"Mercy St Vincent Medical Center, Toledo, OH",41.65534,-83.535709,place.328231148,Feature,,1,Toledo,"Toledo, Ohio, United States",,,,dXJuOm1ieHBsYzpFNUJvN0E,Q49239,Point,,NA,NA,NA,NA
1582,UAMS Regional Centers,Little Rock,AR,UAMS Regional Centers,"UAMS Regional Centers, Little Rock, AR",34.746468,-92.273114,place.189065452,Feature,,1,Little Rock,"Little Rock, Arkansas, United States",,,,dXJuOm1ieHBsYzpDMFRvN0E,Q33405,Point,,NA,NA,NA,NA
1583,Toledo Hospital,Toledo,OH,Toledo Hospital,"Toledo Hospital, Toledo, OH",41.67352,-83.59444,address.3201055128922384,Feature,,1,Toledo Hospital,"Toledo Hospital, Toledo, Ohio 43606, United States",,,,dXJuOm1ieGFkci1zdHI6ZjU0YjhkNTMtZTA5OS00MTFmLTgzZjYtZDM2MTk3Y2M3YzM3,NA,Point,,street,NA,NA,NA
1584,St Elizabeth/NEOMED,Youngstown,OH,St Elizabeth/NEOMED,"St Elizabeth/NEOMED, Youngstown, OH",41.09948,-80.649759,place.367257836,Feature,,1,Youngstown,"Youngstown, Ohio, United States",,,,dXJuOm1ieHBsYzpGZVBvN0E,Q216820,Point,,NA,NA,NA,NA
1585,Western Reserve Health Ed/NEOMED,Youngstown,OH,Western Reserve Health Ed/NEOMED,"Western Reserve Health Ed/NEOMED, Youngstown, OH",41.09948,-80.649759,place.367257836,Feature,,1,Youngstown,"Youngstown, Ohio, United States",,,,dXJuOm1ieHBsYzpGZVBvN0E,Q216820,Point,,NA,NA,NA,NA
1586,FAU-Schmidt COM,Boca Raton,FL,FAU-Schmidt COM,"FAU-Schmidt COM, Boca Raton, FL",26.35051,-80.086462,place.32188652,Feature,,1,Boca Raton,"Boca Raton, Florida, United States",,,,dXJuOm1ieHBsYzpBZXNvN0E,Q29422,Point,,NA,NA,NA,NA
1587,UCF COM/GME Consortium,Orlando,FL,UCF COM/GME Consortium,"UCF COM/GME Consortium, Orlando, FL",28.435539,-81.314894,address.2263232354417350,Feature,,0.611111,Orlando,"Orlando, Orlando, Florida 32827, United States",,,,dXJuOm1ieGFkci1zdHI6ZDAxYTUxYjUtM2E5MS00MzM5LWE5NDUtYTlhYTUxOTYyNDFk,NA,Point,,street,NA,NA,NA
1588,U Oklahoma COM-OK City,Oklahoma City,OK,University of Oklahoma COM-OK City,"University of Oklahoma COM-OK City, Oklahoma City, OK",35.46883,-97.517981,place.242952428,Feature,,1,Oklahoma City,"Oklahoma City, Oklahoma, United States",,,,dXJuOm1ieHBsYzpEbnNvN0E,Q34863,Point,,NA,NA,NA,NA
1589,All Childrens Hospital,St Petersburg,FL,All Childrens Hospital,"All Childrens Hospital, St Petersburg, FL",27.772077,-82.638486,place.316524780,Feature,,1,St. Petersburg,"St. Petersburg, Florida, United States",,,,dXJuOm1ieHBsYzpFdDNJN0E,Q49236,Point,,NA,NA,NA,NA
1590,Cahaba Medical Care,Centreville,AL,Cahaba Medical Care,"Cahaba Medical Care, Centreville, AL",32.946545,-87.135517,place.55585004,Feature,,1,Centreville,"Centreville, Alabama, United States",,,,dXJuOm1ieHBsYzpBMUFvN0E,Q79253,Point,,NA,NA,NA,NA
1592,Christ Community Health Services,Memphis,TN,Christ Community Health Services,"Christ Community Health Services, Memphis, TN",35.149844,-90.049566,place.208677100,Feature,,1,Memphis,"Memphis, Tennessee, United States",,,,dXJuOm1ieHBsYzpESEFvN0E,Q16563,Point,,NA,NA,NA,NA
1593,Kootenai Health,Coeur D'Alene,ID,Kootenai Health,"Kootenai Health, Coeur D'Alene, ID",47.696897,-116.793833,address.6833661611897548,Feature,,0.927407,N Kootenai Health Way,"N Kootenai Health Way, Coeur d'Alene, Idaho 83814, United States",,,,dXJuOm1ieGFkci1zdHI6MTMzZDFmODAtZjg0ZS00MjE5LTlhNmItYTMzNDYxMzcxOWE1,NA,Point,,street,NA,NA,NA
1594,Legacy Emanuel/Good Samaritan,Portland,OR,Legacy Emanuel/Good Samaritan,"Legacy Emanuel/Good Samaritan, Portland, OR",45.515197,-122.678367,place.466028780,Feature,,1,Portland,"Portland, Oregon, United States",,,,dXJuOm1ieHBsYzpHOGNJN0E,Q6106,Point,,NA,NA,NA,NA
1597,Providence Portland Med Ctr,Portland,OR,Providence Portland Medical Center,"Providence Portland Medical Center, Portland, OR",45.515197,-122.678367,place.466028780,Feature,,1,Portland,"Portland, Oregon, United States",,,,dXJuOm1ieHBsYzpHOGNJN0E,Q6106,Point,,NA,NA,NA,NA
1598,Prov St Vincent Hospital,Portland,OR,Prov St Vincent Hospital,"Prov St Vincent Hospital, Portland, OR",45.515197,-122.678367,place.466028780,Feature,,1,Portland,"Portland, Oregon, United States",,,,dXJuOm1ieHBsYzpHOGNJN0E,Q6106,Point,,NA,NA,NA,NA
1599,Oregon Health & Science Univ,Portland,OR,Oregon Health & Science Univ,"Oregon Health & Science Univ, Portland, OR",45.515197,-122.678367,place.466028780,Feature,,1,Portland,"Portland, Oregon, United States",,,,dXJuOm1ieHBsYzpHOGNJN0E,Q6106,Point,,NA,NA,NA,NA
1600,Abington Mem Hosp,Abington,PA,Abington Mem Hospital,"Abington Mem Hospital, Abington, PA",33.854295,-83.997443,address.4981449176711044,Feature,,0.582222,Abington Lane,"Abington Lane, Snellville, Georgia 30078, United States",,,,dXJuOm1ieGFkci1zdHI6YWM0YjYzMzgtZGJhNi00YjhkLTgwNWMtZjZjYjc4Y2Y5ZWVh,NA,Point,,street,NA,NA,NA
1601,Lehigh Valley Hosp,Allentown,PA,Lehigh Valley Hospital,"Lehigh Valley Hospital, Allentown, PA",40.602245,-75.471776,place.4655340,Feature,,1,Allentown,"Allentown, Pennsylvania, United States",,,,dXJuOm1ieHBsYzpSd2pz,Q142811,Point,,NA,NA,NA,NA
1602,Sacred Heart Hospital,Allentown,PA,Sacred Heart Hospital,"Sacred Heart Hospital, Allentown, PA",40.59165,-75.54957,neighborhood.486018284,Feature,,0.630741,Parkway Manor,"Parkway Manor, Allentown, Pennsylvania, United States",,,,dXJuOm1ieHBsYzpIUGdNN0E,NA,Point,,NA,NA,NA,NA
1603,UPMC Altoona Hospital,Altoona,PA,UPMC Altoona Hospital,"UPMC Altoona Hospital, Altoona, PA",40.48728,-78.41454,neighborhood.594062572,Feature,,0.637778,South Altoona,"South Altoona, Altoona, Pennsylvania, United States",,,,dXJuOm1ieHBsYzpJMmlzN0E,NA,Point,,NA,NA,NA,NA
1605,St Lukes-Bethlehem,Bethlehem,PA,St Lukes-Bethlehem,"St Lukes-Bethlehem, Bethlehem, PA",31.70442,35.20703,place.1722553,Feature,,0.683333,Bethlehem,"Bethlehem, Bethlehem Governorate, Palestinian Territories",,,,dXJuOm1ieHBsYzpHa2k1,Q5776,Point,,NA,NA,"Bethlehem, Bethlehem, Palestine",NA
1606,Bryn Mawr Hospital,Bryn Mawr,PA,Bryn Mawr Hospital,"Bryn Mawr Hospital, Bryn Mawr, PA",40.02232,-75.3206,address.7707102600520496,Feature,,0.72963,N. Bryn Mawr Ave,"N. Bryn Mawr Ave, Bryn Mawr, Pennsylvania 19010, United States",,,,dXJuOm1ieGFkci1zdHI6Y2I4MTBiNGMtNDcxMS00ZDRkLTkyZTktMGE5MWNmYjc1OTNm,NA,Point,,street,NA,NA,NA
1608,Geisinger Health System,Danville,PA,Geisinger Health System,"Geisinger Health System, Danville, PA",40.961705,-76.619431,place.80300268,Feature,,1,Danville,"Danville, Pennsylvania, United States",,,,dXJuOm1ieHBsYzpCTWxJN0E,Q1135472,Point,,NA,NA,NA,NA
1610,Easton Hospital,Easton,PA,Easton Hospital,"Easton Hospital, Easton, PA",41.12732,-79.54108,locality.161344236,Feature,,0.685185,Easton,"Easton, Pennsylvania, United States",,,,dXJuOm1ieHBsYzpDWjNxN0E,NA,Point,,NA,NA,NA,NA
1611.0999755859375,UPMC Hamot Med Ctr,Pittsburgh,PA,UPMC Hamot Medical Center,"UPMC Hamot Medical Center, Pittsburgh, PA",40.439375,-79.996754,place.464783596,Feature,,1,Pittsburgh,"Pittsburgh, Pennsylvania, United States",,,,dXJuOm1ieHBsYzpHN1FJN0E,Q1342,Point,,NA,NA,NA,NA
1611.199951171875,UPMC Hamot Med Ctr,Erie,PA,UPMC Hamot Medical Center,"UPMC Hamot Medical Center, Erie, PA",42.129029,-80.084963,place.103663852,Feature,,1,Erie,"Erie, Pennsylvania, United States",,,,dXJuOm1ieHBsYzpCaTNJN0E,Q234061,Point,,NA,NA,NA,NA
1612,St Vincent Hlth Ctr,Erie,PA,St Vincent Hlth Center,"St Vincent Hlth Center, Erie, PA",42.129029,-80.084963,place.103663852,Feature,,1,Erie,"Erie, Pennsylvania, United States",,,,dXJuOm1ieHBsYzpCaTNJN0E,Q234061,Point,,NA,NA,NA,NA
1615,Pinnacle Health Hosps,Harrisburg,PA,Pinnacle Health Hosps,"Pinnacle Health Hosps, Harrisburg, PA",40.259614,-76.881871,place.141437164,Feature,,1,Harrisburg,"Harrisburg, Pennsylvania, United States",,,,dXJuOm1ieHBsYzpDRzRvN0E,Q25280,Point,,NA,NA,NA,NA
1616,Conemaugh Memorial Med Ctr,Johnstown,PA,Conemaugh Memorial Medical Center,"Conemaugh Memorial Medical Center, Johnstown, PA",40.245758,-78.92007,locality.116222700,Feature,,0.596296,Conemaugh Township,"Conemaugh Township, Pennsylvania, United States",,,,dXJuOm1ieHBsYzpCdTFxN0E,NA,Point,,NA,NA,NA,NA
1617,Penn State Hershey Med Ctr,Hershey,PA,Penn State Hershey Medical Center,"Penn State Hershey Medical Center, Hershey, PA",40.284939,-76.65201,place.147466476,Feature,,1,Hershey,"Hershey, Pennsylvania, United States",,,,dXJuOm1ieHBsYzpDTW9vN0E,Q868666,Point,,NA,NA,NA,NA
1618,Lancaster Gen Hosp,Lancaster,PA,Lancaster Gen Hospital,"Lancaster Gen Hospital, Lancaster, PA",40.038006,-76.34384,neighborhood.705301740,Feature,,0.647778,West Lancaster,"West Lancaster, Lancaster, Pennsylvania, United States",,,,dXJuOm1ieHBsYzpLZ29NN0E,NA,Point,,NA,NA,NA,NA
1619,Montgomery Hospital,Lebanon,PA,Montgomery Hospital,"Montgomery Hospital, Lebanon, PA",40.429006,-76.59286,address.8083517806694416,Feature,,0.788889,Hospital Road,"Hospital Road, Annville, Pennsylvania 17028, United States",,,,NA,NA,Point,,street,NA,NA,NA
1620.0999755859375,UPMC McKeesport,McKeesport,PA,UPMC McKeesport,"UPMC McKeesport, McKeesport, PA",40.276097,-79.878878,address.7134340932963282,Feature,,0.713889,Mckeesport Road,"Mckeesport Road, Elizabeth, Pennsylvania 15037, United States",,,,dXJuOm1ieGFkci1zdHI6MGZjOGZkNTQtZjQwYy00YzI1LWI0YmItNzVkZTRiMDM0NmZi,NA,Point,,street,NA,NA,NA
1620.199951171875,UPMC McKeesport,Pittsburgh,PA,UPMC McKeesport,"UPMC McKeesport, Pittsburgh, PA",40.439375,-79.996754,place.464783596,Feature,,0.666667,Pittsburgh,"Pittsburgh, Pennsylvania, United States",,,,dXJuOm1ieHBsYzpHN1FJN0E,Q1342,Point,,NA,NA,NA,NA
1621,Montgomery Hospital,Norristown,PA,Montgomery Hospital,"Montgomery Hospital, Norristown, PA",40.133437,-75.356537,address.2652954443988518,Feature,,0.7,Montgomery Avenue,"Montgomery Avenue, Norristown, Pennsylvania 19403, United States",,,,dXJuOm1ieGFkci1zdHI6NThjNDM1OWEtMmJmYy00MDUzLWJhZTAtZThjYmNlMGI2NTcz,NA,Point,,street,NA,NA,NA
1622,Hidalgo Medical Services,Silver City,NM,Hidalgo Medical Services,"Hidalgo Medical Services, Silver City, NM",32.77379,-108.275927,place.303130860,Feature,,1,Silver City,"Silver City, New Mexico, United States",,,,dXJuOm1ieHBsYzpFaEZvN0E,Q985526,Point,,NA,NA,NA,NA
1628,Hosp of the Univ of,Philadelphia,PA,Hospital of the Univ of,"Hospital of the Univ of, Philadelphia, PA",38.309723,-104.59857,neighborhood.667798764,Feature,,0.497407,University,"University, Pueblo, Colorado, United States",,,,dXJuOm1ieHBsYzpKODNNN0E,NA,Point,,NA,NA,"University, Pablas, Colorado, United States",NA
1629,Halifax Med Ctr,Daytona Beach,FL,Halifax Medical Center,"Halifax Medical Center, Daytona Beach, FL",29.199912,-81.058877,address.3107705674340784,Feature,,1,Halifax Medical Center Drive,"Halifax Medical Center Drive, Daytona Beach, Florida 32114, United States",,,,dXJuOm1ieGFkci1zdHI6MjA4YTdlZmQtZGJhNS00ZmQ2LThlZGItYWVmOTE2ZDMwMzRl,NA,Point,,street,NA,NA,NA
1630,Thomas Jefferson Univ,Philadelphia,PA,Thomas Jefferson Univ,"Thomas Jefferson Univ, Philadelphia, PA",39.952756,-75.166853,place.257591532,Feature,,1,Philadelphia,"Philadelphia, Pennsylvania, United States",,,,dXJuOm1ieHBsYzpEMXFJN0E,Q1345,Point,,NA,NA,NA,NA
1631,Albert Einstein Med Ctr,Philadelphia,PA,Albert Einstein Medical Center,"Albert Einstein Medical Center, Philadelphia, PA",39.952756,-75.166853,place.257591532,Feature,,1,Philadelphia,"Philadelphia, Pennsylvania, United States",,,,dXJuOm1ieHBsYzpEMXFJN0E,Q1345,Point,,NA,NA,NA,NA
1632,Lankenau Hospital,Wynnewood,PA,Lankenau Hospital,"Lankenau Hospital, Wynnewood, PA",40.001248,-75.276226,place.365832428,Feature,,1,Wynnewood,"Wynnewood, Pennsylvania, United States",,,,dXJuOm1ieHBsYzpGYzRvN0E,Q8040222,Point,,NA,NA,NA,NA
1633,Billings Clinic,Billings,MT,Billings Clinic,"Billings Clinic, Billings, MT",45.834644,-108.45959,neighborhood.49491180,Feature,,0.7,Billings Heights,"Billings Heights, Billings, Montana, United States",,,,dXJuOm1ieHBsYzpBdk1zN0E,NA,Point,,NA,NA,NA,NA
1634,Pine Rest Christian Mental Hlth Svcs,Grand Rapids,MI,Pine Rest Christian Mental Hlth Svcs,"Pine Rest Christian Mental Hlth Svcs, Grand Rapids, MI",42.967397,-85.644622,neighborhood.404065516,Feature,,0.601111,Midtown,"Midtown, Grand Rapids, Michigan, United States",,,,dXJuOm1ieHBsYzpHQldNN0E,NA,Point,,NA,NA,NA,NA
1636,Mercy Catholic Med,Darby,PA,Mercy Catholic Medical,"Mercy Catholic Medical, Darby, PA",39.917756,-75.255593,place.80414956,Feature,,1,Darby,"Darby, Pennsylvania, United States",,,,dXJuOm1ieHBsYzpCTXNJN0E,Q1133990,Point,,NA,NA,NA,NA
1637,Kaiser Permanente-Napa/Solano,Vallejo,CA,Kaiser Permanente-Napa/Solano,"Kaiser Permanente-Napa/Solano, Vallejo, CA",38.078243,-122.237305,neighborhood.92392684,Feature,,0.565852,Carquinez Heights,"Carquinez Heights, Vallejo, California, United States",,,,dXJuOm1ieHBsYzpCWUhNN0E,NA,Point,,NA,NA,NA,NA
1638,Temple Univ/Fox Chase Cancer Ctr,Philadelphia,PA,Temple Univ/Fox Chase Cancer Center,"Temple Univ/Fox Chase Cancer Center, Philadelphia, PA",39.952756,-75.166853,place.257591532,Feature,,1,Philadelphia,"Philadelphia, Pennsylvania, United States",,,,dXJuOm1ieHBsYzpEMXFJN0E,Q1345,Point,,NA,NA,NA,NA
1639,Pennsylvania Hospital,Philadelphia,PA,Pennsylvania Hospital,"Pennsylvania Hospital, Philadelphia, PA",39.924877,-75.172935,neighborhood.592162028,Feature,,0.75,Snyder,"Snyder, Philadelphia, Pennsylvania, United States",,,,dXJuOm1ieHBsYzpJMHVzN0E,NA,Point,,NA,Passyunk West,"Passyunk West, Philadelphia, Pennsylvania, United States",NA
1642,Medical City Fort Worth,Fort Worth,TX,Medical City Fort Worth,"Medical City Fort Worth, Fort Worth, TX",32.898854,-97.311213,address.4023516873678850,Feature,,0.819841,Medical City Way,"Medical City Way, Fort Worth, Texas 76177, United States",,,,dXJuOm1ieGFkci1zdHI6NzFkOTQyN2MtMjNlYi00YTdlLWIyYzAtNTQ4OGYzNmU5ZmQ0,NA,Point,,street,NA,NA,NA
1646,Temple Univ Hosp,Philadelphia,PA,Temple Univ Hospital,"Temple Univ Hospital, Philadelphia, PA",39.952756,-75.166853,place.257591532,Feature,,1,Philadelphia,"Philadelphia, Pennsylvania, United States",,,,dXJuOm1ieHBsYzpEMXFJN0E,Q1345,Point,,NA,NA,NA,NA
1648,Allegheny Gen Hosp,Pittsburgh,PA,Allegheny Gen Hospital,"Allegheny Gen Hospital, Pittsburgh, PA",40.37814,-80.064866,address.2291802774577550,Feature,,0.806667,Hospital Drive,"Hospital Drive, Pittsburgh, Pennsylvania 15243, United States",,,,NA,NA,Point,,street,NA,NA,NA
1649,UPMC Mercy Hospital,Pittsburgh,PA,UPMC Mercy Hospital,"UPMC Mercy Hospital, Pittsburgh, PA",40.462407,-80.008539,address.2621523015250856,Feature,,0.776667,Mercy Street,"Mercy Street, Pittsburgh, Pennsylvania 15214, United States",,,,dXJuOm1ieGFkci1zdHI6MjdkYzkyOTMtODBiMS00NWViLTlhY2EtM2I0YzhhMzRhYjFh,NA,Point,,street,NA,NA,NA
1652,UPMC Medical Education,Pittsburgh,PA,UPMC Medical Education,"UPMC Medical Education, Pittsburgh, PA",40.439375,-79.996754,place.464783596,Feature,,1,Pittsburgh,"Pittsburgh, Pennsylvania, United States",,,,dXJuOm1ieHBsYzpHN1FJN0E,Q1342,Point,,NA,NA,NA,NA
1653,St Christophers Hosp,Philadelphia,PA,St Christophers Hospital,"St Christophers Hospital, Philadelphia, PA",39.952756,-75.166853,place.257591532,Feature,,1,Philadelphia,"Philadelphia, Pennsylvania, United States",,,,dXJuOm1ieHBsYzpEMXFJN0E,Q1345,Point,,NA,NA,NA,NA
1654,Jefferson Med Coll/duPont Childrens,Philadelphia,PA,Jefferson Medical Coll/duPont Childrens,"Jefferson Medical Coll/duPont Childrens, Philadelphia, PA",39.952756,-75.166853,place.257591532,Feature,,1,Philadelphia,"Philadelphia, Pennsylvania, United States",,,,dXJuOm1ieHBsYzpEMXFJN0E,Q1345,Point,,NA,NA,NA,NA
1656,UPMC St Margaret,Pittsburgh,PA,UPMC St Margaret,"UPMC St Margaret, Pittsburgh, PA",40.50162,-79.931946,neighborhood.485338348,Feature,,0.675185,Park View,"Park View, Pittsburgh, Pennsylvania, United States",,,,dXJuOm1ieHBsYzpITzJzN0E,NA,Point,,NA,NA,NA,NA
1657,UPMC Presbyterian Shadyside,Pittsburgh,PA,UPMC Presbyterian Shadyside,"UPMC Presbyterian Shadyside, Pittsburgh, PA",40.450535,-79.941846,address.3312998779182656,Feature,,0.73037,Shadyside Lane,"Shadyside Lane, Pittsburgh, Pennsylvania 15232, United States",,,,dXJuOm1ieGFkci1zdHI6ODVjMmYwNjQtYTQ5ZC00ODI0LTk2YzItMWRjNzk4MzhmZTZl,NA,Point,,street,NA,NA,NA
1659,Western Pennsylvania Hosp,Pittsburgh,PA,Western Pennsylvania Hospital,"Western Pennsylvania Hospital, Pittsburgh, PA",40.44373,-79.87636,neighborhood.485002476,Feature,,0.71963,Park Triangle,"Park Triangle, Pittsburgh, Pennsylvania, United States",,,,dXJuOm1ieHBsYzpIT2lNN0E,NA,Point,,NA,NA,NA,NA
1661,Reading Hospital Med Ctr,Reading,PA,Reading Hospital Medical Center,"Reading Hospital Medical Center, Reading, PA",40.329308,-75.90529,neighborhood.185060588,Feature,,0.596296,East Reading,"East Reading, Reading, Pennsylvania, United States",,,,dXJuOm1ieHBsYzpDd2ZNN0E,NA,Point,,NA,NA,NA,NA
1662,Oak Hill Hospital,Brooksville,FL,Oak Hill Hospital,"Oak Hill Hospital, Brooksville, FL",28.555638,-82.387865,place.40093932,Feature,,1,Brooksville,"Brooksville, Florida, United States",,,,dXJuOm1ieHBsYzpBbVBJN0E,Q587435,Point,,NA,NA,NA,NA
1663,Family Health Ctrs at NYU Langone,Brooklyn,NY,Family Health Ctrs at NYU Langone,"Family Health Ctrs at NYU Langone, Brooklyn, NY",40.6526,-73.949700000000007,locality.66915052,Feature,,1,Brooklyn,"Brooklyn, New York, United States",,,,dXJuOm1ieHBsYzpBLzBLN0E,Q18419,Point,,NA,NA,"Brooklyn, New York, United States",NA
1664,Guthrie/Robert Packer Hosp,Sayre,PA,Guthrie/Robert Packer Hospital,"Guthrie/Robert Packer Hospital, Sayre, PA",41.98055,-76.51534,place.556198124,Feature,,1,Sayre,"Sayre, Pennsylvania, United States",,,,dXJuOm1ieHBsYzpJU2JvN0E,Q942389,Point,,NA,NA,NA,NA
1669,Washington Hospital,Washington,PA,Washington Hospital,"Washington Hospital, Washington, PA",46.59803,-120.482925,neighborhood.690711788,Feature,,0.693704,Washington Park,"Washington Park, Yakima, Washington, United States",,,,dXJuOm1ieHBsYzpLU3RzN0E,NA,Point,,NA,NA,NA,NA
1673,Williamsport Hosp,Williamsport,PA,Williamsport Hospital,"Williamsport Hospital, Williamsport, PA",40.26081,-87.295,address.1165902109237266,Feature,,0.45,E Williamsport,"E Williamsport, Williamsport, Indiana 47993, United States",,,,dXJuOm1ieGFkci1zdHI6NDVhNDk5ODQtMWVlYy00NWI3LThhODQtNmYyNzNmYmM1NzQx,NA,Point,,street,NA,NA,
1674,York Hospital,York,PA,York Hospital,"York Hospital, York, PA",54.01392,-0.7577,locality.137775695,Feature,,0.615,Painsthorpe,"Painsthorpe, East Riding of Yorkshire, England, United Kingdom",,,,dXJuOm1ieHBsYzpDRFpLVHc,Q7124913,Point,,NA,NA,NA,NA
1676,Brown Med Sch/Memorial Hosp,Pawtucket,RI,Brown Medical Sch/Memorial Hospital,"Brown Medical Sch/Memorial Hospital, Pawtucket, RI",41.877169,-71.384302,place.253642988,Feature,,1,Pawtucket,"Pawtucket, Rhode Island, United States",,,,dXJuOm1ieHBsYzpEeDVJN0E,Q49200,Point,,NA,NA,NA,NA
1677,Rhode Island Hosp/Brown U,Providence,RI,Rhode Island Hospital/Brown U,"Rhode Island Hospital/Brown U, Providence, RI",41.823098,-71.41099,place.269052140,Feature,,1,Providence,"Providence, Rhode Island, United States",,,,dXJuOm1ieHBsYzpFQWxvN0E,Q18383,Point,,NA,NA,NA,NA
1678,Roger Williams Med Ctr,Providence,RI,Roger Williams Medical Center,"Roger Williams Medical Center, Providence, RI",41.823098,-71.41099,place.269052140,Feature,,1,Providence,"Providence, Rhode Island, United States",,,,dXJuOm1ieHBsYzpFQWxvN0E,Q18383,Point,,NA,NA,NA,NA
1680,Medical University of,Charleston,SC,Medical University of,"Medical University of, Charleston, SC",32.976287,-80.066406,address.5591190281568270,Feature,,0.592222,University Boulevard,"University Boulevard, North Charleston, South Carolina 29406, United States",,,,dXJuOm1ieGFkci1zdHI6ZGViYTU1OGMtZjZiZi00MmRjLWFjYmMtNmVmNjE4ODEwNzA5,NA,Point,,street,NA,NA,NA
1681,Palmetto Health Richland,Columbia,SC,Palmetto Health Richland,"Palmetto Health Richland, Columbia, SC",34.088205,-81.160277,address.6901030518375356,Feature,,0.790889,Palmetto Health Parkway,"Palmetto Health Parkway, Columbia, South Carolina 29212, United States",,,,dXJuOm1ieGFkci1zdHI6YTY0NmZhOTItMGVlZi00MGE3LTk4YTgtYzE1YzQ5ZmM3MTFh,NA,Point,,street,NA,"Palmetto Health Parkway, Columbia, South Carolina 29212, United States",NA
1682,Family Health Centers of San Diego,San Diego,CA,Family Health Centers of San Diego,"Family Health Centers of San Diego, San Diego, CA",9.901373,-84.001438,address.6152918282400926,Feature,,0.700494,Calle San Diego,"Calle San Diego, La Unión - Cartago, 30302, Costa Rica",,,,NA,NA,Point,,street,NA,NA,NA
1683,Greenville Health Sys/Univ of So Carolina,Greenville,SC,Greenville Health System/Univ of So Carolina,"Greenville Health System/Univ of So Carolina, Greenville, SC",34.849611,-82.399498,place.134228204,Feature,,1,Greenville,"Greenville, South Carolina, United States",,,,dXJuOm1ieHBsYzpDQUFvN0E,Q574192,Point,,NA,NA,NA,NA
1685,Spartanburg Reg Healthcare,Spartanburg,SC,Spartanburg Reg Healthcare,"Spartanburg Reg Healthcare, Spartanburg, SC",34.862085,-82.381377,address.2596754931758836,Feature,,0.683333,Spartanburg Street,"Spartanburg Street, Greenville, South Carolina 29607, United States",,,,dXJuOm1ieGFkci1zdHI6MzVhYzhhYjMtNWM3My00OGVmLWFhOTItNWZkMGIyNWM3MmEx,NA,Point,,street,Spartanburg,"Spartanburg, Greenville, South Carolina 29607, United States",NA
1689,U Tennessee COM-Chattanooga,Chattanooga,TN,University of Tennessee COM-Chattanooga,"University of Tennessee COM-Chattanooga, Chattanooga, TN",35.045767,-85.308281,place.57616620,Feature,,1,Chattanooga,"Chattanooga, Tennessee, United States",,,,dXJuOm1ieHBsYzpBMjhvN0E,Q186702,Point,,NA,NA,NA,NA
1690,Marian Regional Med Ctr,Santa Maria,CA,Marian Regional Medical Center,"Marian Regional Medical Center, Santa Maria, CA",34.953073,-120.435967,place.293292268,Feature,,1,Santa Maria,"Santa Maria, California, United States",,,,dXJuOm1ieHBsYzpFWHRJN0E,Q643953,Point,,NA,NA,NA,NA
1691,Hilo Medical Center,Hilo,HI,Hilo Medical Center,"Hilo Medical Center, Hilo, HI",19.705506,-155.080147,place.436390124,Feature,,1,Hilo,"Hilo, Hawaii, United States",,,,dXJuOm1ieHBsYzpHZ0xJN0E,Q216258,Point,,NA,NA,NA,NA
1692,Forrest General Hospital,Hattiesburg,MS,Forrest General Hospital,"Forrest General Hospital, Hattiesburg, MS",31.09128,-89.213696,address.7279138036023380,Feature,,0.627778,US Route 49,"US Route 49, Hattiesburg, Mississippi 39401, United States",,,,dXJuOm1ieGFkci1zdHI6MGYyY2QyMmQtNGZkNy00NzNjLTlmMzItYTM4Y2ZiYTEyNGY3,NA,Point,,street,MS 28,"MS 28, Hattiesburg, Mississippi 39401, United States",NA
1694,Baptist Mem Hosp,Memphis,TN,Baptist Mem Hospital,"Baptist Mem Hospital, Memphis, TN",35.090369,-89.809649,address.3547407834342604,Feature,,0.637778,Hospital Drive,"Hospital Drive, Memphis, Tennessee 38138, United States",,,,NA,NA,Point,,street,NA,NA,NA
1697,Kendall Regional Med Ctr,Miami,FL,Kendall Regional Medical Center,"Kendall Regional Medical Center, Miami, FL",25.704334,-80.2895,neighborhood.182398188,Feature,,0.652593,East Kendall,"East Kendall, Miami, Florida, United States",,,,dXJuOm1ieHBsYzpDdDhzN0E,NA,Point,,NA,NA,NA,NA
1699,UT St Thomas Hospitals,Nashville,TN,UT St Thomas Hospitals,"UT St Thomas Hospitals, Nashville, TN",36.164518,-86.781073,place.226805996,Feature,,1,Nashville,"Nashville, Tennessee, United States",,,,dXJuOm1ieHBsYzpEWVRJN0E,Q23197,Point,,NA,NA,NA,NA
1700.0999755859375,North Shore-LIJ Health Sys,Great Neck,NY,North Shore-LIJ Health System,"North Shore-LIJ Health System, Great Neck, NY",40.787006,-73.73692,locality.223046380,Feature,,0.57037,Great Neck Estates,"Great Neck Estates, New York, United States",,,,dXJuOm1ieHBsYzpEVXRxN0E,NA,Point,,NA,NA,NA,NA
1700.199951171875,Zucker SOM-Northwell NS/LIJ,Manhasset,NY,Zucker SOM-Northwell NS/LIJ,"Zucker SOM-Northwell NS/LIJ, Manhasset, NY",40.796783,-73.699414,place.199067884,Feature,,1,Manhasset,"Manhasset, New York, United States",,,,dXJuOm1ieHBsYzpDOTJJN0E,Q286148,Point,,NA,NA,NA,NA
1701,Prov Milwaukie Hospital,Milwaukie,OR,Prov Milwaukie Hospital,"Prov Milwaukie Hospital, Milwaukie, OR",45.430202,-122.63465,neighborhood.410004716,Feature,,0.776667,Milwaukie Heights,"Milwaukie Heights, Milwaukie, Oregon, United States",,,,dXJuOm1ieHBsYzpHSEFzN0E,NA,Point,,NA,NA,NA,NA
1702,Vanderbilt Univ Med Ctr,Nashville,TN,Vanderbilt Univ Medical Center,"Vanderbilt Univ Medical Center, Nashville, TN",36.164518,-86.781073,place.226805996,Feature,,1,Nashville,"Nashville, Tennessee, United States",,,,dXJuOm1ieHBsYzpEWVRJN0E,Q23197,Point,,NA,NA,NA,NA
1703,Driscoll Childrens Hosp,Corpus Christi,TX,Driscoll Childrens Hospital,"Driscoll Childrens Hospital, Corpus Christi, TX",27.779082,-97.416415,address.5586834660082870,Feature,,0.67037,Hospital Boulevard,"Hospital Boulevard, Corpus Christi, Texas 78405, United States",,,,dXJuOm1ieGFkci1zdHI6Yzc0M2IwMGItODc2ZC00MTlmLThkM2MtN2MwOGU1M2UyYjUw,NA,Point,,street,NA,NA,NA
1705,Christus Spohn Mem Hosp,Corpus Christi,TX,Christus Spohn Mem Hospital,"Christus Spohn Mem Hospital, Corpus Christi, TX",27.632185,-97.233446,address.7844187879966020,Feature,,0.643439,John F Kennedy Memorial Causeway,"John F Kennedy Memorial Causeway, Corpus Christi, Texas 78418, United States",,,,dXJuOm1ieGFkci1zdHI6MmQyYmM4YWUtMGMxMC00OWY5LTk4MWUtMDBkY2JmNDhiYzJl,NA,Point,,street,TX 22 Highway,"TX 22 Highway, Corpus Christi, Texas 78418, United States",NA
1706,Baylor Univ Med Ctr-Dallas,Dallas,TX,Baylor Univ Medical Center-Dallas,"Baylor Univ Medical Center-Dallas, Dallas, TX",33.587994,-99.26028,district.1263340,Feature,,0.447619,Baylor County,"Baylor County, Texas, United States",,,,dXJuOm1ieHBsYzpFMGJz,Q108520,Point,,NA,NA,NA,NA
1707,Methodist Health System Dallas,Dallas,TX,Methodist Health System Dallas,"Methodist Health System Dallas, Dallas, TX",32.778664,-96.857506,neighborhood.700443884,Feature,,0.606296,West Dallas,"West Dallas, Dallas, Texas, United States",,,,dXJuOm1ieHBsYzpLYi9zN0E,NA,Point,,NA,NA,NA,NA
1708,Clinica Sierra Vista,Bakersfield,CA,Clinica Sierra Vista,"Clinica Sierra Vista, Bakersfield, CA",35.379014,-118.958518,address.2383331445968760,Feature,,0.911111,Sierra Vista,"Sierra Vista, Bakersfield, California 93306, United States",,,,dXJuOm1ieGFkci1zdHI6NzU3OTE0NGYtOGY3Yy00ZTdiLWIyMGEtODZjNWNiNWJiYTcx,NA,Point,,street,NA,NA,NA
1710,Texas Tech U Affil-El Paso,El Paso,TX,Texas Tech U Affil-El Paso,"Texas Tech U Affil-El Paso, El Paso, TX",31.801939,-106.542276,address.8231437025075786,Feature,,0.76284,Mcnutt Road,"Mcnutt Road, El Paso, Texas 79922, United States",,,,dXJuOm1ieGFkci1zdHI6YmQxOGNmYzEtZDg0MC00MDUwLWIzYTUtNzkyYzlhNGRkNDQy,NA,Point,,street,TX 273,"TX 273, El Paso, Texas 79922, United States",NA
1711,John Peter Smith Hosp,Fort Worth,TX,John Peter Smith Hospital,"John Peter Smith Hospital, Fort Worth, TX",32.753521,-97.331527,place.115763436,Feature,,1,Fort Worth,"Fort Worth, Texas, United States",,,,dXJuOm1ieHBsYzpCdVpvN0E,Q16558,Point,,NA,NA,NA,NA
1713,Texas A&M-Bryan/College Station,Bryan,TX,Texas A&M-Bryan/College Station,"Texas A&M-Bryan/College Station, Bryan, TX",30.610066,-96.343407,neighborhood.641731820,Feature,,0.75,Texas A&M,"Texas A&M, College Station, Texas, United States",,,,dXJuOm1ieHBsYzpKa0FNN0E,NA,Point,,NA,NA,NA,NA
1714,U Texas Med Branch-Galveston,Galveston,TX,University of Texas Medical Branch-Galveston,"University of Texas Medical Branch-Galveston, Galveston, TX",29.305554,-94.793248,place.120883436,Feature,,1,Galveston,"Galveston, Texas, United States",,,,dXJuOm1ieHBsYzpCelNJN0E,Q135744,Point,,NA,NA,NA,NA
1715,Samaritan Health ServicesÐCorvallis,Corvallis,OR,Samaritan Health ServicesÐCorvallis,"Samaritan Health ServicesÐCorvallis, Corvallis, OR",44.60932,-123.245679,address.3829351306590884,Feature,,0.630741,Pacific Highway West,"Pacific Highway West, Corvallis, Oregon 97330, United States",,,,dXJuOm1ieGFkci1zdHI6NGVlNjgwOGUtOTFmZi00YWZkLTlhZmUtYmE1MmFmYzFjZjYx,NA,Point,,street,Or 99w,"Or 99w, Corvallis, Oregon 97330, United States",NA
1716,Baylor Coll Med-Houston,Houston,TX,Baylor Coll Medical-Houston,"Baylor Coll Medical-Houston, Houston, TX",29.760496,-95.363433,place.154609900,Feature,,1,Houston,"Houston, Texas, United States",,,,dXJuOm1ieHBsYzpDVGNvN0E,Q16555,Point,,NA,NA,NA,NA
1717,William Beaumont Army Med Ctr,El Paso,TX,William Beaumont Army Medical Center,"William Beaumont Army Medical Center, El Paso, TX",31.759959,-106.485407,place.422881516,Feature,,1,El Paso,"El Paso, Texas, United States",,,,dXJuOm1ieHBsYzpHVFNvN0E,Q16562,Point,,NA,NA,NA,NA
1719,Presbyterian Hosp-Dallas,Dallas,TX,Presbyterian Hospital-Dallas,"Presbyterian Hospital-Dallas, Dallas, TX",32.93808,-96.822338,address.540459907109090,Feature,,0.786667,Dallas Parkway,"Dallas Parkway, Dallas, Texas 75254, United States",,,,dXJuOm1ieGFkci1zdHI6MWQ2ZjMxZDQtNWQ1ZC00ZmYzLWFjZjItMzc3ZjE2MTcwZmRj,NA,Point,,street,NA,NA,NA
1721,Kadlec Regional Med Ctr,Richland,WA,Kadlec Regional Medical Center,"Kadlec Regional Medical Center, Richland, WA",46.274817,-119.275233,place.276596972,Feature,,1,Richland,"Richland, Washington, United States",,,,dXJuOm1ieHBsYzpFSHlJN0E,Q693638,Point,,NA,NA,NA,NA
1722,U Texas HSC-San Antonio,San Antonio,TX,University of Texas HSC-San Antonio,"University of Texas HSC-San Antonio, San Antonio, TX",29.424534,-98.491484,place.291252460,Feature,,1,San Antonio,"San Antonio, Texas, United States",,,,dXJuOm1ieHBsYzpFVndvN0E,Q975,Point,,NA,NA,NA,NA
1725,Baylor-Scott & White,Temple,TX,Baylor-Scott & White,"Baylor-Scott & White, Temple, TX",31.097795,-97.341396,place.324274412,Feature,,1,Temple,"Temple, Texas, United States",,,,dXJuOm1ieHBsYzpFMVFJN0E,Q427075,Point,,NA,NA,NA,NA
1727,Kaiser Permanente Hawaii,Honolulu,HI,Kaiser Permanente Hawaii,"Kaiser Permanente Hawaii, Honolulu, HI",21.308499,-157.861535,place.153061612,Feature,,1,Honolulu,"Honolulu, Hawaii, United States",,,,dXJuOm1ieHBsYzpDUitJN0E,Q18094,Point,,NA,NA,NA,NA
1729,Intermountain Med Ctr,Murray,UT,Intermountain Medical Center,"Intermountain Medical Center, Murray, UT",40.659381,-111.888395,address.4839066782830982,Feature,,0.915556,East Intermountain Drive,"East Intermountain Drive, Murray, Utah 84107, United States",,,,NA,NA,Point,,street,Intermountain Drive,"Intermountain Drive, Murray, Utah 84107, United States",NA
1730,Utah HealthCare Institute,Salt Lake City,UT,Utah HealthCare Institute,"Utah HealthCare Institute, Salt Lake City, UT",40.73742,-111.93659,neighborhood.671313132,Feature,,0.863016,Utah Southern Addition,"Utah Southern Addition, Salt Lake City, Utah, United States",,,,dXJuOm1ieHBsYzpLQU5zN0E,NA,Point,,NA,NA,NA,NA
1731,Community Health Care,Tacoma,WA,Community Health Care,"Community Health Care, Tacoma, WA",47.19899,-122.37052,locality.585026284,Feature,,0.630741,Waller,"Waller, Washington, United States",,,,dXJuOm1ieHBsYzpJdDdLN0E,Q1502819,Point,,NA,NA,NA,NA
1732,U Utah Affil Hospitals,Salt Lake City,UT,University of Utah Affil Hospitals,"University of Utah Affil Hospitals, Salt Lake City, UT",40.725438,-111.882016,address.1016066265979450,Feature,,0.604198,East 2100 South,"East 2100 South, Salt Lake City, Utah 84115, United States",,,,dXJuOm1ieGFkci1zdHI6N2E4ZWE2ZTItZmI2MS00MzU1LTk0Y2YtNTMyNjZkZjBlZDEy,NA,Point,,street,Utah Highway 201,"Utah Highway 201, Salt Lake City, Utah 84115, United States",NA
1733,VCU-Fairfax Family Med Res,Fairfax,VA,VCU-Fairfax Family Medical Res,"VCU-Fairfax Family Medical Res, Fairfax, VA",38.846266,-77.306605,place.106514668,Feature,,1,Fairfax,"Fairfax, Virginia, United States",,,,dXJuOm1ieHBsYzpCbGxJN0E,Q501785,Point,,NA,NA,NA,NA
1734,Univ of Vermont Medical Center,Burlington,VT,Univ of Vermont Medical Center,"Univ of Vermont Medical Center, Burlington, VT",44.475884,-73.214003,place.43788524,Feature,,1,Burlington,"Burlington, Vermont, United States",,,,dXJuOm1ieHBsYzpBcHdvN0E,Q31058,Point,,NA,NA,NA,NA
1735,McLennan County Fam Med,Waco,TX,McLennan County Fam Medical,"McLennan County Fam Medical, Waco, TX",31.521344,-97.168947,address.5250851462177270,Feature,,0.841852,Tx-340 Loop,"Tx-340 Loop, Waco, Texas 76710, United States",,,,dXJuOm1ieGFkci1zdHI6YTY3M2FjMmUtY2MwNi00ZjE3LWE5YzAtMWE4Y2Y3YzdlYjI5,NA,Point,,street,NA,NA,NA
1736,McKay-Dee Hospital Ctr,Ogden,UT,McKay-Dee Hospital Center,"McKay-Dee Hospital Center, Ogden, UT",40.250828,-112.39931,locality.93776620,Feature,,0.611111,Center,"Center, Utah, United States",,,,dXJuOm1ieHBsYzpCWmJxN0E,NA,Point,,NA,NA,NA,NA
1737,University of Virginia,Charlottesville,VA,University of Virginia,"University of Virginia, Charlottesville, VA",38.030395,-78.477477,place.57174252,Feature,,1,Charlottesville,"Charlottesville, Virginia, United States",,,,dXJuOm1ieHBsYzpBMmhvN0E,Q123766,Point,,NA,NA,NA,NA
1739,Riverside Reg Med Ctr,Newport News,VA,Riverside Reg Medical Center,"Riverside Reg Medical Center, Newport News, VA",37.057377,-76.498604,neighborhood.541650156,Feature,,0.680635,Riverside,"Riverside, Newport News, Virginia, United States",,,,dXJuOm1ieHBsYzpJRWpzN0E,NA,Point,,NA,NA,NA,NA
1741,Henry Ford Allegiance Health,Jackson,MI,Henry Ford Allegiance Health,"Henry Ford Allegiance Health, Jackson, MI",42.246577,-84.40712,place.162064620,Feature,,1,Jackson,"Jackson, Michigan, United States",,,,dXJuOm1ieHBsYzpDYWpvN0E,Q984374,Point,,NA,NA,NA,NA
1742,VCU-Shenandoah Valley,Front Royal,VA,VCU-Shenandoah Valley,"VCU-Shenandoah Valley, Front Royal, VA",38.918103,-78.193545,place.119285996,Feature,,1,Front Royal,"Front Royal, Virginia, United States",,,,dXJuOm1ieHBsYzpCeHdvN0E,Q508358,Point,,NA,NA,NA,NA
1743,Virginia Commonwealth U Hlth Sys,Richmond,VA,Virginia Commonwealth U Hlth System,"Virginia Commonwealth U Hlth System, Richmond, VA",37.440273,-77.357574,neighborhood.675400940,Feature,,0.628889,Varina Gardens,"Varina Gardens, Richmond, Virginia, United States",,,,dXJuOm1ieHBsYzpLRUhNN0E,NA,Point,,NA,NA,NA,NA
1744,AU-UGA Medical Partnership,Athens,GA,AU-UGA Medical Partnership,"AU-UGA Medical Partnership, Athens, GA",33.957715,-83.37524,place.13297900,Feature,,1,Athens,"Athens, Georgia, United States",,,,dXJuOm1ieHBsYzp5dWpz,Q203263,Point,,NA,NA,NA,NA
1748,Carilion Clinic-Virginia Tech Carilion SOM,Roanoke,VA,Carilion Clinic-Virginia Tech Carilion SOM,"Carilion Clinic-Virginia Tech Carilion SOM, Roanoke, VA",37.271828,-79.940557,place.279898348,Feature,,1,Roanoke,"Roanoke, Virginia, United States",,,,dXJuOm1ieHBsYzpFSzdvN0E,Q501796,Point,,NA,NA,NA,NA
1752,Aventura Hospital,Aventura,FL,Aventura Hospital,"Aventura Hospital, Aventura, FL",25.97052,-80.14466,address.7238406812472460,Feature,,0.838889,Aventura Blvd,"Aventura Blvd, Aventura, Florida 33180, United States",,,,dXJuOm1ieGFkci1zdHI6ZjcwYjU4NzItYmNmOS00OGMyLTg1YjgtMGNkMGE5NTI5ZGIw,NA,Point,,street,NA,NA,NA
1755,Swedish Med Ctr,Seattle,WA,Swedish Medical Center,"Swedish Medical Center, Seattle, WA",42.355542,-83.054434,neighborhood.398249196,Feature,,0.637037,Medical Center,"Medical Center, Detroit, Michigan, United States",,,,dXJuOm1ieHBsYzpGN3pNN0E,NA,Point,,NA,NA,NA,NA
1756,Virginia Mason Med Ctr,Seattle,WA,Virginia Mason Medical Center,"Virginia Mason Medical Center, Seattle, WA",47.603243,-122.330286,place.297027820,Feature,,1,Seattle,"Seattle, Washington, United States",,,,dXJuOm1ieHBsYzpFYlJJN0E,Q5083,Point,,NA,NA,NA,NA
1758,Providence Sacred Heart Med Ctr,Spokane,WA,Providence Sacred Heart Medical Center,"Providence Sacred Heart Medical Center, Spokane, WA",47.659017,-117.42503,place.310667500,Feature,,1,Spokane,"Spokane, Washington, United States",,,,dXJuOm1ieHBsYzpFb1JvN0E,Q187805,Point,,NA,NA,NA,NA
1761,Grand Strand Reg Med Ctr,Myrtle Beach,SC,Grand Strand Reg Medical Center,"Grand Strand Reg Medical Center, Myrtle Beach, SC",33.694516,-78.889321,place.225814764,Feature,,1,Myrtle Beach,"Myrtle Beach, South Carolina, United States",,,,dXJuOm1ieHBsYzpEWFdvN0E,Q839805,Point,,NA,NA,NA,NA
1767,Ocala Health System,Ocala,FL,Ocala Health System,"Ocala Health System, Ocala, FL",29.187086,-82.13696,neighborhood.707063020,Feature,,0.637778,West Ocala,"West Ocala, Ocala, Florida, United States",,,,dXJuOm1ieHBsYzpLaVRzN0E,NA,Point,,NA,NA,NA,NA
1770,Wheeling Hospital,Wheeling,WV,Wheeling Hospital,"Wheeling Hospital, Wheeling, WV",40.06609,-80.717476,neighborhood.187354348,Feature,,0.7,East Wheeling,"East Wheeling, Wheeling, West Virginia, United States",,,,dXJuOm1ieHBsYzpDeXJNN0E,NA,Point,,NA,NA,NA,NA
1771,Orange Park Med Ctr,Orange Park,FL,Orange Park Medical Center,"Orange Park Medical Center, Orange Park, FL",30.165787,-81.706566,place.245475564,Feature,,1,Orange Park,"Orange Park, Florida, United States",,,,dXJuOm1ieHBsYzpEcUdvN0E,Q367316,Point,,NA,NA,NA,NA
1772,Brandon Regional Hospital,Brandon,FL,Brandon Regional Hospital,"Brandon Regional Hospital, Brandon, FL",27.937802,-82.293905,place.35932396,Feature,,1,Brandon,"Brandon, Florida, United States",,,,dXJuOm1ieHBsYzpBaVJJN0E,Q898109,Point,,NA,NA,NA,NA
1774,Gundersen Lutheran Med Fdn,La Crosse,WI,Gundersen Lutheran Medical Fdn,"Gundersen Lutheran Medical Fdn, La Crosse, WI",43.794331,-91.249314,address.4276693613349888,Feature,,0.769048,Gundersen Drive,"Gundersen Drive, La Crosse, Wisconsin 54601, United States",,,,NA,NA,Point,,street,NA,NA,NA
1777,Florida Dept of Health Palm Beach Cnty,West Palm Beach,FL,Florida Dept of Health Palm Beach Cnty,"Florida Dept of Health Palm Beach Cnty, West Palm Beach, FL",26.696207,-80.054155,neighborhood.217967852,Feature,,0.678889,Flamingo Park,"Flamingo Park, West Palm Beach, Florida, United States",,,,dXJuOm1ieHBsYzpEUDNzN0E,NA,Point,,NA,NA,NA,NA
1779,U Wisconsin Hospital and Clinics,Madison,WI,University of Wisconsin Hospital and Clinics,"University of Wisconsin Hospital and Clinics, Madison, WI",43.075245,-89.478386,neighborhood.729337068,Feature,,0.712222,Wisconsin Co-op,"Wisconsin Co-op, Madison, Wisconsin, United States",,,,dXJuOm1ieHBsYzpLM2pNN0E,NA,Point,,NA,NA,NA,NA
1780,Marshfield/St Josephs,Marshfield,WI,Marshfield/St Josephs,"Marshfield/St Josephs, Marshfield, WI",43.815197,-88.16621,locality.343812844,Feature,,0.640741,Marshfield,"Marshfield, Wisconsin, United States",,,,dXJuOm1ieHBsYzpGSDRxN0E,NA,Point,,NA,NA,NA,NA
1784,Med Coll Wisconsin Affil Hosps,Milwaukee,WI,Medical Coll Wisconsin Affil Hosps,"Medical Coll Wisconsin Affil Hosps, Milwaukee, WI",43.038772,-87.906548,place.368814316,Feature,,1,Milwaukee,"Milwaukee, Wisconsin, United States",,,,dXJuOm1ieHBsYzpGZnVvN0E,Q37836,Point,,NA,NA,NA,NA
1785,Memorial Hermann Hosp,Sugar Land,TX,Memorial Hermann Hospital,"Memorial Hermann Hospital, Sugar Land, TX",29.619787,-95.635198,place.318163180,Feature,,1,Sugar Land,"Sugar Land, Texas, United States",,,,dXJuOm1ieHBsYzpFdmJJN0E,Q93340,Point,,NA,NA,NA,NA
1787,Aurora Health Care/ASMC,Milwaukee,WI,Aurora Health Care/ASMC,"Aurora Health Care/ASMC, Milwaukee, WI",44.042755,-88.98386,locality.21211884,Feature,,0.611111,Aurora,"Aurora, Wisconsin, United States",,,,dXJuOm1ieHBsYzpBVU9xN0E,NA,Point,,NA,NA,NA,NA
1788,Wheaton Franciscan Healthcare-St Joseph,Milwaukee,WI,Wheaton Franciscan Healthcare-St Joseph,"Wheaton Franciscan Healthcare-St Joseph, Milwaukee, WI",43.038772,-87.906548,place.368814316,Feature,,1,Milwaukee,"Milwaukee, Wisconsin, United States",,,,dXJuOm1ieHBsYzpGZnVvN0E,Q37836,Point,,NA,NA,NA,NA
1789,Aurora St Lukes Medical Ctr-Wi,Milwaukee,WI,Aurora St Lukes Medical Center-Wi,"Aurora St Lukes Medical Center-Wi, Milwaukee, WI",43.013588,-87.967779,place.353011948,Feature,,0.524691,West Milwaukee,"West Milwaukee, Wisconsin, United States",,,,dXJuOm1ieHBsYzpGUXFJN0E,NA,Point,,NA,NA,NA,NA
1792,North Florida Regional Med Ctr,Gainesville,FL,North Florida Regional Medical Center,"North Florida Regional Medical Center, Gainesville, FL",29.651949,-82.32501,place.120154348,Feature,,1,Gainesville,"Gainesville, Florida, United States",,,,dXJuOm1ieHBsYzpCeWxvN0E,Q487999,Point,,NA,NA,NA,NA
1793,U Texas at Austin Dell Medical School,Austin,TX,University of Texas at Austin Dell Medical School,"University of Texas at Austin Dell Medical School, Austin, TX",30.268072,-97.742806,place.15042796,Feature,,1,Austin,"Austin, Texas, United States",,,,dXJuOm1ieHBsYzo1WWpz,Q16559,Point,,NA,NA,NA,NA
1796,Gwinnett Med Ctr,Lawrenceville,GA,Gwinnett Medical Center,"Gwinnett Medical Center, Lawrenceville, GA",33.964757,-84.015168,address.1805261277761592,Feature,,0.8,Medical Center Boulevard,"Medical Center Boulevard, Lawrenceville, Georgia 30046, United States",,,,dXJuOm1ieGFkci1zdHI6YTIyMTMxYjQtN2I0OS00OGQ0LWJhZDktNjdlN2U5M2JiMDRi,NA,Point,,street,NA,NA,NA
1797,DeTar Healthcare System,Victoria,TX,DeTar Healthcare System,"DeTar Healthcare System, Victoria, TX",28.799402,-97.006766,place.339372268,Feature,,1,Victoria,"Victoria, Texas, United States",,,,dXJuOm1ieHBsYzpGRHBvN0E,Q784496,Point,,NA,NA,NA,NA
1800,MedStar Washington Hosp,Washington,DC,MedStar Washington Hospital,"MedStar Washington Hospital, Washington, DC",38.942126,-77.013301,neighborhood.398445804,Feature,,0.90963,MedStar Washington Hospital Center,"MedStar Washington Hospital Center, Washington, District of Columbia, United States",,,,dXJuOm1ieHBsYzpGNy9NN0E,NA,Point,,NA,NA,"MedStar Washington Hospital Center, Washington, DC, United States",NA
1801,MedStar Georgetown Univ Hosp,Washington,DC,MedStar Georgetown Univ Hospital,"MedStar Georgetown Univ Hospital, Washington, DC",38.905178,-77.06281,neighborhood.240594156,Feature,,0.638889,Georgetown,"Georgetown, Washington, District of Columbia, United States",,,,dXJuOm1ieHBsYzpEbGNzN0E,Q1468648,Point,,NA,NA,"Georgetown, Washington, DC, United States",NA
1802,George Washington Univ,Washington,DC,George Washington Univ,"George Washington Univ, Washington, DC",38.90253,-77.039386,place.345549036,Feature,,1,Washington,"Washington, District of Columbia, United States",,,,dXJuOm1ieHBsYzpGSmlvN0E,Q61,Point,,NA,NA,"Washington, DC, United States",NA
1803,Providence Hospital,Washington,DC,Providence Hospital,"Providence Hospital, Washington, DC",41.819931,-71.556588,address.4226830654016928,Feature,,0.597916,Washington Drive,"Washington Drive, Johnston, Rhode Island 02919, United States",,,,dXJuOm1ieGFkci1zdHI6MWE5YjNmZjEtNWI1MC00NWY3LWE3YzctMWM2MjM2NjRiMDg2,NA,Point,,street,NA,NA,NA
1804,St Elizabeths Hospital/DBH,Washington,DC,St Elizabeths Hospital/DBH,"St Elizabeths Hospital/DBH, Washington, DC",38.84328,-76.99969,neighborhood.615697644,Feature,,0.787037,St Elizabeths Hospital,"St Elizabeths Hospital, Washington, District of Columbia, United States",,,,dXJuOm1ieHBsYzpKTExNN0E,NA,Point,,NA,NA,"St Elizabeths Hospital, Washington, DC, United States",NA
1805,Piedmont Athens Regional,Athens,GA,Piedmont Athens Regional,"Piedmont Athens Regional, Athens, GA",33.957715,-83.37524,place.13297900,Feature,,1,Athens,"Athens, Georgia, United States",,,,dXJuOm1ieHBsYzp5dWpz,Q203263,Point,,NA,NA,NA,NA
1808,Cincinnati Childrens Hosp MC,Cincinnati,OH,Cincinnati Childrens Hospital MC,"Cincinnati Childrens Hospital MC, Cincinnati, OH",39.102438,-84.513301,place.60967148,Feature,,1,Cincinnati,"Cincinnati, Ohio, United States",,,,dXJuOm1ieHBsYzpBNkpJN0E,Q43196,Point,,NA,NA,NA,NA
1811,Group Health Cooperative,Seattle,WA,Group Health Cooperative,"Group Health Cooperative, Seattle, WA",47.603243,-122.330286,place.297027820,Feature,,1,Seattle,"Seattle, Washington, United States",,,,dXJuOm1ieHBsYzpFYlJJN0E,Q5083,Point,,NA,NA,NA,NA
1812,Metrowest-Framingham,Framingham,MA,Metrowest-Framingham,"Metrowest-Framingham, Framingham, MA",42.298054,-71.449700000000007,neighborhood.702754028,Feature,,0.7,West Framingham,"West Framingham, Framingham, Massachusetts, United States",,,,dXJuOm1ieHBsYzpLZU1zN0E,NA,Point,,NA,NA,NA,NA
1813,UVM Health Network CVPH,Plattsburgh,NY,UVM Health Network CVPH,"UVM Health Network CVPH, Plattsburgh, NY",44.69775,-73.45221,place.261875948,Feature,,1,Plattsburgh,"Plattsburgh, New York, United States",,,,dXJuOm1ieHBsYzpENXZvN0E,Q998669,Point,,NA,NA,NA,NA
1814,WellStar Kennestone Reg Med Ctr,Marietta,GA,WellStar Kennestone Reg Medical Center,"WellStar Kennestone Reg Medical Center, Marietta, GA",32.47948,-84.9758,neighborhood.398241004,Feature,,0.560847,Medical Center,"Medical Center, Columbus, Georgia, United States",,,,dXJuOm1ieHBsYzpGN3lzN0E,NA,Point,,NA,NA,NA,NA
1820,Stanford Univ Progs,Stanford,CA,Stanford Univ Progs,"Stanford Univ Progs, Stanford, CA",37.424669,-122.170275,place.312871148,Feature,,1,Stanford,"Stanford, California, United States",,,,dXJuOm1ieHBsYzpFcVlJN0E,Q173813,Point,,NA,NA,NA,NA
1821,U Miami MSOM/Holy Cross,Miami,FL,University of Miami MSOM/Holy Cross,"University of Miami MSOM/Holy Cross, Miami, FL",25.773357,-80.1919,place.210733292,Feature,,1,Miami,"Miami, Florida, United States",,,,dXJuOm1ieHBsYzpESStJN0E,Q8652,Point,,NA,NA,NA,NA
1822,New York-Presbyterian/Queens,Flushing,NY,New York-Presbyterian/Queens,"New York-Presbyterian/Queens, Flushing, NY",40.757901,-73.784351,address.7037192505544842,Feature,,0.814815,Northern Boulevard,"Northern Boulevard, Flushing, New York 11358, United States",,,,dXJuOm1ieGFkci1zdHI6Y2NmZWYxYmItOWUzNy00MzYwLTkzNDQtNmQ0YWE3NGJmMWIw,NA,Point,,street,Ny 25a,"Ny 25a, Flushing, New York 11358, United States",NA
1824,U Florida COM-Shands Hosp,Gainesville,FL,University of Florida COM-Shands Hospital,"University of Florida COM-Shands Hospital, Gainesville, FL",29.651949,-82.32501,place.120154348,Feature,,1,Gainesville,"Gainesville, Florida, United States",,,,dXJuOm1ieHBsYzpCeWxvN0E,Q487999,Point,,NA,NA,NA,NA
1825,U Texas Rio Grande Valley,Harlingen,TX,University of Texas Rio Grande Valley,"University of Texas Rio Grande Valley, Harlingen, TX",26.379936,-98.820472,place.374401260,Feature,,0.564444,Rio Grande City,"Rio Grande City, Texas, United States",,,,dXJuOm1ieHBsYzpGbERvN0E,Q981868,Point,,NA,NA,NA,NA
1826,Florida State University COM,Tallahassee,FL,Florida State University COM,"Florida State University COM, Tallahassee, FL",30.438059,-84.280624,place.322529516,Feature,,1,Tallahassee,"Tallahassee, Florida, United States",,,,dXJuOm1ieHBsYzpFemxvN0E,Q37043,Point,,NA,NA,NA,NA
1827,Providence Health,Portland,OR,Providence Health,"Providence Health, Portland, OR",45.515197,-122.678367,place.466028780,Feature,,1,Portland,"Portland, Oregon, United States",,,,dXJuOm1ieHBsYzpHOGNJN0E,Q6106,Point,,NA,NA,NA,NA
1830,Integris Health,Oklahoma City,OK,Integris Health,"Integris Health, Oklahoma City, OK",35.46883,-97.517981,place.242952428,Feature,,1,Oklahoma City,"Oklahoma City, Oklahoma, United States",,,,dXJuOm1ieHBsYzpEbnNvN0E,Q34863,Point,,NA,NA,NA,NA
1837,West Virginia University SOM,Morgantown,WV,West Virginia University SOM,"West Virginia University SOM, Morgantown, WV",38.846073,-77.87876,locality.371608300,Feature,,0.601111,Morgantown,"Morgantown, Virginia, United States",,,,dXJuOm1ieHBsYzpGaVpLN0E,NA,Point,,NA,NA,NA,NA
1838,Hunterdon Medical Ctr,Flemington,NJ,Hunterdon Medical Center,"Hunterdon Medical Center, Flemington, NJ",40.5314,-74.84091,neighborhood.757583084,Feature,,0.558262,Flemington Junction,"Flemington Junction, Flemington, New Jersey, United States",,,,dXJuOm1ieHBsYzpMU2ZNN0E,NA,Point,,NA,NA,NA,NA
1839,U Tennessee Grad SOM-Knoxville,Knoxville,TN,University of Tennessee Grad SOM-Knoxville,"University of Tennessee Grad SOM-Knoxville, Knoxville, TN",35.961762,-83.916251,place.173238508,Feature,,1,Knoxville,"Knoxville, Tennessee, United States",,,,dXJuOm1ieHBsYzpDbE5vN0E,Q185582,Point,,NA,NA,NA,NA
1842,Northwestern McGaw/Lurie Peds,Chicago,IL,Northwestern McGaw/Lurie Peds,"Northwestern McGaw/Lurie Peds, Chicago, IL",41.881953,-87.632362,place.508094700,Feature,,1,Chicago,"Chicago, Illinois, United States",,,,dXJuOm1ieHBsYzpIa2pvN0E,Q1297,Point,,NA,NA,NA,NA
1843,Childrens Hosp of Michigan,Detroit,MI,Childrens Hospital of Michigan,"Childrens Hospital of Michigan, Detroit, MI",42.414671,-83.25304,neighborhood.407973100,Feature,,0.767778,Miller Grove,"Miller Grove, Detroit, Michigan, United States",,,,dXJuOm1ieHBsYzpHRkVzN0E,NA,Point,,NA,NA,NA,NA
1844,U Tennessee COM-Memphis,Memphis,TN,University of Tennessee COM-Memphis,"University of Tennessee COM-Memphis, Memphis, TN",35.149844,-90.049566,place.208677100,Feature,,0.497355,Memphis,"Memphis, Tennessee, United States",,,,dXJuOm1ieHBsYzpESEFvN0E,Q16563,Point,,NA,NA,NA,NA
1846,Weiss Memorial Hospital,Chicago,IL,Weiss Memorial Hospital,"Weiss Memorial Hospital, Chicago, IL",41.881953,-87.632362,place.508094700,Feature,,1,Chicago,"Chicago, Illinois, United States",,,,dXJuOm1ieHBsYzpIa2pvN0E,Q1297,Point,,NA,NA,NA,NA
1848,U Kentucky Med Ctr,Lexington,KY,University of Kentucky Medical Center,"University of Kentucky Medical Center, Lexington, KY",38.245285,-85.74758,neighborhood.398232812,Feature,,0.560847,Medical Center,"Medical Center, Louisville, Kentucky, United States",,,,dXJuOm1ieHBsYzpGN3lNN0E,NA,Point,,NA,NA,NA,NA
1849,Drexel Univ COM/Hahnemann Univ Hosp,Philadelphia,PA,Drexel Univ COM/Hahnemann Univ Hospital,"Drexel Univ COM/Hahnemann Univ Hospital, Philadelphia, PA",39.952756,-75.166853,place.257591532,Feature,,1,Philadelphia,"Philadelphia, Pennsylvania, United States",,,,dXJuOm1ieHBsYzpEMXFJN0E,Q1345,Point,,NA,NA,NA,NA
1850,Riverside University Health Sys,Moreno Valley,CA,Riverside University Health System,"Riverside University Health System, Moreno Valley, CA",33.97574,-117.33982,neighborhood.667749612,Feature,,0.538095,University,"University, Riverside, California, United States",,,,dXJuOm1ieHBsYzpKODBNN0E,NA,Point,,NA,NA,NA,NA
1852,U South Alabama Hospitals,Mobile,AL,University of South Alabama Hospitals,"University of South Alabama Hospitals, Mobile, AL",30.362856,-88.11474,locality.4352748,Feature,,0.556667,Alabama Port,"Alabama Port, Alabama, United States",,,,dXJuOm1ieHBsYzpRbXJz,Q4705300,Point,,NA,NA,NA,NA
1853,North Colorado Med Ctr,Greeley,CO,North Colorado Medical Center,"North Colorado Medical Center, Greeley, CO",40.422649,-104.707781,place.132819180,Feature,,1,Greeley,"Greeley, Colorado, United States",,,,dXJuOm1ieHBsYzpCK3FvN0E,Q94274,Point,,NA,NA,NA,NA
1860,Zucker SOMÐNorthwell Zucker Hillside,Glen Oaks,NY,Zucker SOMÐNorthwell Zucker Hillside,"Zucker SOMÐNorthwell Zucker Hillside, Glen Oaks, NY",40.701204,-74.229567,place.149752044,Feature,,0.576296,Hillside,"Hillside, New Jersey, United States",,,,dXJuOm1ieHBsYzpDTzBJN0E,Q1089749,Point,,NA,NA,NA,NA
1861,Zucker SOMÐNorthwell Cohen Childrens,New Hyde Park,NY,Zucker SOMÐNorthwell Cohen Childrens,"Zucker SOMÐNorthwell Cohen Childrens, New Hyde Park, NY",40.732713,-73.684374,place.231287020,Feature,,1,New Hyde Park,"New Hyde Park, New York, United States",,,,dXJuOm1ieHBsYzpEY2tvN0E,Q3451856,Point,,NA,NA,NA,NA
1863,Childrens Hosp-Philadelphia,Philadelphia,PA,Childrens Hospital-Philadelphia,"Childrens Hospital-Philadelphia, Philadelphia, PA",39.92658,-75.16735,neighborhood.602090732,Feature,,0.647778,South Philadelphia,"South Philadelphia, Philadelphia, Pennsylvania, United States",,,,dXJuOm1ieHBsYzpJK01zN0E,NA,Point,,NA,NA,NA,NA
1864,Citrus Health Network,Hialeah,FL,Citrus Health Network,"Citrus Health Network, Hialeah, FL",25.857762,-80.278692,place.526313708,Feature,,1,Hialeah,"Hialeah, Florida, United States",,,,dXJuOm1ieHBsYzpIMTdvN0E,Q49276,Point,,NA,NA,NA,NA
1866.0999755859375,McLaren Reg Med Ctr,Flint,MI,McLaren Reg Medical Center,"McLaren Reg Medical Center, Flint, MI",43.012555,-83.687876,place.111732972,Feature,,1,Flint,"Flint, Michigan, United States",,,,dXJuOm1ieHBsYzpCcWpvN0E,Q490584,Point,,NA,NA,NA,NA
1866.199951171875,McLaren Health Care Corp,Grand Blanc,MI,McLaren Health Care Corp,"McLaren Health Care Corp, Grand Blanc, MI",42.928198,-83.630861,place.130377964,Feature,,1,Grand Blanc,"Grand Blanc, Michigan, United States",,,,dXJuOm1ieHBsYzpCOFZvN0E,Q610773,Point,,NA,NA,NA,NA
1867,Redmond Regional Med Ctr,Rome,GA,Redmond Regional Medical Center,"Redmond Regional Medical Center, Rome, GA",34.254659,-85.171673,place.282945772,Feature,,1,Rome,"Rome, Georgia, United States",,,,dXJuOm1ieHBsYzpFTjFvN0E,Q6580,Point,,NA,NA,NA,NA
1869,St Louis Childrens Hosp,St Louis,MO,St Louis Childrens Hospital,"St Louis Childrens Hospital, St Louis, MO",38.58808,-90.308754,neighborhood.617786604,Feature,,0.819841,St. Louis Hills,"St. Louis Hills, St. Louis, Missouri, United States",,,,dXJuOm1ieHBsYzpKTktzN0E,Q7589640,Point,,NA,NA,NA,NA
1870,HonorHealth-Scottsdale Thompson Peak,Scottsdale,AZ,HonorHealth-Scottsdale Thompson Peak,"HonorHealth-Scottsdale Thompson Peak, Scottsdale, AZ",33.496821,-111.92618,place.296257772,Feature,,1,Scottsdale,"Scottsdale, Arizona, United States",,,,dXJuOm1ieHBsYzpFYWlJN0E,Q49221,Point,,NA,NA,NA,NA
1871,U Arkansas-Fayetteville Comm Progs,Fayetteville,AR,University of Arkansas-Fayetteville Comm Progs,"University of Arkansas-Fayetteville Comm Progs, Fayetteville, AR",35.892574,-94.04173,locality.16730860,Feature,,0.573333,Arnett,"Arnett, Arkansas, United States",,,,dXJuOm1ieHBsYzovMHJz,Q4794724,Point,,NA,NA,NA,NA
1873,Raritan Bay Med Ctr,Perth Amboy,NJ,Raritan Bay Medical Center,"Raritan Bay Medical Center, Perth Amboy, NJ",40.519634,-74.274101,place.256714988,Feature,,1,Perth Amboy,"Perth Amboy, New Jersey, United States",,,,dXJuOm1ieHBsYzpEMDBvN0E,Q985592,Point,,NA,NA,NA,NA
1875,New York Downtown Hosp,New York,NY,New York Downtown Hospital,"New York Downtown Hospital, New York, NY",40.72145,-73.9974,neighborhood.169610476,Feature,,0.777778,Downtown,"Downtown, New York, New York, United States",,,,dXJuOm1ieHBsYzpDaHdNN0E,NA,Point,,NA,NA,NA,NA
1877,Riverside Community Hospital,Riverside,CA,Riverside Community Hospital,"Riverside Community Hospital, Riverside, CA",33.982513,-117.374283,place.279283948,Feature,,1,Riverside,"Riverside, California, United States",,,,dXJuOm1ieHBsYzpFS1dJN0E,Q49243,Point,,NA,NA,NA,NA
1884,Sunrise Health GME Consortium,Henderson,NV,Sunrise Health GME Consortium,"Sunrise Health GME Consortium, Henderson, NV",36.029913,-115.081002,address.453863572046354,Feature,,0.623677,Sun Rose Circle,"Sun Rose Circle, Henderson, Nevada 89074, United States",,,,dXJuOm1ieGFkci1zdHI6OTg0Mjk5YWMtMGQ2Yi00NDY4LThmMzQtYWM2YWU5ZWU3M2U4,NA,Point,,street,Sunrose,"Sunrose, Henderson, Nevada 89074, United States",NA
1891,Novant Health,Cornelius,NC,Novant Health,"Novant Health, Cornelius, NC",35.477284,-80.855248,address.4373929842518860,Feature,,0.675185,South Main Street,"South Main Street, Cornelius, North Carolina 28031, United States",,,,dXJuOm1ieGFkci1zdHI6ZWJlZTMzYjgtZGRlMy00MTRhLTg1MTAtMGYxMGRlYTE3Mjc5,NA,Point,,street,NC 115,"NC 115, Cornelius, North Carolina 28031, United States",NA
1892,Broward Health Med Ctr,Fort Lauderdale,FL,Broward Health Medical Center,"Broward Health Medical Center, Fort Lauderdale, FL",26.119142,-80.140425,place.114739436,Feature,,1,Fort Lauderdale,"Fort Lauderdale, Florida, United States",,,,dXJuOm1ieHBsYzpCdGJJN0E,Q165972,Point,,NA,NA,NA,NA
1893,Johns Hopkins/Sinai,Baltimore,MD,Johns Hopkins/Sinai,"Johns Hopkins/Sinai, Baltimore, MD",39.289643,-76.612299,place.17508588,Feature,,1,Baltimore,"Baltimore, Maryland, United States",,,,dXJuOm1ieHBsYzpBUXNvN0E,Q5092,Point,,NA,NA,NA,NA
1895,Childrens Hospital-NEOMED,Akron,OH,Childrens Hospital-NEOMED,"Childrens Hospital-NEOMED, Akron, OH",41.080881,-81.517567,place.396028140,Feature,,1,Akron,"Akron, Ohio, United States",,,,dXJuOm1ieHBsYzpGNXJvN0E,Q163132,Point,,NA,NA,NA,NA
1897,St Johns Riverside Hospital,Yonkers,NY,St Johns Riverside Hospital,"St Johns Riverside Hospital, Yonkers, NY",40.933559,-73.898141,place.366872812,Feature,,1,Yonkers,"Yonkers, New York, United States",,,,dXJuOm1ieHBsYzpGZDRJN0E,Q128114,Point,,NA,NA,NA,NA
1898,Maricopa Med Ctr,Phoenix,AZ,Maricopa Medical Center,"Maricopa Medical Center, Phoenix, AZ",33.44823,-112.075098,place.257902828,Feature,,1,Phoenix,"Phoenix, Arizona, United States",,,,dXJuOm1ieHBsYzpEMTlJN0E,Q16556,Point,,NA,NA,NA,NA
1899,Blake Medical Center,Bradenton,FL,Blake Medical Center,"Blake Medical Center, Bradenton, FL",27.495436,-82.573461,place.35219692,Feature,,1,Bradenton,"Bradenton, Florida, United States",,,,dXJuOm1ieHBsYzpBaGxvN0E,Q582121,Point,,NA,NA,NA,NA
1900,U North Carolina Hospitals,Chapel Hill,NC,University of North Carolina Hospitals,"University of North Carolina Hospitals, Chapel Hill, NC",35.913146,-79.055784,place.56551660,Feature,,1,Chapel Hill,"Chapel Hill, North Carolina, United States",,,,dXJuOm1ieHBsYzpBMTdvN0E,Q671812,Point,,NA,NA,NA,NA
1902,Charleston Area Med Ctr/WV Univ,Charleston,WV,Charleston Area Medical Center/WV Univ,"Charleston Area Medical Center/WV Univ, Charleston, WV",38.351704,-81.634029,place.410945772,Feature,,1,Charleston,"Charleston, West Virginia, United States",,,,dXJuOm1ieHBsYzpHSDZJN0E,Q44564,Point,,NA,NA,NA,NA
1903,Brookwood Baptist Health,Birmingham,AL,Brookwood Baptist Health,"Brookwood Baptist Health, Birmingham, AL",33.522217,-86.809079,place.28821740,Feature,,1,Birmingham,"Birmingham, Alabama, United States",,,,dXJuOm1ieHBsYzpBYmZJN0E,Q79867,Point,,NA,NA,NA,NA
1904,St Elizabeth Health Ctr-Boardman,Boardman,OH,St Elizabeth Health Center-Boardman,"St Elizabeth Health Center-Boardman, Boardman, OH",41.024434,-80.671441,place.404138220,Feature,,1,Boardman,"Boardman, Ohio, United States",,,,dXJuOm1ieHBsYzpHQmFvN0E,Q887556,Point,,NA,NA,NA,NA
1905,U Maryland Prince Georges Hosp Ctr,Cheverly,MD,University of Maryland Prince Georges Hospital Center,"University of Maryland Prince Georges Hospital Center, Cheverly, MD",38.928056,-76.915939,place.59214060,Feature,,1,Cheverly,"Cheverly, Maryland, United States",,,,dXJuOm1ieHBsYzpBNGVJN0E,NA,Point,,NA,NA,NA,NA
1907,Valley Childrens Healthcare,Madera,CA,Valley Childrens Healthcare,"Valley Childrens Healthcare, Madera, CA",36.961738,-120.064487,place.394864876,Feature,,1,Madera,"Madera, California, United States",,,,dXJuOm1ieHBsYzpGNGtvN0E,Q851000,Point,,NA,NA,NA,NA
1908,Bergen Reg Med Ctr,Paramus,NJ,Bergen Reg Medical Center,"Bergen Reg Medical Center, Paramus, NJ",50.15388,8.756788,locality.24578618,Feature,,0.508148,Bergen-Enkheim,"Bergen-Enkheim, Frankfurt am Main, Hesse, Germany",,,,dXJuOm1ieHBsYzpBWGNLT2c,Q819506,Point,,NA,Bergen,"Bergen, Frankfurt am Main, Hesse, Njemačka",NA
1910,Botsford Hospital,Farmington Hills,MI,Botsford Hospital,"Botsford Hospital, Farmington Hills, MI",42.445162,-83.324125,address.7509875218495606,Feature,,0.726667,Botsford Drive,"Botsford Drive, Farmington Hills, Michigan 48336, United States",,,,dXJuOm1ieGFkci1zdHI6MWUyOWUwMDMtZTY2Yi00ZjQ1LThlMjMtMjFlMDNlNTI4MWY3,NA,Point,,street,NA,NA,NA
1911,Bayfront Med Ctr,St Petersburg,FL,Bayfront Medical Center,"Bayfront Medical Center, St Petersburg, FL",27.772077,-82.638486,place.316524780,Feature,,1,St. Petersburg,"St. Petersburg, Florida, United States",,,,dXJuOm1ieHBsYzpFdDNJN0E,Q49236,Point,,NA,NA,NA,NA
1912,Sea Mar Community Health Ctrs,Seattle,WA,Sea Mar Community Health Ctrs,"Sea Mar Community Health Ctrs, Seattle, WA",47.603243,-122.330286,place.297027820,Feature,,1,Seattle,"Seattle, Washington, United States",,,,dXJuOm1ieHBsYzpFYlJJN0E,Q5083,Point,,NA,NA,NA,NA
1914,Carolinas HealthCare Sys Blue Ridge,Morganton,NC,Carolinas HealthCare System Blue Ridge,"Carolinas HealthCare System Blue Ridge, Morganton, NC",35.672704,-81.576544,address.7597674548549282,Feature,,0.918519,Blue Ridge Boulevard,"Blue Ridge Boulevard, Morganton, North Carolina 28655, United States",,,,dXJuOm1ieGFkci1zdHI6M2Y2NGZmNWQtZmI2OC00ZTZiLTk5N2ItOGExYjU2ZmRhNjE1,NA,Point,,street,NA,NA,NA
1915,Ascension St John Hosp,Detroit,MI,Ascension St John Hospital,"Ascension St John Hospital, Detroit, MI",42.331397,-83.046217,place.85493996,Feature,,1,Detroit,"Detroit, Michigan, United States",,,,dXJuOm1ieHBsYzpCUmlJN0E,Q12439,Point,,NA,NA,NA,NA
1917,John Muir Health,Walnut Creek,CA,John Muir Health,"John Muir Health, Walnut Creek, CA",37.89999,-122.061102,place.377497836,Feature,,1,Walnut Creek,"Walnut Creek, California, United States",,,,dXJuOm1ieHBsYzpGb0FvN0E,Q493261,Point,,NA,NA,NA,NA
1918,U Washington Affil Hosps,Seattle,WA,University of Washington Affil Hosps,"University of Washington Affil Hosps, Seattle, WA",47.66137,-122.33619,neighborhood.686468332,Feature,,0.597143,Wallingford,"Wallingford, Seattle, Washington, United States",,,,dXJuOm1ieHBsYzpLT3FzN0E,Q2341532,Point,,NA,NA,NA,NA
1920,Authority Health GME,Detroit,MI,Authority Health GME,"Authority Health GME, Detroit, MI",42.331397,-83.046217,place.85493996,Feature,,1,Detroit,"Detroit, Michigan, United States",,,,dXJuOm1ieHBsYzpCUmlJN0E,Q12439,Point,,NA,NA,NA,NA
1921,Kern Medical Center,Bakersfield,CA,Kern Medical Center,"Kern Medical Center, Bakersfield, CA",35.379433,-118.98023,neighborhood.330910956,Feature,,0.822222,Kern,"Kern, Bakersfield, California, United States",,,,dXJuOm1ieHBsYzpFN2xNN0E,NA,Point,,NA,NA,NA,NA
1922,St Anthony Hospital North,Westminster,CO,St Anthony Hospital North,"St Anthony Hospital North, Westminster, CO",39.836338,-105.037413,place.353044716,Feature,,1,Westminster,"Westminster, Colorado, United States",,,,dXJuOm1ieHBsYzpGUXNJN0E,Q948129,Point,,NA,NA,NA,NA
1923,Magnolia Regional Health Ctr,Corinth,MS,Magnolia Regional Health Center,"Magnolia Regional Health Center, Corinth, MS",34.934346,-88.520674,place.71805164,Feature,,1,Corinth,"Corinth, Mississippi, United States",,,,dXJuOm1ieHBsYzpCRWVvN0E,Q1992093,Point,,NA,NA,NA,NA
1924,Henry Ford Macomb Hospital,Clinton Township,MI,Henry Ford Macomb Hospital,"Henry Ford Macomb Hospital, Clinton Township, MI",44.82702,-84.006134,locality.108866284,Feature,,0.653439,Clinton Township,"Clinton Township, Michigan, United States",,,,dXJuOm1ieHBsYzpCbjBxN0E,NA,Point,,NA,NA,NA,NA
1929,HonorHealth,Scottsdale,AZ,HonorHealth,"HonorHealth, Scottsdale, AZ",33.496821,-111.92618,place.296257772,Feature,,1,Scottsdale,"Scottsdale, Arizona, United States",,,,dXJuOm1ieHBsYzpFYWlJN0E,Q49221,Point,,NA,NA,NA,NA
1930,Ascension Macomb-Oakland Hosp,Warren,MI,Ascension Macomb-Oakland Hospital,"Ascension Macomb-Oakland Hospital, Warren, MI",42.492536,-83.006578,place.344656108,Feature,,1,Warren,"Warren, Michigan, United States",,,,dXJuOm1ieHBsYzpGSXNJN0E,Q499401,Point,,NA,NA,NA,NA
1932,Nazareth Hospital,Philadelphia,PA,Nazareth Hospital,"Nazareth Hospital, Philadelphia, PA",40.010565,-75.531407,address.4051305747733728,Feature,,0.688889,Hospital Drive,"Hospital Drive, Malvern, Pennsylvania 19355, United States",,,,NA,NA,Point,,street,NA,NA,NA
1934,Somerset Medical Ctr,Somerville,NJ,Somerset Medical Center,"Somerset Medical Center, Somerville, NJ",40.568168,-74.61173,place.306825452,Feature,,1,Somerville,"Somerville, New Jersey, United States",,,,dXJuOm1ieHBsYzpFa25JN0E,Q1088776,Point,,NA,NA,NA,NA
1936,Kent Hospital,Warwick,RI,Kent Hospital,"Kent Hospital, Warwick, RI",41.733491,-71.439274,address.1735941558496682,Feature,,0.834,Hospital,"Hospital, Warwick, Rhode Island 02888, United States",,,,NA,NA,Point,,street,NA,"Hospital, Warwick, Rhode Island 02888, United States",NA
1937,Resurrection Med Ctr,Chicago,IL,Resurrection Medical Center,"Resurrection Medical Center, Chicago, IL",41.881953,-87.632362,place.508094700,Feature,,1,Chicago,"Chicago, Illinois, United States",,,,dXJuOm1ieHBsYzpIa2pvN0E,Q1297,Point,,NA,NA,NA,NA
1938,Zucker SOMÐNorthwell Plainview Hosp,Plainview,NY,Zucker SOMÐNorthwell Plainview Hospital,"Zucker SOMÐNorthwell Plainview Hospital, Plainview, NY",40.77643,-73.46845,place.261392620,Feature,,1,Plainview,"Plainview, New York, United States",,,,dXJuOm1ieHBsYzpENVNJN0E,Q3476984,Point,,NA,NA,NA,NA
1939,Childrens Hospital-Oakland,Oakland,CA,Childrens Hospital-Oakland,"Childrens Hospital-Oakland, Oakland, CA",37.81086,-122.29174,neighborhood.783338732,Feature,,0.637778,West Oakland,"West Oakland, Oakland, California, United States",,,,dXJuOm1ieHBsYzpMckRNN0E,Q7986100,Point,,NA,NA,NA,NA
1940,Burke Rehabilitation Hosp,White Plains,NY,Burke Rehabilitation Hospital,"Burke Rehabilitation Hospital, White Plains, NY",41.031401,-73.766228,place.356706540,Feature,,1,White Plains,"White Plains, New York, United States",,,,dXJuOm1ieHBsYzpGVUxvN0E,Q462177,Point,,NA,NA,NA,NA
1942,Anne Arundel Med Ctr,Annapolis,MD,Anne Arundel Medical Center,"Anne Arundel Medical Center, Annapolis, MD",38.979484,-76.492109,place.8644844,Feature,,1,Annapolis,"Annapolis, Maryland, United States",,,,dXJuOm1ieHBsYzpnK2pz,Q28271,Point,,NA,NA,NA,NA
1943,Moses H Cone Mem Hosp,Greensboro,NC,Moses H Cone Mem Hospital,"Moses H Cone Mem Hospital, Greensboro, NC",36.072545,-79.791545,place.133761260,Feature,,1,Greensboro,"Greensboro, North Carolina, United States",,,,dXJuOm1ieHBsYzpCL2tJN0E,Q49238,Point,,NA,NA,NA,NA
1944,Mary Free Bed Hospital,Grand Rapids,MI,Mary Free Bed Hospital,"Mary Free Bed Hospital, Grand Rapids, MI",42.966386,-85.670181,place.130836716,Feature,,1,Grand Rapids,"Grand Rapids, Michigan, United States",,,,dXJuOm1ieHBsYzpCOHhvN0E,Q184587,Point,,NA,NA,NA,NA
1945,Spectrum Health/Michigan State Univ,Grand Rapids,MI,Spectrum Health/Michigan State Univ,"Spectrum Health/Michigan State Univ, Grand Rapids, MI",42.966386,-85.670181,place.130836716,Feature,,1,Grand Rapids,"Grand Rapids, Michigan, United States",,,,dXJuOm1ieHBsYzpCOHhvN0E,Q184587,Point,,NA,NA,NA,NA
1946,Oakwood Hospital,Dearborn,MI,Oakwood Hospital,"Oakwood Hospital, Dearborn, MI",42.288819,-83.204395,address.8916184063822458,Feature,,0.763889,Oakwood Boulevard,"Oakwood Boulevard, Allen Park, Michigan 48122, United States",,,,dXJuOm1ieGFkci1zdHI6ZTRmOTExYWYtMjcxOC00ZDYxLWFiNDMtZmZmNGM1YTQ3NWE2,NA,Point,,street,Oakwood,"Oakwood, Allen Park, Michigan 48122, United States",NA
1947,McLaren Oakland,Pontiac,MI,McLaren Oakland,"McLaren Oakland, Pontiac, MI",42.639077,-83.291321,place.264276204,Feature,,1,Pontiac,"Pontiac, Michigan, United States",,,,dXJuOm1ieHBsYzpEOENJN0E,Q847596,Point,,NA,NA,NA,NA
1950,Franciscan Health Olympia Fields,Olympia Fields,IL,Franciscan Health Olympia Fields,"Franciscan Health Olympia Fields, Olympia Fields, IL",41.51343,-87.676468,place.244123884,Feature,,1,Olympia Fields,"Olympia Fields, Illinois, United States",,,,dXJuOm1ieHBsYzpEbzBJN0E,Q2432178,Point,,NA,NA,NA,NA
1951,Lakeland Health,Saint Joseph,MI,Lakeland Health,"Lakeland Health, Saint Joseph, MI",39.767393,-94.853027,place.289294572,Feature,,1,St. Joseph,"St. Joseph, Missouri, United States",,,,dXJuOm1ieHBsYzpFVDVJN0E,Q745120,Point,,NA,NA,NA,NA
1954,Memorial Health System,Marietta,OH,Memorial Health System,"Memorial Health System, Marietta, OH",39.956104,-80.782845,neighborhood.278531308,Feature,,0.617901,Heath,"Heath, Shadyside, Ohio, United States",,,,dXJuOm1ieHBsYzpFSm9NN0E,NA,Point,,NA,NA,NA,NA
1956,UCLA Med Ctr,Los Angeles,CA,UCLA Medical Center,"UCLA Medical Center, Los Angeles, CA",34.06874,-118.444948,neighborhood.665169132,Feature,,0.851852,UCLA,"UCLA, Los Angeles, California, United States",,,,dXJuOm1ieHBsYzpKNldzN0E,NA,Point,,NA,NA,NA,NA
1957,University Hosps-Jackson,Jackson,MS,University Hosps-Jackson,"University Hosps-Jackson, Jackson, MS",32.299689,-90.184056,place.161908972,Feature,,1,Jackson,"Jackson, Mississippi, United States",,,,dXJuOm1ieHBsYzpDYWFJN0E,Q28198,Point,,NA,NA,NA,NA
1958,NCH Healthcare System,Naples,FL,NCH Healthcare System,"NCH Healthcare System, Naples, FL",26.141905,-81.79484,place.226298092,Feature,,1,Naples,"Naples, Florida, United States",,,,dXJuOm1ieHBsYzpEWDBJN0E,Q257830,Point,,NA,NA,NA,NA
1959,Kaiser Permanente-SF,San Francisco,CA,Kaiser Permanente-SF,"Kaiser Permanente-SF, San Francisco, CA",37.764506,-122.423747,address.1205657776179240,Feature,,0.819563,Gaiser Court,"Gaiser Court, San Francisco, California 94110, United States",,,,dXJuOm1ieGFkci1zdHI6MzAwOWEwODktODdkNy00YTMwLTk0ZWQtYmNkMDlhZWFjMjA3,NA,Point,,street,NA,"Gaiser Court, SF, California 94110, United States",NA
1961,MidMichigan Med Center,Midland,MI,MidMichigan Medical Center,"MidMichigan Medical Center, Midland, MI",42.355542,-83.054434,neighborhood.398249196,Feature,,0.637037,Medical Center,"Medical Center, Detroit, Michigan, United States",,,,dXJuOm1ieHBsYzpGN3pNN0E,NA,Point,,NA,NA,NA,NA
1962,U New Mexico SOM,Albuquerque,NM,University of New Mexico SOM,"University of New Mexico SOM, Albuquerque, NM",34.972959,-106.308296,address.4705064395241314,Feature,,0.559444,Deputy Sheriff James F. Mcgrane Junior Memorial Highway,"Deputy Sheriff James F. Mcgrane Junior Memorial Highway, Tijeras, New Mexico 87059, United States",,,,dXJuOm1ieGFkci1zdHI6MmI3ZDlhNWMtMDlkOS00ZWNjLWIxZjQtYTIxMjVjODE1NWRm,NA,Point,,street,NM 337,"NM 337, Tijeras, New Mexico 87059, United States",NA
1963,Long Island Jewish Med Ctr,New Hyde Park,NY,Long Island Jewish Medical Center,"Long Island Jewish Medical Center, New Hyde Park, NY",40.75232,-73.70214,neighborhood.786107628,Feature,,0.614198,New Hyde Park,"New Hyde Park, Queens, New York, United States",,,,dXJuOm1ieHBsYzpMdHNNN0E,NA,Point,,NA,NA,NA,NA
1964,Barberton Hosp/NEOMED,Barberton,OH,Barberton Hospital/NEOMED,"Barberton Hospital/NEOMED, Barberton, OH",41.45785,-81.732864,address.1277742896752332,Feature,,0.585926,Barberton Avenue,"Barberton Avenue, Cleveland, Ohio 44102, United States",,,,dXJuOm1ieGFkci1zdHI6NTg4NzhhMDItMDVlOS00MjIxLTg5MjYtODhhNTQ2OTdhNDM2,NA,Point,,street,NA,NA,NA
1966,Oshsner Clinic Foundation,New Orleans,LA,Oshsner Clinic Foundation,"Oshsner Clinic Foundation, New Orleans, LA",29.975962,-90.078202,place.232040684,Feature,,1,New Orleans,"New Orleans, Louisiana, United States",,,,dXJuOm1ieHBsYzpEZFNvN0E,Q34404,Point,,NA,NA,NA,NA
1968,Cleveland Clinic Fdn,Cleveland,OH,Cleveland Clinic Fdn,"Cleveland Clinic Fdn, Cleveland, OH",41.476454,-81.68927,address.2443239526921858,Feature,,0.722222,West 11th Street,"West 11th Street, Cleveland, Ohio 44113, United States",,,,dXJuOm1ieGFkci1zdHI6NjI0ZDFkNGQtMGU4Zi00Y2RmLThhMWUtM2U5ZWIxOWU0ZTM5,NA,Point,,street,Cleveland Street,"Cleveland Street, Cleveland, Ohio 44113, United States",NA
1970,Suburban Community Hospital,East Norriton,PA,Suburban Community Hospital,"Suburban Community Hospital, East Norriton, PA",40.150638,-75.336731,place.94832876,Feature,,0.592593,East Norriton,"East Norriton, Pennsylvania, United States",,,,dXJuOm1ieHBsYzpCYWNJN0E,NA,Point,,NA,NA,NA,NA
1971,Memorial Health-Univ Med Ctr,Savannah,GA,Memorial Health-Univ Medical Center,"Memorial Health-Univ Medical Center, Savannah, GA",32.080527,-81.092575,place.294545644,Feature,,1,Savannah,"Savannah, Georgia, United States",,,,dXJuOm1ieHBsYzpFWTVvN0E,Q83813,Point,,NA,NA,NA,NA
1972,Coliseum Med Ctrs,Macon,GA,Coliseum Medical Ctrs,"Coliseum Medical Ctrs, Macon, GA",32.842734,-83.617569,address.7254209736145242,Feature,,0.637778,Coliseum Drive,"Coliseum Drive, Macon, Georgia 31217, United States",,,,dXJuOm1ieGFkci1zdHI6ODk1ZTQ0OTYtNzJkMS00MmFiLTljZTUtMWM2ZTI1YjA5NDI0,NA,Point,,street,NA,NA,NA
1974,Citrus Valley Health Partners,West Covina,CA,Citrus Valley Health Partners,"Citrus Valley Health Partners, West Covina, CA",34.068859,-117.938237,place.351176940,Feature,,1,West Covina,"West Covina, California, United States",,,,dXJuOm1ieHBsYzpGTzZJN0E,Q494728,Point,,NA,NA,NA,NA
1977,Griffin Hospital,Derby,CT,Griffin Hospital,"Griffin Hospital, Derby, CT",41.31987,-73.090186,place.84904172,Feature,,1,Derby,"Derby, Connecticut, United States",,,,dXJuOm1ieHBsYzpCUStJN0E,Q755197,Point,,NA,NA,NA,NA
1978.0999755859375,Beaumont Health System,Royal Oak,MI,Beaumont Health System,"Beaumont Health System, Royal Oak, MI",42.487278,-83.144194,place.285485292,Feature,,1,Royal Oak,"Royal Oak, Michigan, United States",,,,dXJuOm1ieHBsYzpFUVFvN0E,Q529165,Point,,NA,NA,NA,NA
1978.199951171875,Beaumont Health,Southfield,MI,Beaumont Health,"Beaumont Health, Southfield, MI",42.482889,-83.27023,address.4090226355857582,Feature,,0.7,Beaumont Boulevard,"Beaumont Boulevard, Southfield, Michigan 48033, United States",,,,dXJuOm1ieGFkci1zdHI6MmRmOTZjY2UtNTNiMS00NzI0LThjNTYtOWYxZTJlMzQ3YTc1,NA,Point,,street,NA,NA,NA
1979,Tidelands Health,Myrtle Beach,SC,Tidelands Health,"Tidelands Health, Myrtle Beach, SC",33.77027,-78.949242,address.534616201487684,Feature,,0.716543,Tideland Court,"Tideland Court, Myrtle Beach, South Carolina 29579, United States",,,,dXJuOm1ieGFkci1zdHI6MjdmYjZhMzUtNmU3My00YTFiLTkyMTQtOWYwZDMzMzM1YmEy,NA,Point,,street,NA,NA,NA
1981,Largo Medical Center,Largo,FL,Largo Medical Center,"Largo Medical Center, Largo, FL",27.915379,-82.796616,neighborhood.352349420,Feature,,1,Largo Medical Center,"Largo Medical Center, Largo, Florida, United States",,,,dXJuOm1ieHBsYzpGUUJzN0E,NA,Point,,NA,NA,NA,NA
1984,Firelands Regional Med Ctr,Sandusky,OH,Firelands Regional Medical Center,"Firelands Regional Medical Center, Sandusky, OH",41.454919,-82.710989,place.291948780,Feature,,1,Sandusky,"Sandusky, Ohio, United States",,,,dXJuOm1ieHBsYzpFV2JJN0E,Q608207,Point,,NA,NA,NA,NA
1985,Medical College of Georgia,Augusta,GA,Medical College of Georgia,"Medical College of Georgia, Augusta, GA",33.475142,-81.965412,place.14625004,Feature,,1,Augusta,"Augusta, Georgia, United States",,,,dXJuOm1ieHBsYzozeWpz,Q181962,Point,,NA,NA,NA,NA
1987,KCU-GME Consortium,Kansas City,MO,KCU-GME Consortium,"KCU-GME Consortium, Kansas City, MO",39.074238,-94.5666,neighborhood.423087340,Feature,,0.675185,Mount Hope,"Mount Hope, Kansas City, Missouri, United States",,,,dXJuOm1ieHBsYzpHVGZNN0E,NA,Point,,NA,NA,NA,NA
1988,Childrens Mercy Hosp-UMKC,Kansas City,MO,Childrens Mercy Hospital-UMKC,"Childrens Mercy Hospital-UMKC, Kansas City, MO",39.061035,-94.7521,locality.372017900,Feature,,0.643439,Morris,"Morris, Kansas, United States",,,,dXJuOm1ieHBsYzpGaXlLN0E,NA,Point,,NA,NA,NA,NA
1991,White River Health System,Batesville,AR,White River Health System,"White River Health System, Batesville, AR",33.88392,-91.07151,locality.604687084,Feature,,0.685185,White River,"White River, Arkansas, United States",,,,dXJuOm1ieHBsYzpKQXJLN0E,NA,Point,,NA,NA,NA,NA
1992,Floyd Med Ctr,Rome,GA,Floyd Medical Center,"Floyd Medical Center, Rome, GA",34.254659,-85.171673,place.282945772,Feature,,1,Rome,"Rome, Georgia, United States",,,,dXJuOm1ieHBsYzpFTjFvN0E,Q6580,Point,,NA,NA,NA,NA
1994,University Hosps-Columbia,Columbia,MO,University Hosps-Columbia,"University Hosps-Columbia, Columbia, MO",38.95155,-92.328625,place.68266220,Feature,,1,Columbia,"Columbia, Missouri, United States",,,,dXJuOm1ieHBsYzpCQkdvN0E,Q59670,Point,,NA,NA,NA,NA
1995,Mercy Health Grand Rapids,Grand Rapids,MI,Mercy Health Grand Rapids,"Mercy Health Grand Rapids, Grand Rapids, MI",42.966386,-85.670181,place.130836716,Feature,,0.560847,Grand Rapids,"Grand Rapids, Michigan, United States",,,,dXJuOm1ieHBsYzpCOHhvN0E,Q184587,Point,,NA,NA,NA,NA
1997,HealthONE,Denver,CO,HealthONE,"HealthONE, Denver, CO",39.741681,-104.986109,place.84625644,Feature,,1,Denver,"Denver, Colorado, United States",,,,dXJuOm1ieHBsYzpCUXRJN0E,Q16554,Point,,NA,NA,NA,NA
1999,St Marys Health Ctr,St Louis,MO,St Marys Health Center,"St Marys Health Center, St Louis, MO",38.627464,-90.19835,place.315328748,Feature,,1,St. Louis,"St. Louis, Missouri, United States",,,,dXJuOm1ieHBsYzpFc3VJN0E,Q38022,Point,,NA,NA,NA,NA
2002,Abrazo Health Network,Phoenix,AZ,Abrazo Health Network,"Abrazo Health Network, Phoenix, AZ",33.44823,-112.075098,place.257902828,Feature,,1,Phoenix,"Phoenix, Arizona, United States",,,,dXJuOm1ieHBsYzpEMTlJN0E,Q16556,Point,,NA,NA,NA,NA
2003,Capital Health Regional Med Ctr,Trenton,NJ,Capital Health Regional Medical Center,"Capital Health Regional Medical Center, Trenton, NJ",40.220578,-74.759711,place.330352876,Feature,,1,Trenton,"Trenton, New Jersey, United States",,,,dXJuOm1ieHBsYzpFN0RJN0E,Q25330,Point,,NA,NA,NA,NA
2004,Institute for Family Health,New York,NY,Institute for Family Health,"Institute for Family Health, New York, NY",40.712749,-74.005994,place.233720044,Feature,,1,New York,"New York, New York, United States",,,,dXJuOm1ieHBsYzpEZTVJN0E,Q60,Point,,NA,NA,NA,NA
2006,Natl Insts of Health,Bethesda,MD,Natl Insts of Health,"Natl Insts of Health, Bethesda, MD",39.02699,-77.137612,address.6959710994694416,Feature,,0.582099,Heath Street,"Heath Street, Bethesda, Maryland 20817, United States",,,,dXJuOm1ieGFkci1zdHI6ZTk1YWEyNmMtN2QxMi00YjQ0LTg2ZDUtYjc4MGY1MTlkMTAx,NA,Point,,street,NA,NA,NA
2007,Good Samaritan Hosp Med Ctr,West Islip,NY,Good Samaritan Hospital Medical Center,"Good Samaritan Hospital Medical Center, West Islip, NY",40.70804,-73.306365,place.352348396,Feature,,1,West Islip,"West Islip, New York, United States",,,,dXJuOm1ieHBsYzpGUUJvN0E,Q3459327,Point,,NA,NA,NA,NA
2009,Canton Med Ed Fdn/NEOMED,Canton,OH,Canton Medical Ed Fdn/NEOMED,"Canton Medical Ed Fdn/NEOMED, Canton, OH",40.798812,-81.376542,place.49146092,Feature,,1,Canton,"Canton, Ohio, United States",,,,dXJuOm1ieHBsYzpBdTNvN0E,Q491239,Point,,NA,NA,NA,NA
2011,Wright State Univ Boonshoft SOM,Dayton,OH,Wright State Univ Boonshoft SOM,"Wright State Univ Boonshoft SOM, Dayton, OH",39.758781,-84.19637,place.81520876,Feature,,1,Dayton,"Dayton, Ohio, United States",,,,dXJuOm1ieHBsYzpCTnZvN0E,Q34739,Point,,NA,NA,NA,NA
2013,Presby Intercommunity Hosp,Whittier,CA,Presby Intercommunity Hospital,"Presby Intercommunity Hospital, Whittier, CA",35.387418,-83.204387,address.8161451398095920,Feature,,0.559222,Hospital Road,"Hospital Road, Sylva, North Carolina 28779, United States",,,,dXJuOm1ieGFkci1zdHI6ZTRiMjM1NWItMDBmMy00YjcwLThhYzktNzJlMDQ3NWRjZmRl,NA,Point,,street,NA,NA,NA
2014,Marquette Gen Hosp,Marquette,MI,Marquette Gen Hospital,"Marquette Gen Hospital, Marquette, MI",46.528284,-87.394217,address.5942084774261250,Feature,,0.647778,Marquette Drive,"Marquette Drive, Marquette, Michigan 49855, United States",,,,dXJuOm1ieGFkci1zdHI6OWI4YWUzNTQtZDI2ZC00ODhlLTk1MzItZjgyMmU1YzdjNDZk,NA,Point,,street,NA,NA,NA
2015,Mercy Med Ctr-North Iowa,Mason City,IA,Mercy Medical Center-North Iowa,"Mercy Medical Center-North Iowa, Mason City, IA",43.15271,-93.202727,place.203745516,Feature,,1,Mason City,"Mason City, Iowa, United States",,,,dXJuOm1ieHBsYzpEQ1RvN0E,Q1444028,Point,,NA,NA,NA,NA
2016,SIU Decatur,Decatur,IL,SIU Decatur,"SIU Decatur, Decatur, IL",48.500434,-122.813602,address.6804839564702146,Feature,,0.673333,Decatur Is,"Decatur Is, Anacortes, Washington 98221, United States",,,,dXJuOm1ieGFkci1zdHI6NTBiZTkwYjktNDQxZC00NTAyLWJhMTItYjMxOTZiYjBhNmM0,NA,Point,,street,NA,NA,NA
2017,U Nevada Reno SOM,Reno,NV,University of Nevada Reno SOM,"University of Nevada Reno SOM, Reno, NV",39.51394,-119.85382,neighborhood.783445228,Feature,,0.519619,West Reno,"West Reno, Reno, Nevada, United States",,,,dXJuOm1ieHBsYzpMckpzN0E,NA,Point,,NA,NA,NA,NA
2018,Community Mem Health Sys,Ventura,CA,Community Mem Health System,"Community Mem Health System, Ventura, CA",34.280823,-119.294674,place.377448684,Feature,,1,Ventura,"Ventura, California, United States",,,,dXJuOm1ieHBsYzpGbjlvN0E,Q490434,Point,,NA,NA,NA,NA
2021,Penrose Hospital,Colorado Springs,CO,Penrose Hospital,"Penrose Hospital, Colorado Springs, CO",38.783218,-104.853209,address.6985506987242156,Feature,,0.856444,Penrose Lane,"Penrose Lane, Colorado Springs, Colorado 80906, United States",,,,dXJuOm1ieGFkci1zdHI6OWQzOTgxNTEtODk3Mi00ZDQ2LWIyNWItODRhMGNhYmMwOTc3,NA,Point,,street,NA,NA,NA
2024,Samaritan Med Ctr,Watertown,NY,Samaritan Medical Center,"Samaritan Medical Center, Watertown, NY",40.738186,-73.97414,neighborhood.398273772,Feature,,0.647037,Medical Centre,"Medical Centre, New York, New York, United States",,,,dXJuOm1ieHBsYzpGNzBzN0E,NA,Point,,NA,NA,"Medical Centre, NY, New York, United States",NA
2026,Quincy Fam Prac Ctr,Quincy,IL,Quincy Fam Prac Center,"Quincy Fam Prac Center, Quincy, IL",39.931917,-91.406771,place.551618796,Feature,,1,Quincy,"Quincy, Illinois, United States",,,,dXJuOm1ieHBsYzpJT0VJN0E,Q575750,Point,,NA,NA,NA,NA
2028,U Nevada Las Vegas SOM,Las Vegas,NV,University of Nevada Las Vegas SOM,"University of Nevada Las Vegas SOM, Las Vegas, NV",36.18496,-115.14708,neighborhood.705473772,Feature,,0.754938,West Las Vegas,"West Las Vegas, Las Vegas, Nevada, United States",,,,dXJuOm1ieHBsYzpLZ3lzN0E,NA,Point,,NA,NA,NA,NA
2029,Adventist Health Hanford,Hanford,CA,Adventist Health Hanford,"Adventist Health Hanford, Hanford, CA",36.327791,-119.646928,place.433719532,Feature,,1,Hanford,"Hanford, California, United States",,,,dXJuOm1ieHBsYzpHZG9JN0E,Q375185,Point,,NA,NA,NA,NA
2031,LECOM Health,Erie,PA,LECOM Health,"LECOM Health, Erie, PA",42.129029,-80.084963,place.103663852,Feature,,1,Erie,"Erie, Pennsylvania, United States",,,,dXJuOm1ieHBsYzpCaTNJN0E,Q234061,Point,,NA,NA,NA,NA
2032,McLeod Reg Med Ctr,Florence,SC,McLeod Reg Medical Center,"McLeod Reg Medical Center, Florence, SC",34.197234,-79.76818,place.112134380,Feature,,1,Florence,"Florence, South Carolina, United States",,,,dXJuOm1ieHBsYzpCcThJN0E,Q597842,Point,,NA,NA,NA,NA
2033,Self Regional Healthcare,Greenwood,SC,Self Regional Healthcare,"Self Regional Healthcare, Greenwood, SC",34.18823,-82.161734,place.134613228,Feature,,1,Greenwood,"Greenwood, South Carolina, United States",,,,dXJuOm1ieHBsYzpDQVlJN0E,Q520251,Point,,NA,NA,NA,NA
2034,Univ of Wyoming-Cheyenne,Cheyenne,WY,Univ of Wyoming-Cheyenne,"Univ of Wyoming-Cheyenne, Cheyenne, WY",41.135453,-104.819883,place.411592940,Feature,,1,Cheyenne,"Cheyenne, Wyoming, United States",,,,dXJuOm1ieHBsYzpHSWhvN0E,Q39042,Point,,NA,NA,NA,NA
2037,Kaiser Permanente-Fontana,Fontana,CA,Kaiser Permanente-Fontana,"Kaiser Permanente-Fontana, Fontana, CA",34.09196,-117.48886,neighborhood.326110444,Feature,,0.683333,Kaiser,"Kaiser, Fontana, California, United States",,,,dXJuOm1ieHBsYzpFM0FNN0E,NA,Point,,NA,NA,NA,NA
2042,Palm Beach Consortium for GME,West Palm Beach,FL,Palm Beach Consortium for GME,"Palm Beach Consortium for GME, West Palm Beach, FL",26.696207,-80.054155,neighborhood.217967852,Feature,,0.655432,Flamingo Park,"Flamingo Park, West Palm Beach, Florida, United States",,,,dXJuOm1ieHBsYzpEUDNzN0E,NA,Point,,NA,NA,NA,NA
2043,Henry Ford Wyandotte Hospital,Wyandotte,MI,Henry Ford Wyandotte Hospital,"Henry Ford Wyandotte Hospital, Wyandotte, MI",42.202114,-83.149789,place.365635820,Feature,,1,Wyandotte,"Wyandotte, Michigan, United States",,,,dXJuOm1ieHBsYzpGY3NvN0E,Q594249,Point,,NA,NA,NA,NA
2044,Medical Ctr Beaver,Beaver Falls,PA,Medical Center Beaver,"Medical Center Beaver, Beaver Falls, PA",40.754964,-80.319457,place.21817580,Feature,,1,Beaver Falls,"Beaver Falls, Pennsylvania, United States",,,,dXJuOm1ieHBsYzpBVXpvN0E,Q1130843,Point,,NA,NA,NA,NA
2046,U Illinois COM-Urbana,Urbana,IL,University of Illinois COM-Urbana,"University of Illinois COM-Urbana, Urbana, IL",40.112444000000004,-88.207412,place.335530220,Feature,,1,Urbana,"Urbana, Illinois, United States",,,,dXJuOm1ieHBsYzpFLy9JN0E,Q462184,Point,,NA,NA,NA,NA
2047,UAMS-AHEC-El Dorado,El Dorado,AR,UAMS-AHEC-El Dorado,"UAMS-AHEC-El Dorado, El Dorado, AR",38.723694,-121.0545,locality.17394412,Feature,,0.617778,Arroyo Vista,"Arroyo Vista, California, United States",,,,dXJuOm1ieHBsYzpBUWxxN0E,Q4796264,Point,,NA,NA,NA,NA
2048,UAMS-AHEC-Jonesboro,Jonesboro,AR,UAMS-AHEC-Jonesboro,"UAMS-AHEC-Jonesboro, Jonesboro, AR",35.828529,-90.694756,place.165480684,Feature,,1,Jonesboro,"Jonesboro, Arkansas, United States",,,,dXJuOm1ieHBsYzpDZDBJN0E,Q61455,Point,,NA,NA,NA,NA
2050,Parkview Med Ctr,Pueblo,CO,Parkview Medical Center,"Parkview Medical Center, Pueblo, CO",38.270638,-104.610092,place.269240556,Feature,,1,Pueblo,"Pueblo, Colorado, United States",,,,dXJuOm1ieHBsYzpFQXhJN0E,Q675576,Point,,NA,NA,NA,NA
2055,Kaiser Permanente-Los Angeles,Pasadena,CA,Kaiser Permanente-Los Angeles,"Kaiser Permanente-Los Angeles, Pasadena, CA",34.145914,-118.130844,neighborhood.96349420,Feature,,0.691852,Catalina Villas,"Catalina Villas, Pasadena, California, United States",,,,dXJuOm1ieHBsYzpCYjRzN0E,NA,Point,,NA,NA,NA,NA
2056,Trident Medical Center,Charleston,SC,Trident Medical Center,"Trident Medical Center, Charleston, SC",32.789284,-79.938628,place.507652332,Feature,,1,Charleston,"Charleston, South Carolina, United States",,,,dXJuOm1ieHBsYzpIa0lvN0E,Q47716,Point,,NA,NA,NA,NA
2058,St Francis Hospital,Wilmington,DE,St Francis Hospital,"St Francis Hospital, Wilmington, DE",50.79381,-3.116591,locality.197364303,Feature,,1,Wilmington,"Wilmington, Devon, England, United Kingdom",,,,dXJuOm1ieHBsYzpDOE9LVHc,Q8022721,Point,,NA,NA,NA,NA
2059,Harrison Med Ctr,Bremerton,WA,Harrison Medical Center,"Harrison Medical Center, Bremerton, WA",47.565005,-122.62696,place.36792556,Feature,,1,Bremerton,"Bremerton, Washington, United States",,,,dXJuOm1ieHBsYzpBakZvN0E,Q695417,Point,,NA,NA,NA,NA
2060,San Jacinto Meth Hosp,Baytown,TX,San Jacinto Meth Hospital,"San Jacinto Meth Hospital, Baytown, TX",30.622238,-95.720894,locality.493169388,Feature,,0.592593,San Jacinto,"San Jacinto, Texas, United States",,,,dXJuOm1ieHBsYzpIV1VxN0E,NA,Point,,NA,NA,NA,NA
2062,Forest Hills Hosp-NSLIJ Hlth Sys,Forest Hills,NY,Forest Hills Hospital-NSLIJ Hlth System,"Forest Hills Hospital-NSLIJ Hlth System, Forest Hills, NY",40.08587,-80.696894,address.7402703539940566,Feature,,0.608519,Forest Hills Drive,"Forest Hills Drive, Wheeling, West Virginia 26003, United States",,,,dXJuOm1ieGFkci1zdHI6MTI0NzIwODgtOGFjNC00MzQ0LThiZWYtZjFjNjM5ZjYwMmM5,NA,Point,,street,NA,"Forest Hills Drive, Wheeling, Nyugat-Virginia 26003, United States",NA
2065,Colorado Health Foundation,Denver,CO,Colorado Health Foundation,"Colorado Health Foundation, Denver, CO",39.598503,-105.03173,locality.114821868,Feature,,0.673333,Columbine Valley,"Columbine Valley, Colorado, United States",,,,dXJuOm1ieHBsYzpCdGdLN0E,NA,Point,,NA,NA,NA,NA
2066,East Tennessee St Univ,Johnson City,TN,East Tennessee St Univ,"East Tennessee St Univ, Johnson City, TN",36.19495,-82.353431,address.2627656891203956,Feature,,0.818519,Tennessee Street,"Tennessee Street, Unicoi, Tennessee 37692, United States",,,,dXJuOm1ieGFkci1zdHI6N2FkNGQxNDAtZDE1My00ZTg2LTllZDMtMDk1YWY0YmNiZTM1,NA,Point,,street,NA,NA,NA
2070,Icahn SOM St Lukes-Roosevelt,New York,NY,Icahn SOM St Lukes-Roosevelt,"Icahn SOM St Lukes-Roosevelt, New York, NY",40.220493,-74.47353,place.283298028,Feature,,0.576296,Roosevelt,"Roosevelt, New Jersey, United States",,,,dXJuOm1ieHBsYzpFT0xJN0E,NA,Point,,NA,NA,NA,NA
2071,Contra Costa Reg Med Ctr,Martinez,CA,Contra Costa Reg Medical Center,"Contra Costa Reg Medical Center, Martinez, CA",37.926613,-122.05474,locality.117328620,Feature,,0.51627,Contra Costa Centre,"Contra Costa Centre, California, United States",,,,dXJuOm1ieHBsYzpCdjVLN0E,Q5165600,Point,,NA,NA,NA,NA
2075,Univ of MO-KC/Western,Kansas City,MO,Univ of MO-KC/Western,"Univ of MO-KC/Western, Kansas City, MO",39.098485,-94.578631,place.441272556,Feature,,1,Kansas City,"Kansas City, Missouri, United States",,,,dXJuOm1ieHBsYzpHazFJN0E,Q41819,Point,,NA,NA,NA,NA
2077,Spectrum Health/Michigan State Univ,Grand Rapids,MI,Spectrum Health/Michigan State Univ,"Spectrum Health/Michigan State Univ, Grand Rapids, MI",42.966386,-85.670181,place.130836716,Feature,,1,Grand Rapids,"Grand Rapids, Michigan, United States",,,,dXJuOm1ieHBsYzpCOHhvN0E,Q184587,Point,,NA,NA,NA,NA
2079,E A Conway Med Ctr,Monroe,LA,E A Conway Medical Center,"E A Conway Medical Center, Monroe, LA",32.511235,-92.102516,place.217278700,Feature,,1,Monroe,"Monroe, Louisiana, United States",,,,dXJuOm1ieHBsYzpEUE5vN0E,Q947115,Point,,NA,NA,NA,NA
2085,Memorial Healthcare System,Pembroke Pines,FL,Memorial Healthcare System,"Memorial Healthcare System, Pembroke Pines, FL",25.992329,-80.267975,neighborhood.219598060,Feature,,0.675185,Florida Bible Church,"Florida Bible Church, Pembroke Pines, Florida, United States",,,,dXJuOm1ieHBsYzpEUmJNN0E,NA,Point,,NA,NA,NA,NA
2086,Inspira Med Ctr Woodbury,Woodbury,NJ,Inspira Medical Center Woodbury,"Inspira Medical Center Woodbury, Woodbury, NJ",39.83818,-75.153155,place.363530476,Feature,,1,Woodbury,"Woodbury, New Jersey, United States",,,,dXJuOm1ieHBsYzpGYXNJN0E,Q1027105,Point,,NA,NA,NA,NA
2087,St Anthony Hospital,Oklahoma City,OK,St Anthony Hospital,"St Anthony Hospital, Oklahoma City, OK",35.478214,-97.51765,neighborhood.613805292,Feature,,0.918519,St. Anthony Hospital Campus,"St. Anthony Hospital Campus, Oklahoma City, Oklahoma, United States",,,,dXJuOm1ieHBsYzpKSlhzN0E,NA,Point,,NA,NA,NA,NA
2091,St Lukes Warren Hospital,Phillipsburg,NJ,St Lukes Warren Hospital,"St Lukes Warren Hospital, Phillipsburg, NJ",40.691531,-75.194472,place.257771756,Feature,,1,Phillipsburg,"Phillipsburg, New Jersey, United States",,,,dXJuOm1ieHBsYzpEMTFJN0E,Q1088690,Point,,NA,NA,NA,NA
2092,California Hosp Med Ctr,Los Angeles,CA,California Hospital Medical Center,"California Hospital Medical Center, Los Angeles, CA",34.062614,-118.36941,neighborhood.93981932,Feature,,0.706931,Carthay Circle,"Carthay Circle, Los Angeles, California, United States",,,,dXJuOm1ieHBsYzpCWm9NN0E,NA,Point,,NA,NA,NA,NA
2099,Morehouse Sch of Med,Atlanta,GA,Morehouse Sch of Medical,"Morehouse Sch of Medical, Atlanta, GA",33.577604,-84.396504,address.8952460920972486,Feature,,0.628704,Medical Way,"Medical Way, Riverdale, Georgia 30274, United States",,,,dXJuOm1ieGFkci1zdHI6MzUxZDk2MGQtYjhkOC00ZDUxLTg3Y2MtMjljMGQ3Y2U1ZTUz,NA,Point,,street,NA,NA,NA
2100,Dublin Methodist Hosp,Dublin,OH,Dublin Methodist Hospital,"Dublin Methodist Hospital, Dublin, OH",40.101723,-83.110371,place.90294508,Feature,,1,Dublin,"Dublin, Ohio, United States",,,,dXJuOm1ieHBsYzpCV0hJN0E,Q988937,Point,,NA,NA,NA,NA
2102,Mercy Health Muskegon,Muskegon,MI,Mercy Health Muskegon,"Mercy Health Muskegon, Muskegon, MI",43.234552,-86.248143,place.225577196,Feature,,1,Muskegon,"Muskegon, Michigan, United States",,,,dXJuOm1ieHBsYzpEWElJN0E,Q952097,Point,,NA,NA,NA,NA
2103,Aria Jefferson Health,Philadelphia,PA,Aria Jefferson Health,"Aria Jefferson Health, Philadelphia, PA",39.952756,-75.166853,place.257591532,Feature,,1,Philadelphia,"Philadelphia, Pennsylvania, United States",,,,dXJuOm1ieHBsYzpEMXFJN0E,Q1345,Point,,NA,NA,NA,NA
2104,Unity Health,Searcy,AR,Unity Health,"Unity Health, Searcy, AR",35.250811,-91.738991,place.296863980,Feature,,1,Searcy,"Searcy, Arkansas, United States",,,,dXJuOm1ieHBsYzpFYkhJN0E,Q79709,Point,,NA,NA,NA,NA
2105,Mountain State OPTI,Lewisburg,WV,Mountain State OPTI,"Mountain State OPTI, Lewisburg, WV",37.801717,-80.445396,place.185469164,Feature,,1,Lewisburg,"Lewisburg, West Virginia, United States",,,,dXJuOm1ieHBsYzpDdzRJN0E,Q731071,Point,,NA,NA,NA,NA
2106,Garden City Hospital,Garden City,MI,Garden City Hospital,"Garden City Hospital, Garden City, MI",44.0221,-94.230835,locality.707537644,Feature,,0.72963,Garden City Township,"Garden City Township, Minnesota, United States",,,,dXJuOm1ieHBsYzpLaXdxN0E,NA,Point,,NA,NA,NA,NA
2107,Northside Hospital,St Petersburg,FL,Northside Hospital,"Northside Hospital, St Petersburg, FL",27.772077,-82.638486,place.316524780,Feature,,1,St. Petersburg,"St. Petersburg, Florida, United States",,,,dXJuOm1ieHBsYzpFdDNJN0E,Q49236,Point,,NA,NA,NA,NA
2108,Ocean Med Ctr,Brick,NJ,Ocean Medical Center,"Ocean Medical Center, Brick, NJ",40.070772,-74.129666,place.37292268,Feature,,1,Brick,"Brick, New Jersey, United States",,,,dXJuOm1ieHBsYzpBamtJN0E,Q2637971,Point,,NA,NA,NA,NA
2109,Manatee Memorial Hosp,Bradenton,FL,Manatee Memorial Hospital,"Manatee Memorial Hospital, Bradenton, FL",27.4962,-82.539635,neighborhood.381258988,Feature,,0.683333,Manatee,"Manatee, Bradenton, Florida, United States",,,,dXJuOm1ieHBsYzpGcm1NN0E,NA,Point,,NA,NA,NA,NA
2110,Corpus Christi Med Ctr,Corpus Christi,TX,Corpus Christi Medical Center,"Corpus Christi Medical Center, Corpus Christi, TX",27.838746,-97.573694,neighborhood.452177132,Feature,,0.680952,Northwest Corpus Christi,"Northwest Corpus Christi, Corpus Christi, Texas, United States",,,,dXJuOm1ieHBsYzpHdk9zN0E,NA,Point,,NA,NA,NA,NA
2111,Valley Health Team,San Joaquin,CA,Valley Health Team,"Valley Health Team, San Joaquin, CA",10.261259,-67.78862,place.2173169,Feature,,1,San Joaquín,"San Joaquín, Carabobo, Venezuela",,,,dXJuOm1ieHBsYzpJU2p4,Q1631420,Point,,NA,NA,NA,NA
2112,Norton Community Hosp,Norton,VA,Norton Community Hospital,"Norton Community Hospital, Norton, VA",36.931751,-82.635189,place.238741740,Feature,,1,Norton,"Norton, Virginia, United States",,,,dXJuOm1ieHBsYzpEanJvN0E,Q502984,Point,,NA,NA,NA,NA
2113,Arnot Ogden Med Ctr,Elmira,NY,Arnot Ogden Medical Center,"Arnot Ogden Medical Center, Elmira, NY",42.09152,-76.80259,place.100944108,Feature,,1,Elmira,"Elmira, New York, United States",,,,dXJuOm1ieHBsYzpCZ1JJN0E,Q934135,Point,,NA,NA,NA,NA
2114,Charles R Drew University,Los Angeles,CA,Charles R Drew University,"Charles R Drew University, Los Angeles, CA",34.048051,-118.254187,place.192407788,Feature,,1,Los Angeles,"Los Angeles, California, United States",,,,dXJuOm1ieHBsYzpDM2ZvN0E,Q65,Point,,NA,NA,NA,NA
2115,Kaiser Permanente-Santa Rosa,Santa Rosa,CA,Kaiser Permanente-Santa Rosa,"Kaiser Permanente-Santa Rosa, Santa Rosa, CA",38.36953,-122.723305,neighborhood.566267116,Feature,,0.680952,Santa Rosa Farms,"Santa Rosa Farms, Santa Rosa, California, United States",,,,dXJuOm1ieHBsYzpJY0NNN0E,NA,Point,,NA,NA,NA,NA
2116,CHRISTUS Health,Irving,TX,CHRISTUS Health,"CHRISTUS Health, Irving, TX",32.82938,-96.944127,place.160688364,Feature,,1,Irving,"Irving, Texas, United States",,,,dXJuOm1ieHBsYzpDWlBvN0E,Q51690,Point,,NA,NA,NA,NA
2117,Advocate Health Care,Downers Grove,IL,Advocate Health Care,"Advocate Health Care, Downers Grove, IL",41.792922,-88.010224,place.89164012,Feature,,1,Downers Grove,"Downers Grove, Illinois, United States",,,,dXJuOm1ieHBsYzpCVkNJN0E,Q1007011,Point,,NA,NA,NA,NA
2119,Kaiser Permanente-San Jose,San Jose,CA,Kaiser Permanente-San Jose,"Kaiser Permanente-San Jose, San Jose, CA",37.291645,-121.99201,neighborhood.709569772,Feature,,0.727249,West San Jose,"West San Jose, San Jose, California, United States",,,,dXJuOm1ieHBsYzpLa3NzN0E,NA,Point,,NA,NA,NA,NA
2120,Rowan University SOM,Stratford,NJ,Rowan University SOM,"Rowan University SOM, Stratford, NJ",39.830577,-75.018798,place.316795116,Feature,,1,Stratford,"Stratford, New Jersey, United States",,,,dXJuOm1ieHBsYzpFdUhvN0E,Q1083856,Point,,NA,NA,NA,NA
2121,Palmetto General Hosp,Hialeah,FL,Palmetto General Hospital,"Palmetto General Hospital, Hialeah, FL",25.857762,-80.278692,place.526313708,Feature,,1,Hialeah,"Hialeah, Florida, United States",,,,dXJuOm1ieHBsYzpIMTdvN0E,Q49276,Point,,NA,NA,NA,NA
2122,Doctors HospitalÐOhioHealth,Columbus,OH,Doctors HospitalÐOhioHealth,"Doctors HospitalÐOhioHealth, Columbus, OH",39.981847,-82.821929,address.205253207607286,Feature,,0.675185,East Broad Street,"East Broad Street, Columbus, Ohio 43213, United States",,,,dXJuOm1ieGFkci1zdHI6NmMxOTlmYzQtMmVhYi00YzI5LWEyNWQtNTYwMmU3YTFmYjhi,NA,Point,,street,Ohio Highway 16,"Ohio Highway 16, Columbus, Ohio 43213, United States",NA
2123,MSUCOM Statewide Campus Sys,East Lansing,MI,MSUCOM Statewide Campus System,"MSUCOM Statewide Campus System, East Lansing, MI",42.736026,-84.48379,place.515524844,Feature,,1,East Lansing,"East Lansing, Michigan, United States",,,,dXJuOm1ieHBsYzpIcnBJN0E,Q871265,Point,,NA,NA,NA,NA
2124,Hemet Valley Med Ctr,Hemet,CA,Hemet Valley Medical Center,"Hemet Valley Medical Center, Hemet, CA",33.747565,-116.967344,place.145967340,Feature,,1,Hemet,"Hemet, California, United States",,,,dXJuOm1ieHBsYzpDTE5JN0E,Q948188,Point,,NA,NA,NA,NA
2125,NYCOMEC,Old Westbury,NY,NYCOMEC,"NYCOMEC, Old Westbury, NY",40.788744,-73.599744,place.243583212,Feature,,1,Old Westbury,"Old Westbury, New York, United States",,,,dXJuOm1ieHBsYzpEb1RJN0E,Q2710615,Point,,NA,NA,NA,NA
2127,Adena Health System,Chillicothe,OH,Adena Health System,"Adena Health System, Chillicothe, OH",39.333186,-82.982103,place.59705580,Feature,,1,Chillicothe,"Chillicothe, Ohio, United States",,,,dXJuOm1ieHBsYzpBNDhJN0E,Q988739,Point,,NA,NA,NA,NA
2128,Campbell University,Lillington,NC,Campbell University,"Campbell University, Lillington, NC",35.398764,-78.816256,place.186747116,Feature,,1,Lillington,"Lillington, North Carolina, United States",,,,dXJuOm1ieHBsYzpDeUdJN0E,Q2029270,Point,,NA,NA,NA,NA
2129,LewisGale Med Ctr,Salem,VA,LewisGale Medical Center,"LewisGale Medical Center, Salem, VA",37.293378,-80.054668,place.290359532,Feature,,1,Salem,"Salem, Virginia, United States",,,,dXJuOm1ieHBsYzpFVTZJN0E,Q502230,Point,,NA,NA,NA,NA
2130,Houston Healthcare,Warner Robins,GA,Houston Healthcare,"Houston Healthcare, Warner Robins, GA",32.649813,-83.695258,address.3334645729017648,Feature,,0.726667,Houston Lane,"Houston Lane, Warner Robins, Georgia 31093, United States",,,,NA,NA,Point,,street,NA,NA,NA
2131,Desert Regional Med Ctr,Palm Springs,CA,Desert Regional Medical Center,"Desert Regional Medical Center, Palm Springs, CA",33.8231,-116.545565,place.250333420,Feature,,1,Palm Springs,"Palm Springs, California, United States",,,,dXJuOm1ieHBsYzpEdXZJN0E,Q488004,Point,,NA,NA,NA,NA
2132,Southeast Alabama Med Ctr,Dothan,AL,Southeast Alabama Medical Center,"Southeast Alabama Medical Center, Dothan, AL",31.225183,-85.393578,place.419662060,Feature,,1,Dothan,"Dothan, Alabama, United States",,,,dXJuOm1ieHBsYzpHUU9JN0E,Q79519,Point,,NA,NA,NA,NA
2133,College Med Ctr,Long Beach,CA,College Medical Center,"College Medical Center, Long Beach, CA",33.769297,-118.193674,place.191203564,Feature,,1,Long Beach,"Long Beach, California, United States",,,,dXJuOm1ieHBsYzpDMldJN0E,Q16739,Point,,NA,NA,NA,NA
2134,Appalachian OPTIC,Pikeville,KY,Appalachian OPTIC,"Appalachian OPTIC, Pikeville, KY",37.479471,-82.517511,place.258738412,Feature,,1,Pikeville,"Pikeville, Kentucky, United States",,,,dXJuOm1ieHBsYzpEMndJN0E,Q2855088,Point,,NA,NA,NA,NA
2135,Kaiser Permanente-Santa Clara,Santa Clara,CA,Kaiser Permanente-Santa Clara,"Kaiser Permanente-Santa Clara, Santa Clara, CA",37.341851,-121.9812,address.4798428940312418,Feature,,0.816931,Kaiser Drive,"Kaiser Drive, Santa Clara, California 95051, United States",,,,dXJuOm1ieGFkci1zdHI6MzMxZTAxYTktZGExMi00ODhmLTk5ZTctMmFkODBhYTk0OTU1,NA,Point,,street,NA,NA,NA
2136,HMH-Palisades Med Ctr,North Bergen,NJ,HMH-Palisades Medical Center,"HMH-Palisades Medical Center, North Bergen, NJ",40.801519,-74.006796,place.235882732,Feature,,1,North Bergen,"North Bergen, New Jersey, United States",,,,dXJuOm1ieHBsYzpEZzlJN0E,Q2000528,Point,,NA,NA,NA,NA
2137,Regional Med Ctr Bayonet Point,Hudson,FL,Regional Medical Center Bayonet Point,"Regional Medical Center Bayonet Point, Hudson, FL",28.327303,-82.68316,locality.32033516,Feature,,0.569444,Bayonet Point,"Bayonet Point, Florida, United States",,,,dXJuOm1ieHBsYzpBZWpLN0E,Q240417,Point,,NA,NA,NA,NA
2138,St Agnes Med Ctr,Fresno,CA,St Agnes Medical Center,"St Agnes Medical Center, Fresno, CA",36.736079,-119.787082,place.427903212,Feature,,1,Fresno,"Fresno, California, United States",,,,dXJuOm1ieHBsYzpHWUZJN0E,Q43301,Point,,NA,NA,NA,NA
2139,St Mary Med Ctr-Langhorne,Langhorne,PA,St Mary Medical Center-Langhorne,"St Mary Medical Center-Langhorne, Langhorne, PA",40.176151,-74.92027,place.179652844,Feature,,1,Langhorne,"Langhorne, Pennsylvania, United States",,,,dXJuOm1ieHBsYzpDclZJN0E,Q1186203,Point,,NA,NA,NA,NA
2140,Eastern Idaho Regional Med Ctr,Idaho Falls,ID,Eastern Idaho Regional Medical Center,"Eastern Idaho Regional Medical Center, Idaho Falls, ID",43.493987,-112.041237,place.157985004,Feature,,1,Idaho Falls,"Idaho Falls, Idaho, United States",,,,dXJuOm1ieHBsYzpDV3FvN0E,Q496360,Point,,NA,NA,NA,NA
2142,Medical City Weatherford,Weatherford,TX,Medical City Weatherford,"Medical City Weatherford, Weatherford, TX",32.898854,-97.311213,address.4023516873678850,Feature,,0.564444,Medical City Way,"Medical City Way, Fort Worth, Texas 76177, United States",,,,dXJuOm1ieGFkci1zdHI6NzFkOTQyN2MtMjNlYi00YTdlLWIyYzAtNTQ4OGYzNmU5ZmQ0,NA,Point,,street,NA,NA,NA
2143,South Baldwin Reg Med Ctr,Foley,AL,South Baldwin Reg Medical Center,"South Baldwin Reg Medical Center, Foley, AL",45.780064,-93.980545,locality.700295916,Feature,,0.579947,Alberta Township,"Alberta Township, Minnesota, United States",,,,dXJuOm1ieHBsYzpLYjJxN0E,NA,Point,,NA,NA,NA,NA
2144,East Central Mississippi Health,Meridian,MS,East Central Mississippi Health,"East Central Mississippi Health, Meridian, MS",32.365036,-88.700421,place.209660140,Feature,,1,Meridian,"Meridian, Mississippi, United States",,,,dXJuOm1ieHBsYzpESDhvN0E,Q118152,Point,,NA,NA,NA,NA
2145,Sovah HealthÐDanville,Danville,VA,Sovah HealthÐDanville,"Sovah HealthÐDanville, Danville, VA",36.586339,-79.392555,place.80292076,Feature,,0.592593,Danville,"Danville, Virginia, United States",,,,dXJuOm1ieHBsYzpCTWtvN0E,Q511922,Point,,NA,NA,NA,NA
2146,Oakwood Southshore Hospital,Trenton,MI,Oakwood Southshore Hospital,"Oakwood Southshore Hospital, Trenton, MI",42.140857,-83.177975,place.330393836,Feature,,1,Trenton,"Trenton, Michigan, United States",,,,dXJuOm1ieHBsYzpFN0ZvN0E,Q547676,Point,,NA,NA,NA,NA
2147,South Georgia Med Ed & Res Consortium,Moultrie,GA,South Georgia Medical Ed & Res Consortium,"South Georgia Medical Ed & Res Consortium, Moultrie, GA",31.179932,-83.788857,place.221743340,Feature,,1,Moultrie,"Moultrie, Georgia, United States",,,,dXJuOm1ieHBsYzpEVGVJN0E,Q3100551,Point,,NA,NA,NA,NA
2149,Still OPTI-Peak Vista FMRP,Colorado Springs,CO,Still OPTI-Peak Vista FMRP,"Still OPTI-Peak Vista FMRP, Colorado Springs, CO",38.83242,-104.821879,place.68069612,Feature,,1,Colorado Springs,"Colorado Springs, Colorado, United States",,,,dXJuOm1ieHBsYzpCQTZvN0E,Q49258,Point,,NA,NA,NA,NA
2150,Chino Valley Med Ctr,Chino,CA,Chino Valley Medical Center,"Chino Valley Medical Center, Chino, CA",34.013319,-117.689204,place.59975916,Feature,,1,Chino,"Chino, California, United States",,,,dXJuOm1ieHBsYzpBNU1vN0E,Q506395,Point,,NA,NA,NA,NA
2151,Casa Colina Hosp,Pomona,CA,Casa Colina Hospital,"Casa Colina Hospital, Pomona, CA",34.057842,-117.750166,place.263882988,Feature,,1,Pomona,"Pomona, California, United States",,,,dXJuOm1ieHBsYzpEN3FJN0E,Q486868,Point,,NA,NA,NA,NA
2152,Still OPTI-Northeast Reg Med Ctr,Kirksville,MO,Still OPTI-Northeast Reg Medical Center,"Still OPTI-Northeast Reg Medical Center, Kirksville, MO",40.194729,-92.582119,place.172460268,Feature,,1,Kirksville,"Kirksville, Missouri, United States",,,,dXJuOm1ieHBsYzpDa2VJN0E,Q966460,Point,,NA,NA,NA,NA
2154,Creighton Univ Affil Hosps,Phoenix,AZ,Creighton Univ Affil Hosps,"Creighton Univ Affil Hosps, Phoenix, AZ",33.44823,-112.075098,place.257902828,Feature,,1,Phoenix,"Phoenix, Arizona, United States",,,,dXJuOm1ieHBsYzpEMTlJN0E,Q16556,Point,,NA,NA,NA,NA
2155,Northwestern McGraw/NMH/VA,Chicago,IL,Northwestern McGraw/NMH/VA,"Northwestern McGraw/NMH/VA, Chicago, IL",42.056225,-87.67717,neighborhood.452250860,Feature,,0.532407,Northwestern,"Northwestern, Evanston, Illinois, United States",,,,dXJuOm1ieHBsYzpHdlRNN0E,NA,Point,,NA,NA,NA,NA
2156,Midwestern University OPTI,Phoenix,AZ,Midwestern University OPTI,"Midwestern University OPTI, Phoenix, AZ",33.44823,-112.075098,place.257902828,Feature,,1,Phoenix,"Phoenix, Arizona, United States",,,,dXJuOm1ieHBsYzpEMTlJN0E,Q16556,Point,,NA,NA,NA,NA
2157,Westchester Medical Center,Valhalla,NY,Westchester Medical Center,"Westchester Medical Center, Valhalla, NY",40.738186,-73.97414,neighborhood.398273772,Feature,,0.6,Medical Centre,"Medical Centre, New York, New York, United States",,,,dXJuOm1ieHBsYzpGNzBzN0E,NA,Point,,NA,NA,"Medical Centre, NY, New York, United States",NA
2158,Philadelphia Coll of Osteo Med,Philadelphia,PA,Philadelphia Coll of Osteo Medical,"Philadelphia Coll of Osteo Medical, Philadelphia, PA",39.952756,-75.166853,place.257591532,Feature,,1,Philadelphia,"Philadelphia, Pennsylvania, United States",,,,dXJuOm1ieHBsYzpEMXFJN0E,Q1345,Point,,NA,NA,NA,NA
2159,Skagit Regional Health,Mount Vernon,WA,Skagit Regional Health,"Skagit Regional Health, Mount Vernon, WA",33.83572,-83.644066,locality.667110124,Feature,,0.592593,Mount Vernon,"Mount Vernon, Georgia, United States",,,,dXJuOm1ieHBsYzpKOE5LN0E,NA,Point,,NA,NA,NA,NA
2160,St. Joseph Hospital of Eureka,Eureka,CA,St. Joseph Hospital of Eureka,"St. Joseph Hospital of Eureka, Eureka, CA",40.791423,-124.167888,place.105015532,Feature,,1,Eureka,"Eureka, California, United States",,,,dXJuOm1ieHBsYzpCa0pvN0E,Q488702,Point,,NA,NA,NA,NA
2161,St. Josephs Medical Center,Stockton,CA,St. Josephs Medical Center,"St. Josephs Medical Center, Stockton, CA",37.952864,-121.288399,place.315533548,Feature,,1,Stockton,"Stockton, California, United States",,,,dXJuOm1ieHBsYzpFczZvN0E,Q49240,Point,,NA,NA,NA,NA
2162,Oklahoma State U Ctr for Health Sci,Tulsa,OK,Oklahoma State U Center for Health Sci,"Oklahoma State U Center for Health Sci, Tulsa, OK",36.15286,-95.989398,place.331983084,Feature,,1,Tulsa,"Tulsa, Oklahoma, United States",,,,dXJuOm1ieHBsYzpFOG1vN0E,Q44989,Point,,NA,NA,NA,NA
2163,Mercyhealth GME Consortium,Rockford,IL,Mercyhealth GME Consortium,"Mercyhealth GME Consortium, Rockford, IL",39.76669,-89.62362,address.5532580708634496,Feature,,0.585926,Rockford Drive,"Rockford Drive, Springfield, Illinois 62703, United States",,,,NA,NA,Point,,street,NA,NA,NA
2164,Clarion Hospital,Clarion,PA,Clarion Hospital,"Clarion Hospital, Clarion, PA",41.192111,-79.396765,address.5460837823509228,Feature,,0.834444,Hospital Drive,"Hospital Drive, Clarion, Pennsylvania 16214, United States",,,,dXJuOm1ieGFkci1zdHI6OWEzZWQyNzMtOTE2NC00NTE1LWFkNzYtMDVkODUwNzE4N2Ew,NA,Point,,street,NA,NA,NA
2165,Gateway Behavioral Hlth Comm Svc,Savannah,GA,Gateway Behavioral Hlth Comm Svc,"Gateway Behavioral Hlth Comm Svc, Savannah, GA",32.080527,-81.092575,place.294545644,Feature,,1,Savannah,"Savannah, Georgia, United States",,,,dXJuOm1ieHBsYzpFWTVvN0E,Q83813,Point,,NA,NA,NA,NA
2166,Northeast Georgia Med Ctr,Gainesville,GA,Northeast Georgia Medical Center,"Northeast Georgia Medical Center, Gainesville, GA",34.300253,-83.82432,place.120211692,Feature,,1,Gainesville,"Gainesville, Georgia, United States",,,,dXJuOm1ieHBsYzpCeXBJN0E,Q651051,Point,,NA,NA,NA,NA
2167,Trios Health,Kennewick,WA,Trios Health,"Trios Health, Kennewick, WA",46.207643,-119.119963,place.169085164,Feature,,1,Kennewick,"Kennewick, Washington, United States",,,,dXJuOm1ieHBsYzpDaFFJN0E,Q844033,Point,,NA,NA,NA,NA
2168,Yakima Valley Farm Workers Clinic,Toppenish,WA,Yakima Valley Farm Workers Clinic,"Yakima Valley Farm Workers Clinic, Toppenish, WA",46.37385,-120.311226,place.328927468,Feature,,1,Toppenish,"Toppenish, Washington, United States",,,,dXJuOm1ieHBsYzpFNXNJN0E,Q986202,Point,,NA,NA,NA,NA
2169,TIGMER,San Antonio,TX,TIGMER,"TIGMER, San Antonio, TX",29.55678,-98.715386,address.7644902049484336,Feature,,0.771605,Tiger Road,"Tiger Road, Helotes, Texas 78023, United States",,,,dXJuOm1ieGFkci1zdHI6OWE4NDJkM2UtMzEyYS00MTM5LTg0N2EtN2Q5OTVlMjRhY2M0,NA,Point,,street,Tiger,"Tiger, Helotes, Texas 78023, United States",NA
2170,Metro Health/U Michigan Health,Wyoming,MI,Metro Health/U Michigan Health,"Metro Health/U Michigan Health, Wyoming, MI",42.913514,-85.70526,place.365979884,Feature,,1,Wyoming,"Wyoming, Michigan, United States",,,,dXJuOm1ieHBsYzpGZEJvN0E,Q1022953,Point,,NA,NA,NA,NA
2171,OMECO,Tulsa,OK,OMECO,"OMECO, Tulsa, OK",36.15286,-95.989398,place.331983084,Feature,,1,Tulsa,"Tulsa, Oklahoma, United States",,,,dXJuOm1ieHBsYzpFOG1vN0E,Q44989,Point,,NA,NA,NA,NA
2172,Rocky Mountain OPTI,Parker,CO,Rocky Mountain OPTI,"Rocky Mountain OPTI, Parker, CO",35.80525,-94.767715,locality.476490476,Feature,,0.626074,Rocky Mountain,"Rocky Mountain, Oklahoma, United States",,,,dXJuOm1ieHBsYzpIR2FxN0E,Q2756329,Point,,NA,NA,NA,NA
2173,UPMC Pinnacle Lititz,Lititz,PA,UPMC Pinnacle Lititz,"UPMC Pinnacle Lititz, Lititz, PA",40.138195,-76.303175,address.1048092318364110,Feature,,0.627037,Lititz Pike,"Lititz Pike, Lititz, Pennsylvania 17543, United States",,,,dXJuOm1ieGFkci1zdHI6MGExZTNhZDQtZDM5OC00MmI0LTk4MWMtYmRmYTBjMzQ3OTBi,NA,Point,,street,NA,NA,NA
2174,Merit Health Wesley,Hattiesburg,MS,Merit Health Wesley,"Merit Health Wesley, Hattiesburg, MS",31.327048,-89.290376,place.143313132,Feature,,1,Hattiesburg,"Hattiesburg, Mississippi, United States",,,,dXJuOm1ieHBsYzpDSXJJN0E,Q384464,Point,,NA,NA,NA,NA
2175,Nemours Childrens Hosp,Orlando,FL,Nemours Childrens Hospital,"Nemours Childrens Hospital, Orlando, FL",28.54211,-81.379039,place.246171884,Feature,,1,Orlando,"Orlando, Florida, United States",,,,dXJuOm1ieHBsYzpEcXhJN0E,Q49233,Point,,NA,NA,NA,NA
2176,St Lukes Hosp-Anderson,Easton,PA,St Lukes Hospital-Anderson,"St Lukes Hospital-Anderson, Easton, PA",41.12732,-79.54108,locality.161344236,Feature,,0.611111,Easton,"Easton, Pennsylvania, United States",,,,dXJuOm1ieHBsYzpDWjNxN0E,NA,Point,,NA,NA,NA,NA
2177,Riverside Medical Ctr,Kankakee,IL,Riverside Medical Center,"Riverside Medical Center, Kankakee, IL",41.120033,-87.861114,place.166979820,Feature,,1,Kankakee,"Kankakee, Illinois, United States",,,,dXJuOm1ieHBsYzpDZlBvN0E,Q578351,Point,,NA,NA,NA,NA
2178,Johnston Memorial Hosp,Abingdon,VA,Johnston Memorial Hospital,"Johnston Memorial Hospital, Abingdon, VA",36.70978,-81.977336,place.329964,Feature,,1,Abingdon,"Abingdon, Virginia, United States",,,,dXJuOm1ieHBsYzpCUWpz,Q137919,Point,,NA,NA,NA,NA
2179,Western Reserve Hospital,Cuyahoga Falls,OH,Western Reserve Hospital,"Western Reserve Hospital, Cuyahoga Falls, OH",41.137829,-81.484047,place.78457068,Feature,,1,Cuyahoga Falls,"Cuyahoga Falls, Ohio, United States",,,,dXJuOm1ieHBsYzpCSzBvN0E,Q531958,Point,,NA,NA,NA,NA
2180,Adventist Health Ukiah Valley,Ukiah,CA,Adventist Health Ukiah Valley,"Adventist Health Ukiah Valley, Ukiah, CA",39.150028,-123.207655,place.483961068,Feature,,0.592593,Ukiah,"Ukiah, California, United States",,,,dXJuOm1ieHBsYzpITmlvN0E,Q837105,Point,,NA,NA,NA,NA
2181,Wellspan Health,York,PA,Wellspan Health,"Wellspan Health, York, PA",39.991423,-76.751272,address.381629278449066,Feature,,0.693333,Heath Lane,"Heath Lane, York, Pennsylvania 17404, United States",,,,NA,NA,Point,,street,NA,NA,NA
2182,MountainView Reg Med Ctr,Las Cruces,NM,MountainView Reg Medical Center,"MountainView Reg Medical Center, Las Cruces, NM",32.310449,-106.778821,place.444655852,Feature,,1,Las Cruces,"Las Cruces, New Mexico, United States",,,,dXJuOm1ieHBsYzpHb0RvN0E,Q33264,Point,,NA,NA,NA,NA
2183,Health Quest,Lagrangeville,NY,Health Quest,"Health Quest, Lagrangeville, NY",41.650261,-73.764389,place.175261932,Feature,,1,Lagrangeville,"Lagrangeville, New York, United States",,,,dXJuOm1ieHBsYzpDbkpJN0E,Q427693,Point,,NA,NA,NA,NA
2184,UnityPoint Broadlawns,Des Moines,IA,UnityPoint Broadlawns,"UnityPoint Broadlawns, Des Moines, IA",41.600627,-93.545742,address.6741380290115886,Feature,,0.71963,East University Avenue,"East University Avenue, Des Moines, Iowa 50317, United States",,,,dXJuOm1ieGFkci1zdHI6YmViNTdmZmQtNmEwZC00YzA3LTkzNGItNmRkOGQ1MGY1NzEx,NA,Point,,street,IA 163,"IA 163, Des Moines, Iowa 50317, United States",NA
2185,Our Lady of Lourdes,Binghamton,NY,Our Lady of Lourdes,"Our Lady of Lourdes, Binghamton, NY",-33.396826,115.75349,address.6089667673413548,Feature,,0.73037,Our Lady Of Lourdes Road,"Our Lady Of Lourdes Road, Dardanup Western Australia 6236, Australia",,,,NA,NA,Point,,street,NA,"Our Lady Of Lourdes Road, Dardanup Nyugat-Ausztrália 6236, Australia",NA
2186,Eastern CT Health Network,Manchester,CT,Eastern CT Health Network,"Eastern CT Health Network, Manchester, CT",41.77639,-72.52144,neighborhood.101076204,Feature,,0.628889,Center,"Center, Manchester, Connecticut, United States",,,,dXJuOm1ieHBsYzpCZ1pNN0E,NA,Point,,NA,NA,NA,NA
2187,Zucker SOMÐNorthwell Mather Hosp,Port Jefferson,NY,Zucker SOMÐNorthwell Mather Hospital,"Zucker SOMÐNorthwell Mather Hospital, Port Jefferson, NY",40.946712,-73.069361,place.265398508,Feature,,1,Port Jefferson,"Port Jefferson, New York, United States",,,,dXJuOm1ieHBsYzpEOUdvN0E,Q2104746,Point,,NA,NA,NA,NA
2188,Las Palmas del Sol Healthcare,El Paso,TX,Las Palmas del Sol Healthcare,"Las Palmas del Sol Healthcare, El Paso, TX",31.738707,-106.3099,neighborhood.353250540,Feature,,0.833333,Las Palmas,"Las Palmas, El Paso, Texas, United States",,,,dXJuOm1ieHBsYzpGUTRzN0E,NA,Point,,NA,NA,NA,NA
2189,University Hosps Osteo Consortium,Westlake,OH,University Hosps Osteo Consortium,"University Hosps Osteo Consortium, Westlake, OH",41.456994,-81.917233,place.352512236,Feature,,1,Westlake,"Westlake, Ohio, United States",,,,dXJuOm1ieHBsYzpGUUxvN0E,Q140006,Point,,NA,NA,NA,NA
2191,Marshall Community Health,Huntington,WV,Marshall Community Health,"Marshall Community Health, Huntington, WV",38.419422,-82.443494,place.156690668,Feature,,1,Huntington,"Huntington, West Virginia, United States",,,,dXJuOm1ieHBsYzpDVmJvN0E,Q241808,Point,,NA,NA,NA,NA
2192,VCOM/LGHM GME Consortium,Blacksburg,VA,VCOM/LGHM GME Consortium,"VCOM/LGHM GME Consortium, Blacksburg, VA",37.230661,-80.415355,place.29567212,Feature,,1,Blacksburg,"Blacksburg, Virginia, United States",,,,dXJuOm1ieHBsYzpBY01vN0E,Q285816,Point,,NA,NA,NA,NA
2193,Howard Univ Hosp,Washington,DC,Howard Univ Hospital,"Howard Univ Hospital, Washington, DC",38.90253,-77.039386,place.345549036,Feature,,1,Washington,"Washington, District of Columbia, United States",,,,dXJuOm1ieHBsYzpGSmlvN0E,Q61,Point,,NA,NA,"Washington, DC, United States",NA
2194,Community Health of South Florida,Miami,FL,Community Health of South Florida,"Community Health of South Florida, Miami, FL",25.773357,-80.1919,place.210733292,Feature,,1,Miami,"Miami, Florida, United States",,,,dXJuOm1ieHBsYzpESStJN0E,Q8652,Point,,NA,NA,NA,NA
2195,Citrus Memorial Hospital,Inverness,FL,Citrus Memorial Hospital,"Citrus Memorial Hospital, Inverness, FL",26.014812,-80.31054,neighborhood.399625452,Feature,,0.564444,Memorial Hospital West,"Memorial Hospital West, Pembroke Pines, Florida, United States",,,,dXJuOm1ieHBsYzpGOUhNN0E,NA,Point,,NA,NA,NA,NA
2196,St Petersburg General Hosp,St. Petersburg,FL,St Petersburg General Hospital,"St Petersburg General Hospital, St. Petersburg, FL",27.772078,-82.63849,neighborhood.172723436,Feature,,0.680952,Downtown St. Petersburg,"Downtown St. Petersburg, St. Petersburg, Florida, United States",,,,dXJuOm1ieHBsYzpDa3VNN0E,NA,Point,,NA,NA,NA,NA
2197,Montclair Hosp Med Ctr,Montclair,CA,Montclair Hospital Medical Center,"Montclair Hospital Medical Center, Montclair, CA",40.815094,-74.2191,place.217827564,Feature,,1,Montclair,"Montclair, New Jersey, United States",,,,dXJuOm1ieHBsYzpEUHZJN0E,Q678437,Point,,NA,NA,NA,NA
2198,Baptist Health,North Little Rock,AR,Baptist Health,"Baptist Health, North Little Rock, AR",34.744869,-92.373132,address.205038406063850,Feature,,1,Baptist Health,"Baptist Health, Little Rock, Arkansas 72205, United States",,,,NA,NA,Point,,street,NA,NA,NA
2199,East Liverpool City Hosp,East Liverpool,OH,East Liverpool City Hospital,"East Liverpool City Hospital, East Liverpool, OH",40.6367,-80.55038,locality.712837868,Feature,,0.630159,Liverpool Township,"Liverpool Township, Ohio, United States",,,,dXJuOm1ieHBsYzpLbjBLN0E,NA,Point,,NA,NA,NA,NA
2200,Zucker SOM Northwell Peconic Bay,Riverhead,NY,Zucker SOM Northwell Peconic Bay,"Zucker SOM Northwell Peconic Bay, Riverhead, NY",40.916927,-72.662524,place.279152876,Feature,,0.497355,Riverhead,"Riverhead, New York, United States",,,,dXJuOm1ieHBsYzpFS09JN0E,Q1770518,Point,,NA,NA,NA,NA
2201,Valley Health System,Las Vegas,NV,Valley Health System,"Valley Health System, Las Vegas, NV",36.274326,-115.07249,neighborhood.672214252,Feature,,0.712963,Valley,"Valley, Las Vegas, Nevada, United States",,,,dXJuOm1ieHBsYzpLQkVzN0E,NA,Point,,NA,NA,NA,NA
2203,St Ritas Medical Center,Lima,OH,St Ritas Medical Center,"St Ritas Medical Center, Lima, OH",40.742688,-84.106799,place.186878188,Feature,,1,Lima,"Lima, Ohio, United States",,,,dXJuOm1ieHBsYzpDeU9JN0E,Q983974,Point,,NA,NA,NA,NA
2205,Niagara Falls Mem Med Ctr,Niagara Falls,NY,Niagara Falls Mem Medical Center,"Niagara Falls Mem Medical Center, Niagara Falls, NY",43.108525,-78.985958,locality.390900460,Feature,,0.638889,Niagara,"Niagara, New York, United States",,,,dXJuOm1ieHBsYzpGMHlxN0E,NA,Point,,NA,NA,NA,NA
2206,Albert Einstein Healthcare Network,Philadelphia,PA,Albert Einstein Healthcare Network,"Albert Einstein Healthcare Network, Philadelphia, PA",39.952756,-75.166853,place.257591532,Feature,,1,Philadelphia,"Philadelphia, Pennsylvania, United States",,,,dXJuOm1ieHBsYzpEMXFJN0E,Q1345,Point,,NA,NA,NA,NA
2207,Cayuga Med Ctr,Ithaca,NY,Cayuga Medical Center,"Cayuga Medical Center, Ithaca, NY",42.439687,-76.496695,place.161409260,Feature,,1,Ithaca,"Ithaca, New York, United States",,,,dXJuOm1ieHBsYzpDWjdvN0E,Q217346,Point,,NA,NA,NA,NA
2208,Fairfield Med Ctr,Lancaster,OH,Fairfield Medical Center,"Fairfield Medical Center, Lancaster, OH",39.713743,-82.601929,place.179013868,Feature,,1,Lancaster,"Lancaster, Ohio, United States",,,,dXJuOm1ieHBsYzpDcXVJN0E,Q986005,Point,,NA,NA,NA,NA
2209,Puyallup Tribal Health Authority,Tacoma,WA,Puyallup Tribal Health Authority,"Puyallup Tribal Health Authority, Tacoma, WA",47.241656,-122.42001,address.6835479634003226,Feature,,0.874074,Puyallup Avenue,"Puyallup Avenue, Tacoma, Washington 98421, United States",,,,dXJuOm1ieGFkci1zdHI6MTY3OTAyMjktNGZjZS00ODM0LTgzMWItODUxYzViYTcyMDMw,NA,Point,,street,NA,NA,NA
2210,St. Joseph's Hospital,Tacoma,WA,St. Joseph's Hospital,"St. Joseph's Hospital, Tacoma, WA",47.255127,-122.442003,place.322087148,Feature,,1,Tacoma,"Tacoma, Washington, United States",,,,dXJuOm1ieHBsYzpFektvN0E,Q199797,Point,,NA,NA,NA,NA
2211,HCA Gulf Coast Ed Consortium,Houston,TX,HCA Gulf Coast Ed Consortium,"HCA Gulf Coast Ed Consortium, Houston, TX",29.760496,-95.363433,place.154609900,Feature,,1,Houston,"Houston, Texas, United States",,,,dXJuOm1ieHBsYzpDVGNvN0E,Q16555,Point,,NA,NA,NA,NA
2213,UHS So California Med Ed Consortium,Temecula,CA,UHS So California Medical Ed Consortium,"UHS So California Medical Ed Consortium, Temecula, CA",33.493397,-117.1488,place.324225260,Feature,,1,Temecula,"Temecula, California, United States",,,,dXJuOm1ieHBsYzpFMU5JN0E,Q838785,Point,,NA,NA,NA,NA
2247,Northwestern McGaw/NMH/VA,Chicago,IL,Northwestern McGaw/NMH/VA,"Northwestern McGaw/NMH/VA, Chicago, IL",42.056225,-87.67717,neighborhood.452250860,Feature,,0.532407,Northwestern,"Northwestern, Evanston, Illinois, United States",,,,dXJuOm1ieHBsYzpHdlRNN0E,NA,Point,,NA,NA,NA,NA
2267,U IL-Methodist Med Ctr,Peoria,IL,University of IL-Methodist Medical Center,"University of IL-Methodist Medical Center, Peoria, IL",40.691812,-89.589548,place.255863020,Feature,,1,Peoria,"Peoria, Illinois, United States",,,,dXJuOm1ieHBsYzpEMEFvN0E,Q233129,Point,,NA,NA,NA,NA
2268,U Illinois COM-Rockford,Rockford,IL,University of Illinois COM-Rockford,"University of Illinois COM-Rockford, Rockford, IL",42.271782,-89.095819,place.281118956,Feature,,1,Rockford,"Rockford, Illinois, United States",,,,dXJuOm1ieHBsYzpFTUdJN0E,Q233892,Point,,NA,NA,NA,NA
2327,Central Maine Med Ctr,Lewiston,ME,Central Maine Medical Center,"Central Maine Medical Center, Lewiston, ME",44.097602,-70.216911,place.185624812,Feature,,1,Lewiston,"Lewiston, Maine, United States",,,,dXJuOm1ieHBsYzpDeEJvN0E,Q501170,Point,,NA,NA,NA,NA
2436,Michigan St Univ CHM-East Lansing,Lansing,MI,Michigan St Univ CHM-East Lansing,"Michigan St Univ CHM-East Lansing, Lansing, MI",42.96907,-85.63972,neighborhood.402345196,Feature,,0.703704,Michigan Street,"Michigan Street, Grand Rapids, Michigan, United States",,,,dXJuOm1ieHBsYzpGL3RNN0E,NA,Point,,NA,NA,NA,NA
2446,Meadville Med Ctr,Meadville,PA,Meadville Medical Center,"Meadville Medical Center, Meadville, PA",41.638702,-80.152468,place.207292652,Feature,,1,Meadville,"Meadville, Pennsylvania, United States",,,,dXJuOm1ieHBsYzpERnNJN0E,Q1010225,Point,,NA,NA,NA,NA
2520,Eastern Maine Med Ctr,Bangor,ME,Eastern Maine Medical Center,"Eastern Maine Medical Center, Bangor, ME",44.801616,-68.771305,place.17811692,Feature,,1,Bangor,"Bangor, Maine, United States",,,,dXJuOm1ieHBsYzpBUS9JN0E,Q327012,Point,,NA,NA,NA,NA
2530,Bon Secours Health System,Midlothian,VA,Bon Secours Health System,"Bon Secours Health System, Midlothian, VA",37.464178,-77.660777,address.5651026342607492,Feature,,0.655556,Bon Secours Drive,"Bon Secours Drive, Midlothian, Virginia 23114, United States",,,,dXJuOm1ieGFkci1zdHI6NjViNmY2ZTItZGM0ZS00OWI5LTgzOGYtMjIzMTU0YzhjYmNl,NA,Point,,street,NA,NA,NA
2599,Creedmoor Psych Ctr,Queens Village,NY,Creedmoor Psych Center,"Creedmoor Psych Center, Queens Village, NY",44.379147,-64.365204,place.94758951,Feature,,0.508148,Centre,"Centre, Nova Scotia, Canada",,,,dXJuOm1ieHBsYzpCYVhvSnc,Q104853035,Point,,NA,NA,"Centre, Nýja-Skotland, Canada",NA
2640,SW Oklahoma Family Med,Lawton,OK,SW Oklahoma Family Medical,"SW Oklahoma Family Medical, Lawton, OK",34.604061,-98.396834,place.182200556,Feature,,1,Lawton,"Lawton, Oklahoma, United States",,,,dXJuOm1ieHBsYzpDdHdvN0E,Q503336,Point,,NA,NA,NA,NA
2689,Bethesda Hospital,Cincinnati,OH,Bethesda Hospital,"Bethesda Hospital, Cincinnati, OH",39.102438,-84.513301,place.60967148,Feature,,1,Cincinnati,"Cincinnati, Ohio, United States",,,,dXJuOm1ieHBsYzpBNkpJN0E,Q43196,Point,,NA,NA,NA,NA
2727,U Oklahoma COM-Tulsa,Tulsa,OK,University of Oklahoma COM-Tulsa,"University of Oklahoma COM-Tulsa, Tulsa, OK",35.46883,-97.517981,place.242952428,Feature,,1,Oklahoma City,"Oklahoma City, Oklahoma, United States",,,,dXJuOm1ieHBsYzpEbnNvN0E,Q34863,Point,,NA,NA,NA,NA
2793,Brown U/Womens & Infants Hosp of,Providence,RI,Brown U/Womens & Infants Hospital of,"Brown U/Womens & Infants Hospital of, Providence, RI",41.816616,-71.41018,address.7259916717837704,Feature,,0.598889,Hospital Street,"Hospital Street, Providence, Rhode Island 02903, United States",,,,dXJuOm1ieGFkci1zdHI6NGIwM2E2YjYtYmMzYi00ZWVhLTlhZjAtNWRjMmE4NDY4MjI3,NA,Point,,street,NA,NA,NA
2805,Univ of South Dakota SSOM,Sioux Falls,SD,Univ of South Dakota SSOM,"Univ of South Dakota SSOM, Sioux Falls, SD",43.545999,-96.726776,place.303958252,Feature,,1,Sioux Falls,"Sioux Falls, South Dakota, United States",,,,dXJuOm1ieHBsYzpFaDRJN0E,Q131335,Point,,NA,NA,NA,NA
2835,U Texas Southwestern Med Sch-Dallas,Dallas,TX,University of Texas Southwestern Medical Sch-Dallas,"University of Texas Southwestern Medical Sch-Dallas, Dallas, TX",32.82138,-96.836494,neighborhood.605498604,Feature,,0.482531,Southwestern Medical District,"Southwestern Medical District, Dallas, Texas, United States",,,,dXJuOm1ieHBsYzpKQmNzN0E,NA,Point,,NA,NA,NA,NA
2912,Baptist Health Madisonville,Madisonville,KY,Baptist Health Madisonville,"Baptist Health Madisonville, Madisonville, KY",37.328172,-87.498856,place.197224684,Feature,,0.548148,Madisonville,"Madisonville, Kentucky, United States",,,,dXJuOm1ieHBsYzpDOEZvN0E,Q989909,Point,,NA,NA,NA,NA
2918,Rutgers-R W Johnson Medical School,New Brunswick,NJ,Rutgers-R W Johnson Medical School,"Rutgers-R W Johnson Medical School, New Brunswick, NJ",40.494764,-74.446706,place.229566700,Feature,,1,New Brunswick,"New Brunswick, New Jersey, United States",,,,dXJuOm1ieHBsYzpEYTdvN0E,Q138338,Point,,NA,NA,NA,NA
2919,Stony Brook Teach Hosps,Stony Brook,NY,Stony Brook Teach Hosps,"Stony Brook Teach Hosps, Stony Brook, NY",40.925521,-73.141305,place.316049644,Feature,,1,Stony Brook,"Stony Brook, New York, United States",,,,dXJuOm1ieHBsYzpFdGFJN0E,Q1376559,Point,,NA,NA,NA,NA
2920,UIC/Metro Group Hospitals,Chicago,IL,UIC/Metro Group Hospitals,"UIC/Metro Group Hospitals, Chicago, IL",41.881953,-87.632362,place.508094700,Feature,,1,Chicago,"Chicago, Illinois, United States",,,,dXJuOm1ieHBsYzpIa2pvN0E,Q1297,Point,,NA,NA,NA,NA
2922,SIU SOM & Affil Hosps,Springfield,IL,SIU SOM & Affil Hosps,"SIU SOM & Affil Hosps, Springfield, IL",39.799463,-89.64937,place.311347436,Feature,,1,Springfield,"Springfield, Illinois, United States",,,,dXJuOm1ieHBsYzpFbzdJN0E,Q28515,Point,,NA,NA,NA,NA
2923,U Texas Med Sch-Houston,Houston,TX,University of Texas Medical Sch-Houston,"University of Texas Medical Sch-Houston, Houston, TX",29.760496,-95.363433,place.154609900,Feature,,1,Houston,"Houston, Texas, United States",,,,dXJuOm1ieHBsYzpDVGNvN0E,Q16555,Point,,NA,NA,NA,NA
2926,Tallahassee Mem Healthcare,Tallahassee,FL,Tallahassee Mem Healthcare,"Tallahassee Mem Healthcare, Tallahassee, FL",30.513315,-84.239126,address.780856230371828,Feature,,0.637778,Tallahassee Drive,"Tallahassee Drive, Tallahassee, Florida 32309, United States",,,,dXJuOm1ieGFkci1zdHI6NGRhNDlkYzMtZGZjMy00NzA0LWI1MzYtOTY4NDNlNmM3ZGYz,NA,Point,,street,NA,NA,NA
2947,U Alabama SOM-Huntsville,Huntsville,AL,University of Alabama SOM-Huntsville,"University of Alabama SOM-Huntsville, Huntsville, AL",34.704243,-86.61872,neighborhood.309341420,Feature,,0.566667,Huntsville Park,"Huntsville Park, Huntsville, Alabama, United States",,,,dXJuOm1ieHBsYzpFbkFzN0E,NA,Point,,NA,NA,NA,NA
2948,SIU Carbondale,Carbondale,IL,SIU Carbondale,"SIU Carbondale, Carbondale, IL",37.725247,-89.216746,place.49883372,Feature,,1,Carbondale,"Carbondale, Illinois, United States",,,,dXJuOm1ieHBsYzpBdmtvN0E,Q577511,Point,,NA,NA,NA,NA
2950,Olive View-UCLA Med Ctr,Sylmar,CA,Olive View-UCLA Medical Center,"Olive View-UCLA Medical Center, Sylmar, CA",34.307602,-118.449706,place.395151596,Feature,,1,Sylmar,"Sylmar, California, United States",,,,dXJuOm1ieHBsYzpGNDJJN0E,Q3506894,Point,,NA,NA,NA,NA
2952,Phoenix Childrens Hospital,Phoenix,AZ,Phoenix Childrens Hospital,"Phoenix Childrens Hospital, Phoenix, AZ",33.530983,-112.065025,neighborhood.708291820,Feature,,0.637778,West Phoenix,"West Phoenix, Phoenix, Arizona, United States",,,,dXJuOm1ieHBsYzpLamVzN0E,NA,Point,,NA,NA,NA,NA
2955,U Alabama SOM-Tuscaloosa,Tuscaloosa,AL,University of Alabama SOM-Tuscaloosa,"University of Alabama SOM-Tuscaloosa, Tuscaloosa, AL",33.16663,-87.49734,neighborhood.7589100,Feature,,0.727566,Alpine Hills,"Alpine Hills, Tuscaloosa, Alabama, United States",,,,dXJuOm1ieHBsYzpjOHpz,NA,Point,,NA,NA,NA,NA
2956,Maine-Dartmouth Family Med,Augusta,ME,Maine-Dartmouth Family Medical,"Maine-Dartmouth Family Medical, Augusta, ME",44.314786,-69.774393,place.14649580,Feature,,1,Augusta,"Augusta, Maine, United States",,,,dXJuOm1ieHBsYzozNGpz,Q28206,Point,,NA,NA,NA,NA
2963,St Francis Hosp Ctr,Indianapolis,IN,St Francis Hospital Center,"St Francis Hospital Center, Indianapolis, IN",39.768602,-86.16166,place.158779628,Feature,,1,Indianapolis,"Indianapolis, Indiana, United States",,,,dXJuOm1ieHBsYzpDWGJJN0E,Q6346,Point,,NA,NA,NA,NA
2965,Excela Health Latrobe Hosp,Latrobe,PA,Excela Health Latrobe Hospital,"Excela Health Latrobe Hospital, Latrobe, PA",40.315228,-79.395065,neighborhood.783240428,Feature,,0.596296,West Latrobe,"West Latrobe, Latrobe, Pennsylvania, United States",,,,dXJuOm1ieHBsYzpMcTlNN0E,NA,Point,,NA,NA,NA,NA
2966,Chestnut Hill Hosp,Philadelphia,PA,Chestnut Hill Hospital,"Chestnut Hill Hospital, Philadelphia, PA",40.077038,-75.20818,neighborhood.112708844,Feature,,0.782222,Chestnut Hill,"Chestnut Hill, Philadelphia, Pennsylvania, United States",,,,dXJuOm1ieHBsYzpCcmZNN0E,Q5093930,Point,,NA,NA,NA,NA
2967,Scottsdale Healthcare-Osborn,Scottsdale,AZ,Scottsdale Healthcare-Osborn,"Scottsdale Healthcare-Osborn, Scottsdale, AZ",33.671803,-111.9216,address.7193149483351620,Feature,,0.708889,Scottsdale Healthcare Drive,"Scottsdale Healthcare Drive, Scottsdale, Arizona 85255, United States",,,,dXJuOm1ieGFkci1zdHI6NGFmZGU4Y2UtMjJkNC00N2Q2LWI4NmUtMTNlNWJlNzk3NWU3,NA,Point,,street,NA,NA,NA
2969,Quad Cities Genesis,Davenport,IA,Quad Cities Genesis,"Quad Cities Genesis, Davenport, IA",41.541485,-90.556107,address.8212910060715572,Feature,,0.637778,Genesis Drive,"Genesis Drive, Davenport, Iowa 52803, United States",,,,NA,NA,Point,,street,NA,NA,NA
2971,Natividad Med Ctr,Salinas,CA,Natividad Medical Center,"Natividad Medical Center, Salinas, CA",36.702374,-121.63205,neighborhood.430042348,Feature,,1,Natividad Medical Center,"Natividad Medical Center, Salinas, California, United States",,,,dXJuOm1ieHBsYzpHYUhzN0E,NA,Point,,NA,NA,NA,NA
2973,Texas Tech U Affil-Lubbock,Lubbock,TX,Texas Tech U Affil-Lubbock,"Texas Tech U Affil-Lubbock, Lubbock, TX",33.592335,-101.887886,neighborhood.641821932,Feature,,0.726984,Texas Tech,"Texas Tech, Lubbock, Texas, United States",,,,dXJuOm1ieHBsYzpKa0ZzN0E,NA,Point,,NA,NA,NA,NA
2978,NYU School Of Medicine,New York,NY,NYU School Of Medicine,"NYU School Of Medicine, New York, NY",40.642069,-73.908015,address.7919489779182940,Feature,,0.630159,School Lane,"School Lane, Brooklyn, New York 11236, United States",,,,NA,NA,Point,,street,NA,NA,NA
2979,Center for Family Medicine,Sioux Falls,SD,Center for Family Medicine,"Center for Family Medicine, Sioux Falls, SD",43.545999,-96.726776,place.303958252,Feature,,1,Sioux Falls,"Sioux Falls, South Dakota, United States",,,,dXJuOm1ieHBsYzpFaDRJN0E,Q131335,Point,,NA,NA,NA,NA
2980,Eastern VA Med School,Norfolk,VA,Eastern VA Medical School,"Eastern VA Medical School, Norfolk, VA",36.848182,-76.292937,place.235096300,Feature,,1,Norfolk,"Norfolk, Virginia, United States",,,,dXJuOm1ieHBsYzpEZ05JN0E,Q49231,Point,,NA,NA,NA,NA
2984,Research Med Ctr,Kansas City,MO,Research Medical Center,"Research Medical Center, Kansas City, MO",39.074238,-94.5666,neighborhood.423087340,Feature,,0.675185,Mount Hope,"Mount Hope, Kansas City, Missouri, United States",,,,dXJuOm1ieHBsYzpHVGZNN0E,NA,Point,,NA,NA,NA,NA
2985,United Hospital Ctr,Bridgeport,WV,United Hospital Center,"United Hospital Center, Bridgeport, WV",39.286652,-80.256066,place.503277804,Feature,,1,Bridgeport,"Bridgeport, West Virginia, United States",,,,dXJuOm1ieHBsYzpIZjlvN0E,Q2052960,Point,,NA,NA,NA,NA
2992,Wyoming Valley Health-P,Kingston,PA,Wyoming Valley Health-P,"Wyoming Valley Health-P, Kingston, PA",41.261771,-75.897225,place.171739372,Feature,,1,Kingston,"Kingston, Pennsylvania, United States",,,,dXJuOm1ieHBsYzpDanlJN0E,Q1185052,Point,,NA,NA,NA,NA
2993,Texas Tech U Affil-Amarillo,Amarillo,TX,Texas Tech U Affil-Amarillo,"Texas Tech U Affil-Amarillo, Amarillo, TX",35.207498,-101.835785,place.6662380,Feature,,0.497355,Amarillo,"Amarillo, Texas, United States",,,,dXJuOm1ieHBsYzpaYWpz,Q51691,Point,,NA,NA,NA,NA
2998,NYMC-Westchester Med Ctr,Valhalla,NY,NYMC-Westchester Medical Center,"NYMC-Westchester Medical Center, Valhalla, NY",40.738186,-73.97414,neighborhood.398273772,Feature,,0.552593,Medical Centre,"Medical Centre, New York, New York, United States",,,,dXJuOm1ieHBsYzpGNzBzN0E,NA,Point,,NA,NA,"Medical Centre, NY, New York, United States",NA
3001,U Wisconsin SOM and Public Health,Madison,WI,University of Wisconsin SOM and Public Health,"University of Wisconsin SOM and Public Health, Madison, WI",43.075245,-89.478386,neighborhood.729337068,Feature,,0.693704,Wisconsin Co-op,"Wisconsin Co-op, Madison, Wisconsin, United States",,,,dXJuOm1ieHBsYzpLM2pNN0E,NA,Point,,NA,NA,NA,NA
3002,UAMS-AHEC-Fayetteville,Fayetteville,AR,UAMS-AHEC-Fayetteville,"UAMS-AHEC-Fayetteville, Fayetteville, AR",35.037019,-78.853325,address.808372673323916,Feature,,0.766667,Ardmore Drive,"Ardmore Drive, Fayetteville, North Carolina 28312, United States",,,,dXJuOm1ieGFkci1zdHI6MjBiZWE5MTUtOTkzOC00ZGZhLThiOTktNDA5ZjhiMmFhNzhh,NA,Point,,street,NA,NA,NA
3003,UAMS-AHEC-Ft Smith,Fort Smith,AR,UAMS-AHEC-Ft Smith,"UAMS-AHEC-Ft Smith, Fort Smith, AR",35.332397,-94.400665,neighborhood.777555180,Feature,,0.680952,South Fort Smith,"South Fort Smith, Fort Smith, Arkansas, United States",,,,dXJuOm1ieHBsYzpMbGlNN0E,NA,Point,,NA,NA,NA,NA
3005,St Mary-Corwin Med Ctr,Pueblo,CO,St Mary-Corwin Medical Center,"St Mary-Corwin Medical Center, Pueblo, CO",38.270638,-104.610092,place.269240556,Feature,,1,Pueblo,"Pueblo, Colorado, United States",,,,dXJuOm1ieHBsYzpFQXhJN0E,Q675576,Point,,NA,NA,NA,NA
3006,Hinsdale Hospital,Hinsdale,IL,Hinsdale Hospital,"Hinsdale Hospital, Hinsdale, IL",41.801616,-87.927172,place.150235372,Feature,,1,Hinsdale,"Hinsdale, Illinois, United States",,,,dXJuOm1ieHBsYzpDUFJvN0E,Q939529,Point,,NA,NA,NA,NA
3007,Union Hospital,Terre Haute,IN,Union Hospital,"Union Hospital, Terre Haute, IN",39.487198,-87.413956,neighborhood.666758380,Feature,,1,Union Hospital,"Union Hospital, Terre Haute, Indiana, United States",,,,dXJuOm1ieHBsYzpKNzNzN0E,NA,Point,,NA,NA,NA,NA
3017,Anderson Area Med Ctr,Anderson,SC,Anderson Area Medical Center,"Anderson Area Medical Center, Anderson, SC",34.504014,-82.650367,place.496830700,Feature,,1,Anderson,"Anderson, South Carolina, United States",,,,dXJuOm1ieHBsYzpIWjBJN0E,Q1150893,Point,,NA,NA,NA,NA
3021,Lincoln Med Ed Partnership,Lincoln,NE,Lincoln Medical Ed Partnership,"Lincoln Medical Ed Partnership, Lincoln, NE",39.669655,-75.24112,locality.318573292,Feature,,0.611111,Lincoln,"Lincoln, New Jersey, United States",,,,dXJuOm1ieHBsYzpFdjBLN0E,NA,Point,,NA,NA,NA,NA
3022,Siouxland Med Ed Fdn,Sioux City,IA,Siouxland Medical Ed Fdn,"Siouxland Medical Ed Fdn, Sioux City, IA",42.496356,-96.404949,place.303950060,Feature,,1,Sioux City,"Sioux City, Iowa, United States",,,,dXJuOm1ieHBsYzpFaDNvN0E,Q489255,Point,,NA,NA,NA,NA
3023,Mountain AHEC,Asheville,NC,Mountain AHEC,"Mountain AHEC, Asheville, NC",35.595523,-82.551925,place.12249324,Feature,,0.592593,Asheville,"Asheville, North Carolina, United States",,,,dXJuOm1ieHBsYzp1dWpz,Q648501,Point,,NA,NA,NA,NA
3027,Community Health Network,Indianapolis,IN,Community Health Network,"Community Health Network, Indianapolis, IN",39.768602,-86.16166,place.158779628,Feature,,1,Indianapolis,"Indianapolis, Indiana, United States",,,,dXJuOm1ieHBsYzpDWGJJN0E,Q6346,Point,,NA,NA,NA,NA
3029,Deaconess Hospital,Evansville,IN,Deaconess Hospital,"Deaconess Hospital, Evansville, IN",37.972965,-87.570699,place.105466092,Feature,,1,Evansville,"Evansville, Indiana, United States",,,,dXJuOm1ieHBsYzpCa2xJN0E,Q486459,Point,,NA,NA,NA,NA
3030,UCLA Semel Inst for Neurosciene,Los Angeles,CA,UCLA Semel Inst for Neurosciene,"UCLA Semel Inst for Neurosciene, Los Angeles, CA",34.048051,-118.254187,place.192407788,Feature,,1,Los Angeles,"Los Angeles, California, United States",,,,dXJuOm1ieHBsYzpDM2ZvN0E,Q65,Point,,NA,NA,NA,NA
3033.10009765625,Atlantic Health Sys,Morristown,NJ,Atlantic Health System,"Atlantic Health System, Morristown, NJ",40.796932,-74.482049,place.220907756,Feature,,1,Morristown,"Morristown, New Jersey, United States",,,,dXJuOm1ieHBsYzpEU3JJN0E,Q962499,Point,,NA,NA,NA,NA
3033.199951171875,Atlantic Health Sys,Summit,NJ,Atlantic Health System,"Atlantic Health System, Summit, NJ",40.718001,-74.358702,place.318982380,Feature,,1,Summit,"Summit, New Jersey, United States",,,,dXJuOm1ieHBsYzpFd05JN0E,Q1000642,Point,,NA,NA,NA,NA
3035,La Crosse-Mayo,La Crosse,WI,La Crosse-Mayo,"La Crosse-Mayo, La Crosse, WI",43.842716,-91.248215,neighborhood.769584364,Feature,,0.868519,North La Crosse,"North La Crosse, La Crosse, Wisconsin, United States",,,,dXJuOm1ieHBsYzpMZDdzN0E,Q49358139,Point,,NA,NA,NA,NA
3036,Dignity Health Northridge Hosp Med Ctr,Northridge,CA,Dignity Health Northridge Hospital Medical Center,"Dignity Health Northridge Hospital Medical Center, Northridge, CA",34.23551,-118.536094,place.237955308,Feature,,1,Northridge,"Northridge, California, United States",,,,dXJuOm1ieHBsYzpEaTdvN0E,Q2050326,Point,,NA,NA,NA,NA
3037,La Grange Mem Hosp,La Grange,IL,La Grange Mem Hospital,"La Grange Mem Hospital, La Grange, IL",41.804944,-87.875451,place.175196396,Feature,,1,La Grange,"La Grange, Illinois, United States",,,,dXJuOm1ieHBsYzpDbkZJN0E,Q968621,Point,,NA,NA,NA,NA
3039,Family Medicine Res of Idaho,Boise,ID,Family Medicine Res of Idaho,"Family Medicine Res of Idaho, Boise, ID",43.615045,-116.202327,place.32475372,Feature,,1,Boise,"Boise, Idaho, United States",,,,dXJuOm1ieHBsYzpBZStJN0E,Q35775,Point,,NA,NA,NA,NA
3043,JFK Med Ctr,Edison,NJ,JFK Medical Center,"JFK Medical Center, Edison, NJ",40.51267,-74.389149,address.3856113841422874,Feature,,0.637778,Center Street,"Center Street, Edison, New Jersey 08817, United States",,,,dXJuOm1ieGFkci1zdHI6ODRkOGE2NTEtMjBkOC00ZDYwLWIxOTktNjkwYzc3ZTIyNTc5,NA,Point,,street,NA,NA,NA
3045,Chippenham Med Ctr,Richmond,VA,Chippenham Medical Center,"Chippenham Medical Center, Richmond, VA",37.614258,-77.498152,address.1928222124209812,Feature,,0.708889,Medical Center Cir,"Medical Center Cir, Richmond, Virginia 23228, United States",,,,dXJuOm1ieGFkci1zdHI6NTM4YzEwMGMtMjJmNC00MTMxLTlmYTUtNWZmZGRmYzgzMTY5,NA,Point,,street,NA,NA,NA
3046,Southern Reg AHEC Fam Res,Fayetteville,NC,Southern Reg AHEC Fam Res,"Southern Reg AHEC Fam Res, Fayetteville, NC",35.052508,-78.878105,place.109308140,Feature,,1,Fayetteville,"Fayetteville, North Carolina, United States",,,,dXJuOm1ieHBsYzpCb1BvN0E,Q331104,Point,,NA,NA,NA,NA
3049,NEOMED Affl Hosps,Akron,OH,NEOMED Affl Hosps,"NEOMED Affl Hosps, Akron, OH",39.081962,-84.589853,address.1082014397387370,Feature,,0.640741,Akron Avenue,"Akron Avenue, Cincinnati, Ohio 45204, United States",,,,dXJuOm1ieGFkci1zdHI6OWY0ODI2NzctMDU2Yi00OTZjLWFiYmItMjg3Njg4YWFlZTU2,NA,Point,,street,Akron,"Akron, Cincinnati, Ohio 45204, United States",NA
3050,U Massachusetts Med School,Worcester,MA,University of Massachusetts Medical School,"University of Massachusetts Medical School, Worcester, MA",42.26089,-71.81844,neighborhood.380054764,Feature,,0.607143,Main Middle,"Main Middle, Worcester, Massachusetts, United States",,,,dXJuOm1ieHBsYzpGcWNzN0E,NA,Point,,NA,NA,NA,NA
3053,RFUMS/Chicago Medical School,North Chicago,IL,RFUMS/Chicago Medical School,"RFUMS/Chicago Medical School, North Chicago, IL",41.731907,-87.55131,neighborhood.595487980,Feature,,0.566667,South Chicago,"South Chicago, Chicago, Illinois, United States",,,,dXJuOm1ieHBsYzpJMzVzN0E,NA,Point,,NA,NA,NA,NA
3054,U Kansas SOM-Wichita,Wichita,KS,University of Kansas SOM-Wichita,"University of Kansas SOM-Wichita, Wichita, KS",37.693459,-97.338212,place.357632236,Feature,,1,Wichita,"Wichita, Kansas, United States",,,,dXJuOm1ieHBsYzpGVkVJN0E,Q49266,Point,,NA,NA,NA,NA
3056,Wright Center for GME,Scranton,PA,Wright Center for GME,"Wright Center for GME, Scranton, PA",41.956543,-80.44742,locality.93899500,Feature,,0.575926,Center Corner,"Center Corner, Pennsylvania, United States",,,,dXJuOm1ieHBsYzpCWmpLN0E,NA,Point,,NA,NA,NA,NA
3057,Vidant Med Ctr/East Carolina Univ,Greenville,NC,Vidant Medical Center/East Carolina Univ,"Vidant Medical Center/East Carolina Univ, Greenville, NC",35.611534,-77.375184,place.134252780,Feature,,1,Greenville,"Greenville, North Carolina, United States",,,,dXJuOm1ieHBsYzpDQUNJN0E,Q1989904,Point,,NA,NA,NA,NA
3059,Central WA Family Med,Yakima,WA,Central WA Family Medical,"Central WA Family Medical, Yakima, WA",46.59803,-120.482925,neighborhood.690711788,Feature,,0.767778,Washington Park,"Washington Park, Yakima, Washington, United States",,,,dXJuOm1ieHBsYzpLU3RzN0E,NA,Point,,NA,NA,NA,NA
3060,St Vincents East,Birmingham,AL,St Vincents East,"St Vincents East, Birmingham, AL",33.508005,-86.788713,address.7378841946476528,Feature,,0.747778,Saint Vincent's Drive,"Saint Vincent's Drive, Birmingham, Alabama 35205, United States",,,,dXJuOm1ieGFkci1zdHI6MjRhNDYwNmItMzdhYS00ZDUzLWJhMmQtMjkyYTk4ZWZkMTA5,NA,Point,,street,NA,NA,NA
3061,Selma Fam Med Res,Selma,AL,Selma Fam Medical Res,"Selma Fam Medical Res, Selma, AL",32.407789,-87.019914,place.297797868,Feature,,1,Selma,"Selma, Alabama, United States",,,,dXJuOm1ieHBsYzpFY0FJN0E,Q79941,Point,,NA,NA,NA,NA
3062,UAMS-AHEC-Pine Bluff,Pine Bluff,AR,UAMS-AHEC-Pine Bluff,"UAMS-AHEC-Pine Bluff, Pine Bluff, AR",34.216339,-92.013543,place.549316844,Feature,,1,Pine Bluff,"Pine Bluff, Arkansas, United States",,,,dXJuOm1ieHBsYzpJTDNvN0E,Q80012,Point,,NA,NA,NA,NA
3063,Ft Collins Fam Med,Fort Collins,CO,Ft Collins Fam Medical,"Ft Collins Fam Medical, Fort Collins, CO",40.587093,-105.07712,neighborhood.171216108,Feature,,0.680952,Downtown Fort Collins,"Downtown Fort Collins, Fort Collins, Colorado, United States",,,,dXJuOm1ieHBsYzpDalNNN0E,NA,Point,,NA,NA,NA,NA
3064,St Elizabeth Med Ctr,Utica,NY,St Elizabeth Medical Center,"St Elizabeth Medical Center, Utica, NY",43.101445,-75.231169,place.335792364,Feature,,1,Utica,"Utica, New York, United States",,,,dXJuOm1ieHBsYzpGQVBJN0E,Q2495519,Point,,NA,NA,NA,NA
3065,Lynchburg Fam Med Res,Lynchburg,VA,Lynchburg Fam Medical Res,"Lynchburg Fam Medical Res, Lynchburg, VA",37.414018,-79.141555,place.195545324,Feature,,1,Lynchburg,"Lynchburg, Virginia, United States",,,,dXJuOm1ieHBsYzpDNmZJN0E,Q844012,Point,,NA,NA,NA,NA
3066,Marshall University SOM,Huntington,WV,Marshall University SOM,"Marshall University SOM, Huntington, WV",38.407523,-82.369507,address.1279744390827084,Feature,,0.708889,Campbell Drive,"Campbell Drive, Huntington, West Virginia 25705, United States",,,,dXJuOm1ieGFkci1zdHI6ZTk5Yzk0NjktMjkxMy00NmUyLThlMTktZGI0MjliZmVhNTI0,NA,Point,,street,Marshall University Hts,"Marshall University Hts, Huntington, West Virginia 25705, United States",NA
3067,So Nassau Comm Hosp,Oceanside,NY,So Nassau Comm Hospital,"So Nassau Comm Hospital, Oceanside, NY",40.64286,-73.640034,place.241666284,Feature,,1,Oceanside,"Oceanside, New York, United States",,,,dXJuOm1ieHBsYzpEbWVJN0E,Q3452069,Point,,NA,NA,NA,NA
3069,St Marys Hospital,Grand Junction,CO,St Marys Hospital,"St Marys Hospital, Grand Junction, CO",43.43593,-80.51411,neighborhood.23014439,Feature,,0.656296,St. Mary's Hospital,"St. Mary's Hospital, Kitchener, Ontario, Canada",,,,dXJuOm1ieHBsYzpBVjhzSnc,NA,Point,,NA,NA,NA,NA
3070,UAMS-AHEC-Texarkana,Texarkana,AR,UAMS-AHEC-Texarkana,"UAMS-AHEC-Texarkana, Texarkana, AR",33.439631,-93.977637,address.7711393249230694,Feature,,0.582963,North Rondo Road,"North Rondo Road, Texarkana, Arkansas 71854, United States",,,,dXJuOm1ieGFkci1zdHI6YWZmYjkxYzUtYTZkYy00NzFlLThjNzAtNWVkNWU3MmMwZjNk,NA,Point,,street,AR 237 Highway,"AR 237 Highway, Texarkana, Arkansas 71854, United States",NA
3072,McAllen Med Ctr,Mcallen,TX,McAllen Medical Center,"McAllen Medical Center, Mcallen, TX",26.198004,-98.277452,address.8738581455190576,Feature,,0.637778,Center Lane,"Center Lane, McAllen, Texas 78501, United States",,,,NA,NA,Point,,street,NA,NA,NA
3073,Tulane Univ SOM,New Orleans,LA,Tulane Univ SOM,"Tulane Univ SOM, New Orleans, LA",29.964857,-90.086136,neighborhood.661540076,Feature,,0.851852,Tulane,"Tulane, New Orleans, Louisiana, United States",,,,dXJuOm1ieHBsYzpKMjVNN0E,NA,Point,,NA,NA,NA,NA
3079,Northeast Iowa Med Ed Fdn,Waterloo,IA,Northeast Iowa Medical Ed Fdn,"Northeast Iowa Medical Ed Fdn, Waterloo, IA",42.498338,-92.333973,place.346360044,Feature,,1,Waterloo,"Waterloo, Iowa, United States",,,,dXJuOm1ieHBsYzpGS1VJN0E,Q496381,Point,,NA,NA,NA,NA
3080,Mercy Med Ctr-Merced,Merced,CA,Mercy Medical Center-Merced,"Mercy Medical Center-Merced, Merced, CA",37.303979,-120.48371,place.538986732,Feature,,1,Merced,"Merced, California, United States",,,,dXJuOm1ieHBsYzpJQ0JJN0E,Q499189,Point,,NA,NA,NA,NA
3081,Mercy Med Ctr-Redding,Redding,CA,Mercy Medical Center-Redding,"Mercy Medical Center-Redding, Redding, CA",40.587679,-122.392282,place.393783532,Feature,,1,Redding,"Redding, California, United States",,,,dXJuOm1ieHBsYzpGM2lvN0E,Q495361,Point,,NA,NA,NA,NA
3082,Montgomery Fam Med Res,Montgomery,AL,Montgomery Fam Medical Res,"Montgomery Fam Medical Res, Montgomery, AL",32.381405,-86.382675,neighborhood.706489580,Feature,,0.745185,West Montgomery,"West Montgomery, Montgomery, Alabama, United States",,,,dXJuOm1ieHBsYzpLaHdzN0E,NA,Point,,NA,NA,NA,NA
3084,Virtua Family Med,Voorhess,NJ,Virtua Family Medical,"Virtua Family Medical, Voorhess, NJ",39.851234,-74.961313,place.340846828,Feature,,0.97875,Voorhees,"Voorhees, New Jersey, United States",,,,dXJuOm1ieHBsYzpGRkRvN0E,Q1073929,Point,,NA,NA,NA,NA
3086,Tacoma Family Med,Tacoma,WA,Tacoma Family Medical,"Tacoma Family Medical, Tacoma, WA",47.19899,-122.37052,locality.585026284,Feature,,0.630741,Waller,"Waller, Washington, United States",,,,dXJuOm1ieHBsYzpJdDdLN0E,Q1502819,Point,,NA,NA,NA,NA
3087,Forbes Family Medicine,Monroeville,PA,Forbes Family Medicine,"Forbes Family Medicine, Monroeville, PA",40.389324,-79.753272,address.4268169818717118,Feature,,0.776667,Forbes Road,"Forbes Road, Monroeville, Pennsylvania 15085, United States",,,,dXJuOm1ieGFkci1zdHI6NjgxNjUxOTYtNGQwYi00NmI5LWI5NjYtYWI5ODRlZjczM2Qy,NA,Point,,street,NA,NA,NA
3088,Wichita Falls Family,Wichita Falls,TX,Wichita Falls Family,"Wichita Falls Family, Wichita Falls, TX",33.900175,-98.501835,place.357648620,Feature,,1,Wichita Falls,"Wichita Falls, Texas, United States",,,,dXJuOm1ieHBsYzpGVkZJN0E,Q128349,Point,,NA,NA,NA,NA
3089,Univ of Wyoming-Casper,Casper,WY,Univ of Wyoming-Casper,"Univ of Wyoming-Casper, Casper, WY",42.850082,-106.325188,place.409790700,Feature,,1,Casper,"Casper, Wyoming, United States",,,,dXJuOm1ieHBsYzpHR3pvN0E,Q223177,Point,,NA,NA,NA,NA
3099,University at Buffalo SOM,Buffalo,NY,University at Buffalo SOM,"University at Buffalo SOM, Buffalo, NY",42.886791,-78.878646,place.42576108,Feature,,1,Buffalo,"Buffalo, New York, United States",,,,dXJuOm1ieHBsYzpBb21vN0E,Q40435,Point,,NA,NA,NA,NA
3110,Michigan St Univ-Flint Med Ed,Flint,MI,Michigan St Univ-Flint Medical Ed,"Michigan St Univ-Flint Medical Ed, Flint, MI",42.96907,-85.63972,neighborhood.402345196,Feature,,0.703704,Michigan Street,"Michigan Street, Grand Rapids, Michigan, United States",,,,dXJuOm1ieHBsYzpGL3RNN0E,NA,Point,,NA,NA,NA,NA
3112,Lemuel Shattuck Hosp,Boston,MA,Lemuel Shattuck Hospital,"Lemuel Shattuck Hospital, Boston, MA",42.335782,-71.105201,address.2940958129819082,Feature,,0.637778,Shattuck Street,"Shattuck Street, Boston, Massachusetts 02115, United States",,,,dXJuOm1ieGFkci1zdHI6ODBkYjg2OTQtMjMzYS00MTI0LWE5N2QtNzI3NDc3ODQ2ZWYw,NA,Point,,street,NA,NA,NA
3113,St Barnabas Hosp,Bronx,NY,St Barnabas Hospital,"St Barnabas Hospital, Bronx, NY",40.770811,-74.352613,address.3857695811995018,Feature,,0.696444,Saint Barnabas Drive,"Saint Barnabas Drive, Livingston, New Jersey 07039, United States",,,,NA,NA,Point,,street,NA,NA,NA
3116,Woodhull Med Ctr,Brooklyn,NY,Woodhull Medical Center,"Woodhull Medical Center, Brooklyn, NY",40.738186,-73.97414,neighborhood.398273772,Feature,,0.668333,Medical Centre,"Medical Centre, New York, New York, United States",,,,dXJuOm1ieHBsYzpGNzBzN0E,NA,Point,,NA,NA,"Medical Centre, NY, New York, United States",NA
3118,Good Samaritan Hosp,Baltimore,MD,Good Samaritan Hospital,"Good Samaritan Hospital, Baltimore, MD",39.289643,-76.612299,place.17508588,Feature,,1,Baltimore,"Baltimore, Maryland, United States",,,,dXJuOm1ieHBsYzpBUXNvN0E,Q5092,Point,,NA,NA,NA,NA
3120,Harvard South Shore,Brockton,MA,Harvard South Shore,"Harvard South Shore, Brockton, MA",45.768722,-63.319585,locality.169429543,Feature,,0.637037,South Shore,"South Shore, Malagash Centre, Nova Scotia, Canada",,,,dXJuOm1ieHBsYzpDaGxLSnc,Q112275405,Point,,NA,NA,NA,NA
3124,Texas Tech U Affil-Permian Basin,Odessa,TX,Texas Tech U Affil-Permian Basin,"Texas Tech U Affil-Permian Basin, Odessa, TX",31.847454,-102.368996,place.459876588,Feature,,1,Odessa,"Odessa, Texas, United States",,,,dXJuOm1ieHBsYzpHMmtvN0E,Q128361,Point,,NA,NA,NA,NA
3125,St Vincents Med Ctr,Jacksonville,FL,St Vincents Medical Center,"St Vincents Medical Center, Jacksonville, FL",30.326472,-81.65535,place.529320172,Feature,,1,Jacksonville,"Jacksonville, Florida, United States",,,,dXJuOm1ieHBsYzpINHpJN0E,Q16568,Point,,NA,NA,NA,NA
3128,Hosp For Special Surg,New York,NY,Hospital For Special Surg,"Hospital For Special Surg, New York, NY",40.712749,-74.005994,place.233720044,Feature,,1,New York,"New York, New York, United States",,,,dXJuOm1ieHBsYzpEZTVJN0E,Q60,Point,,NA,NA,NA,NA
3130,Lahey Clinic,Burlington,MA,Lahey Clinic,"Lahey Clinic, Burlington, MA",51.236631,0.594133,address.7892575117122588,Feature,,0.686728,Lacey Close,"Lacey Close, Langley Heath, Maidstone, ME17 3LA, United Kingdom",,,,dXJuOm1ieGFkci1zdHI6Mjk2Zjg4ODMtNjE1NC00MmUwLWJhNWYtZjEzN2IwNzc1ZTQz,NA,Point,,street,NA,NA,NA
3131,UIC/Illinois Masonic FMR,Chicago,IL,UIC/Illinois Masonic FMR,"UIC/Illinois Masonic FMR, Chicago, IL",41.674274,-87.624948,address.4595905240206722,Feature,,0.767778,West 121st Street,"West 121st Street, Chicago, Illinois 60628, United States",,,,NA,NA,Point,,street,Illinois Central Railroad,"Illinois Central Railroad, Chicago, Illinois 60628, United States",NA
3132,Valley Med Ctr,Renton,WA,Valley Medical Center,"Valley Medical Center, Renton, WA",47.479682,-122.205452,place.275327212,Feature,,1,Renton,"Renton, Washington, United States",,,,dXJuOm1ieHBsYzpFR2tvN0E,Q679952,Point,,NA,NA,NA,NA
3153,Einstein/Montefiore Med Ctr,Bronx,NY,Einstein/Montefiore Medical Center,"Einstein/Montefiore Medical Center, Bronx, NY",40.738186,-73.97414,neighborhood.398273772,Feature,,0.552593,Medical Centre,"Medical Centre, New York, New York, United States",,,,dXJuOm1ieHBsYzpGNzBzN0E,NA,Point,,NA,NA,"Medical Centre, NY, New York, United States",NA
3155,Creighton-Nebraska Hlth Fnd,Omaha,NE,Creighton-Nebraska Hlth Fnd,"Creighton-Nebraska Hlth Fnd, Omaha, NE",41.2456,-95.9333,neighborhood.430877932,Feature,,0.628889,Near South,"Near South, Omaha, Nebraska, United States",,,,dXJuOm1ieHBsYzpHYTZzN0E,NA,Point,,NA,NA,NA,NA
3167,Cox Medical Centers,Springfield,MO,Cox Medical Centers,"Cox Medical Centers, Springfield, MO",37.208835,-93.292489,place.311339244,Feature,,1,Springfield,"Springfield, Missouri, United States",,,,dXJuOm1ieHBsYzpFbzZvN0E,Q135615,Point,,NA,NA,NA,NA
3170,Brown Univ Psych Res,Providence,RI,Brown Univ Psych Res,"Brown Univ Psych Res, Providence, RI",41.823098,-71.41099,place.269052140,Feature,,1,Providence,"Providence, Rhode Island, United States",,,,dXJuOm1ieHBsYzpFQWxvN0E,Q18383,Point,,NA,NA,NA,NA
3172,Jacobi Med Ctr/Einstein,Bronx,NY,Jacobi Medical Center/Einstein,"Jacobi Medical Center/Einstein, Bronx, NY",40.738186,-73.97414,neighborhood.398273772,Feature,,0.552593,Medical Centre,"Medical Centre, New York, New York, United States",,,,dXJuOm1ieHBsYzpGNzBzN0E,NA,Point,,NA,NA,"Medical Centre, NY, New York, United States",NA
3173,Childrens Hosp-Orange Co,Orange,CA,Childrens Hospital-Orange Co,"Childrens Hospital-Orange Co, Orange, CA",33.78788,-117.852422,place.245278956,Feature,,1,Orange,"Orange, California, United States",,,,dXJuOm1ieHBsYzpEcDZvN0E,Q491350,Point,,NA,NA,NA,NA
3184,Johns Hopkins Bloomberg SPH,Baltimore,MD,Johns Hopkins Bloomberg SPH,"Johns Hopkins Bloomberg SPH, Baltimore, MD",39.27262,-76.6141,neighborhood.594316524,Feature,,0.579772,South Baltimore,"South Baltimore, Baltimore, Maryland, United States",,,,dXJuOm1ieHBsYzpJMnlNN0E,Q16900366,Point,,NA,NA,NA,NA
3185,Crozer-Chester Med Ctr,Upland,PA,Crozer-Chester Medical Center,"Crozer-Chester Medical Center, Upland, PA",39.857538,-75.382128,place.335145196,Feature,,1,Upland,"Upland, Pennsylvania, United States",,,,dXJuOm1ieHBsYzpFL25vN0E,NA,Point,,NA,NA,NA,NA
3187,Clinton Memorial Hosp,Cleveland,OH,Clinton Memorial Hospital,"Clinton Memorial Hospital, Cleveland, OH",41.48627,-81.82269,neighborhood.752577772,Feature,,0.624762,Clifton Park,"Clifton Park, Cleveland, Ohio, United States",,,,dXJuOm1ieHBsYzpMTnRzN0E,NA,Point,,NA,NA,NA,NA
3191,MedStar National Rehab Hosp,Washington,DC,MedStar National Rehab Hospital,"MedStar National Rehab Hospital, Washington, DC",38.884362,-77.039271,address.5116915788993106,Feature,,0.579259,National Dr,"National Dr, Washington, District of Columbia 20024, United States",,,,dXJuOm1ieGFkci1zdHI6MzQyNzU0ZDItZDYxOS00MjczLWI3MTUtNDcxMmNlMjUyOTlm,NA,Point,,street,NA,"National Dr, Washington, DC 20024, United States",NA
3192,In His Image Family Med,Tulsa,OK,In His Image Family Medical,"In His Image Family Medical, Tulsa, OK",36.15286,-95.989398,place.331983084,Feature,,1,Tulsa,"Tulsa, Oklahoma, United States",,,,dXJuOm1ieHBsYzpFOG1vN0E,Q44989,Point,,NA,NA,NA,NA
3194,Seton Hall Univ Sch of Health & Med Sci,South Orange,NJ,Seton Hall Univ Sch of Health & Medical Sci,"Seton Hall Univ Sch of Health & Medical Sci, South Orange, NJ",40.745734,-74.258,place.308816108,Feature,,1,South Orange,"South Orange, New Jersey, United States",,,,dXJuOm1ieHBsYzpFbWdvN0E,Q656185,Point,,NA,NA,NA,NA
3197,Clarkson Family Med Res,Omaha,NE,Clarkson Family Medical Res,"Clarkson Family Medical Res, Omaha, NE",41.256568,-95.940959,place.244189420,Feature,,1,Omaha,"Omaha, Nebraska, United States",,,,dXJuOm1ieHBsYzpEbzRJN0E,Q43199,Point,,NA,NA,NA,NA
3198,Providence St Peter Hospital,Olympia,WA,Providence St Peter Hospital,"Providence St Peter Hospital, Olympia, WA",47.044908,-122.90169,place.244091116,Feature,,1,Olympia,"Olympia, Washington, United States",,,,dXJuOm1ieHBsYzpEb3lJN0E,Q42735,Point,,NA,NA,NA,NA
3199,INOVA Fairfax Hospital,Falls Church,VA,INOVA Fairfax Hospital,"INOVA Fairfax Hospital, Falls Church, VA",38.883325,-77.081572,address.8933005801601836,Feature,,0.666667,Hospital Lane,"Hospital Lane, Fort Myer, Virginia 22211, United States",,,,NA,NA,Point,,street,NA,NA,NA
3200,Mayo Clinic School of Grad Med Educ,Scottsdale,AZ,Mayo Clinic School of Grad Medical Educ,"Mayo Clinic School of Grad Medical Educ, Scottsdale, AZ",33.496821,-111.92618,place.296257772,Feature,,1,Scottsdale,"Scottsdale, Arizona, United States",,,,dXJuOm1ieHBsYzpFYWlJN0E,Q49221,Point,,NA,NA,NA,NA
3211,St Peters University Hosp,New Brunswick,NJ,St Peters University Hospital,"St Peters University Hospital, New Brunswick, NJ",40.494764,-74.446706,place.229566700,Feature,,1,New Brunswick,"New Brunswick, New Jersey, United States",,,,dXJuOm1ieHBsYzpEYTdvN0E,Q138338,Point,,NA,NA,NA,NA
3350,University of Hawaii,Honolulu,HI,University of Hawaii,"University of Hawaii, Honolulu, HI",21.308499,-157.861535,place.153061612,Feature,,1,Honolulu,"Honolulu, Hawaii, United States",,,,dXJuOm1ieHBsYzpDUitJN0E,Q18094,Point,,NA,NA,NA,NA
3620,Kaiser Permanente-Riverside,Riverside,CA,Kaiser Permanente-Riverside,"Kaiser Permanente-Riverside, Riverside, CA",33.990507,-117.35124,address.2247617142033580,Feature,,0.587037,Pomona Freeway,"Pomona Freeway, Riverside, California 92507, United States",,,,dXJuOm1ieGFkci1zdHI6MzBhZTQ3MjUtMWU0Mi00OGRmLTg0YTYtMWM0NGZiZDBhN2E3,NA,Point,,street,California Highway 60,"California Highway 60, Riverside, California 92507, United States",NA
3625,UC San Francisco-East Bay,Oakland,CA,UC San Francisco-East Bay,"UC San Francisco-East Bay, Oakland, CA",37.779238,-122.419359,place.292358380,Feature,,0.560847,San Francisco,"San Francisco, California, United States",,,,dXJuOm1ieHBsYzpFVzBJN0E,Q62,Point,,NA,NA,NA,NA
3626,U Texas HSC-Tyler,Tyler,TX,University of Texas HSC-Tyler,"University of Texas HSC-Tyler, Tyler, TX",32.35164,-95.300644,place.564545772,Feature,,1,Tyler,"Tyler, Texas, United States",,,,dXJuOm1ieHBsYzpJYVpJN0E,Q499169,Point,,NA,NA,NA,NA
3722,Mercy Health System,Janesville,WI,Mercy Health System,"Mercy Health System, Janesville, WI",42.681911,-89.021354,place.529516780,Feature,,1,Janesville,"Janesville, Wisconsin, United States",,,,dXJuOm1ieHBsYzpINC9JN0E,Q257536,Point,,NA,NA,NA,NA
3795,O'Connor Hospital,San Jose,CA,O'Connor Hospital,"O'Connor Hospital, San Jose, CA",37.336157,-121.890608,place.292505836,Feature,,1,San Jose,"San Jose, California, United States",,,,dXJuOm1ieHBsYzpFVzlJN0E,Q16553,Point,,NA,NA,NA,NA
