
  ___  ____  ____  ____  ____ ®
 /__    /   ____/   /   ____/      StataNow 19.5
___/   /   /___/   /   /___/       MP—Parallel Edition

 Statistics and Data Science       Copyright 1985-2025 StataCorp LLC
                                   StataCorp
                                   4905 Lakeway Drive
                                   College Station, Texas 77845 USA
                                   800-782-8272        https://www.stata.com
                                   979-696-4600        service@stata.com

Stata license: Unlimited-user 2-core network, expiring 14 Dec 2026
Serial number: 501909301438
  Licensed to: Hussain Hadah
               Tulane

Notes:
      1. Stata is running in batch mode.
      2. Unicode is supported; see help unicode_advice.
      3. More than 2 billion observations are allowed; see help obs_advice.
      4. Maximum number of variables is set to 5,000 but can be increased;
          see help set_maxvar.


Running /Users/hhadah/profile.do ...

. do 99-run-all-analysis.do 

. /*
> Master Script: Run All Analysis
> Date: January 27, 2026
> Purpose: Execute all analysis scripts in sequence
> */
. 
. clear all

. set more off

. set varabbrev off

. 
. * -------------------------------------------------------------------------
. * Define paths
. * -------------------------------------------------------------------------
. global topdir "/Users/hhadah/Projects/GiT/residency-medicaid-expansion"

. global progdir "${topdir}/programs"

. global outputdir "${topdir}/output"

. 
. * Create output directory if needed
. cap mkdir "${outputdir}"

. 
. * =========================================================================
. * MASTER LOG FILE
. * =========================================================================
. capture log close master

. log using "${outputdir}/99-master-analysis.log", replace name(master)
-------------------------------------------------------------------------------
      name:  master
       log:  /Users/hhadah/Projects/GiT/residency-medicaid-expansion/output/99-
> master-analysis.log
  log type:  text
 opened on:  13 Jul 2026, 18:05:40

. 
. di ""


. di "=========================================================================
> "
=========================================================================

. di "MASTER ANALYSIS SCRIPT"
MASTER ANALYSIS SCRIPT

. di "=========================================================================
> "
=========================================================================

. di "Running all analysis scripts sequentially"
Running all analysis scripts sequentially

. di "Start time: " c(current_date) " " c(current_time)
Start time: 13 Jul 2026 18:05:40

. di "=========================================================================
> "
=========================================================================

. di ""


. 
. * =========================================================================
. * SCRIPT 05: DID Analysis (Weighted, Program-Level)
. * =========================================================================
. di ""


. di ">>> Running Script 05: DID Analysis (Weighted, Program-Level)"
>>> Running Script 05: DID Analysis (Weighted, Program-Level)

. di "    File: 05-dd-analysis.do"
    File: 05-dd-analysis.do

. di ""


. capture noisily do "${progdir}/05-dd-analysis.do"

. * ===========================================================================
> ==
. * Difference-in-Differences Analysis (no triple DDD)
. * Outcomes: quota, matched, unmatched (quota - matched)
. * Event-study plotting follows prior scheme (pre/post shading + bands)
. * ===========================================================================
> ==
. 
. clear all

. set more off

. 
. * -------------------------------------------------------------------------
. * Define paths
. * -------------------------------------------------------------------------
. global topdir "/Users/hhadah/Projects/GiT/residency-medicaid-expansion"

. global datadir "${topdir}/data/datasets"

. global figdir "${topdir}/output/figures"

. global tabdir "${topdir}/output/tables"

. global latex_figdir "${topdir}/my_paper/figures"

. 
. cap mkdir "${figdir}"

. cap mkdir "${tabdir}"

. cap mkdir "${latex_figdir}"

. 
. * -------------------------------------------------------------------------
. * Load cleaned data (produced by 02-data-cleaning.R)
. * -------------------------------------------------------------------------
. use "${datadir}/cleaned_program_residency_medicaid.dta", clear

. 
. * -------------------------------------------------------------------------
. * Panel identifiers
. * -------------------------------------------------------------------------
. egen program_numeric_id = group(state institution_code)

. encode state, gen(state_id)

. 
. xtset program_numeric_id year

Panel variable: program_numeric_id (strongly balanced)
 Time variable: year, 2010 to 2019
         Delta: 1 unit

. 
. * -------------------------------------------------------------------------
. * Outcomes and labels
. * -------------------------------------------------------------------------
. global outcomes "matched matched_per_100k quota_per_100k"

. global label_matched "Total Matched Residency Positions"

. global label_quota_100k "Residency Quota Positions per 100k Population"

. global label_matched_100k "Matched Residency Positions per 100k Population"

. global label_quota_per_100k "Residency Quota Positions per 100k Population"

. global label_matched_per_100k "Matched Residency Positions per 100k Populatio
> n"

. 
. global short_matched "matched"

. global short_quota_100k "quota_100k"

. global short_matched_100k "matched_100k"

. global short_quota_per_100k "quota_per_100k"

. global short_matched_per_100k "matched_per_100k"

. 
. * -------------------------------------------------------------------------
. * Pre-compute aggregate annual change in residency positions from the
. * raw count regressions (matched, quota). The per-100k figure annotations
. * reuse these so the "Avg. annual change" number matches the raw count
. * version (otherwise the per-100k specification implicitly reweights and
. * yields a different aggregate).
. * -------------------------------------------------------------------------
. global agg_matched ""

. global agg_quota ""

. foreach raw_outcome in matched quota {
  2.     capture confirm variable `raw_outcome'
  3.     if (_rc != 0) continue
  4. 
.     quietly count if treated_state == 1 & !missing(`raw_outcome')
  5.     if (r(N) == 0) continue
  6.     quietly count if treated_state == 0 & !missing(`raw_outcome')
  7.     if (r(N) == 0) continue
  8. 
.     di "Pre-computing aggregate effect for `raw_outcome'..."
  9.     capture noisily did_imputation `raw_outcome' program_numeric_id year y
> ear_expanded ///
>         [aw=total_population_10], horizons(0/5) pretrend(5) ///
>         fe(program_numeric_id year) cluster(state_id) minn(0)
 10.     if (_rc != 0) continue
 11. 
.     local _sum = 0
 12.     local _n = 0
 13.     forval h = 0/5 {
 14.         capture local _coef = _b[tau`h']
 15.         if (_rc == 0) {
 16.             local _sum = `_sum' + `_coef'
 17.             local _n = `_n' + 1
 18.         }
 19.     }
 20.     if (`_n' > 0) {
 21.         local _avg = `_sum' / `_n'
 22.         quietly levelsof program_numeric_id if treated_state == 1 & !missi
> ng(`raw_outcome'), local(_tprogs)
 23.         local _ntreated : word count `_tprogs'
 24.         global agg_`raw_outcome' = `_avg' * `_ntreated'
 25.         di as result "  Aggregate annual change in `raw_outcome' positions
> : " %15.0fc ${agg_`raw_outcome'}
 26.     }
 27. }
Pre-computing aggregate effect for matched...

                                                         Number of obs = 8,590
------------------------------------------------------------------------------
     matched | Coefficient  Std. err.      z    P>|z|     [95% conf. interval]
-------------+----------------------------------------------------------------
        tau0 |  -.9597854   .7520339    -1.28   0.202    -2.433745     .514174
        tau1 |   -2.41017   .7956418    -3.03   0.002    -3.969599   -.8507407
        tau2 |  -3.326795   .9865377    -3.37   0.001    -5.260373   -1.393217
        tau3 |  -4.705453   1.294121    -3.64   0.000    -7.241883   -2.169022
        tau4 |  -5.518586   2.099265    -2.63   0.009    -9.633069   -1.404103
        tau5 |  -6.193002   2.679063    -2.31   0.021    -11.44387    -.942134
        pre1 |  -2.589817   .8330115    -3.11   0.002    -4.222489   -.9571442
        pre2 |  -2.410253   .6866926    -3.51   0.000    -3.756146    -1.06436
        pre3 |  -2.342219   .8064601    -2.90   0.004    -3.922852    -.761586
        pre4 |  -2.141539   .8783435    -2.44   0.015     -3.86306   -.4200173
        pre5 |  -1.043362   .7737992    -1.35   0.178    -2.559981    .4732564
------------------------------------------------------------------------------
  Aggregate annual change in matched positions:          -2,492
Pre-computing aggregate effect for quota...

                                                         Number of obs = 8,590
------------------------------------------------------------------------------
       quota | Coefficient  Std. err.      z    P>|z|     [95% conf. interval]
-------------+----------------------------------------------------------------
        tau0 |  -.9440107   .7420596    -1.27   0.203    -2.398421    .5103994
        tau1 |  -2.349278   .8740044    -2.69   0.007    -4.062295   -.6362606
        tau2 |  -3.522059    1.02854    -3.42   0.001     -5.53796   -1.506158
        tau3 |  -5.080667    1.38655    -3.66   0.000    -7.798254   -2.363079
        tau4 |  -6.138849   2.489804    -2.47   0.014    -11.01878   -1.258923
        tau5 |  -7.658376   3.424779    -2.24   0.025    -14.37082   -.9459326
        pre1 |  -3.168152    .871645    -3.63   0.000    -4.876544   -1.459759
        pre2 |  -2.824267   .7336615    -3.85   0.000    -4.262218   -1.386317
        pre3 |  -2.758407   .8289303    -3.33   0.001    -4.383081   -1.133734
        pre4 |  -2.323023   .9321793    -2.49   0.013    -4.150061    -.495985
        pre5 |  -1.406353   .8118662    -1.73   0.083    -2.997581    .1848755
------------------------------------------------------------------------------
  Aggregate annual change in quota positions:          -2,771

. 
. * -------------------------------------------------------------------------
. * Store DID estimates
. * -------------------------------------------------------------------------
. tempname did_results

. tempfile did_results_file

. postfile `did_results' str20 outcome double coef se tstat pvalue avg_treat //
> /
>     pretrend_p treat_p n_programs n_states using "`did_results_file'", replac
> e
(file /var/folders/yk/l30p1rcd2fsfx74wfvs62cmh0000gn/T//St51373.000001 not
    found)

. 
. 
. local plotnum = 5

. foreach outcome of global outcomes {
  2.     capture confirm variable `outcome'
  3.     if _rc != 0 {
  4.         di as error "Outcome `outcome' not found. Skipping."
  5.         continue
  6.     }
  7.     quietly count if treated_state == 1 & !missing(`outcome')
  8.     if (r(N) == 0) {
  9.         di as error "Outcome `outcome': no treated observations with data.
> "
 10.         continue
 11.     }
 12.     quietly count if treated_state == 0 & !missing(`outcome')
 13.     if (r(N) == 0) {
 14.         di as error "Outcome `outcome': no control observations with data.
> "
 15.         continue
 16.     }
 17.     di ""
 18.     di "==================================================================
> ======="
 19.     di "DID ANALYSIS: ${label_`outcome'}"
 20.     di "Outcome variable: `outcome'"
 21.     di "==================================================================
> ======="
 22.     di ""
 23.     capture noisily did_imputation `outcome' program_numeric_id year year_
> expanded  [aw=total_population_10], ///
>         horizons(0/5) pretrend(5) fe(program_numeric_id year) ///
>         cluster(state_id) minn(0)
 24.     if (_rc != 0) {
 25.         di as error "did_imputation failed for outcome `outcome'. Error co
> de `_rc'."
 26.         continue
 27.     }
 28.     local coef = _b[tau0]
 29.     local se   = _se[tau0]
 30.     local tstat = `coef' / `se'
 31.     local pvalue = 2*ttail(e(df_r), abs(`tstat'))
 32.     local tau_sum = 0
 33.     local tau_n = 0
 34.     forval h = 0/5 {
 35.         capture scalar __tmp = _b[tau`h']
 36.         if (_rc == 0) {
 37.             local tau_sum = `tau_sum' + __tmp
 38.             local tau_n = `tau_n' + 1
 39.         }
 40.     }
 41.     if (`tau_n' > 0) local avg_treat = `tau_sum' / `tau_n'
 42.     else local avg_treat = .
 43.     local pretrend_p = .
 44.     local treat_p = .
 45.     capture noisily test pre1 pre2 pre3 pre4 pre5
 46.     if (_rc == 0) {
 47.         local pretrend_p = r(p)
 48.     }
 49.     capture noisily test tau0 tau1 tau2 tau3 tau4 tau5
 50.     if (_rc == 0) {
 51.         local treat_p = r(p)
 52.     }
 53.     * Calculate baseline mean (pre-treatment observations in treated state
> s)
.     quietly summarize `outcome' if treated_state == 1 & year < year_expanded 
> [aw=total_population_10]
 54.     local baseline_mean = r(mean)
 55.     if missing(`baseline_mean') | `baseline_mean' == 0 {
 56.         local baseline_mean = 1
 57.     }
 58.     local pct_effect = (`avg_treat' / `baseline_mean') * 100
 59.     if `pct_effect' < -100 {
 60.         local pct_effect = -100
 61.     }
 62.     local n_programs = .
 63.     local n_states = .
 64.     capture levelsof program_numeric_id if !missing(`outcome'), local(acti
> ve_programs)
 65.     if (_rc == 0) {
 66.         local n_programs : word count `active_programs'
 67.     }
 68.     capture levelsof state_id if !missing(`outcome'), local(active_states)
 69.     if (_rc == 0) {
 70.         local n_states : word count `active_states'
 71.     }
 72. 
.     * National impact for annotation. Use the raw count aggregate computed
.     * pre-loop so per-100k and raw-count figures show the same number.
.     local national_effect = .
 73.     local has_national = 0
 74.     local national_label "residency positions"
 75.     if "`outcome'" == "matched" | "`outcome'" == "matched_per_100k" {
 76.         if "${agg_matched}" != "" {
 77.             local national_effect = ${agg_matched}
 78.             local has_national = 1
 79.         }
 80.     }
 81.     else if "`outcome'" == "quota_per_100k" {
 82.         if "${agg_quota}" != "" {
 83.             local national_effect = ${agg_quota}
 84.             local has_national = 1
 85.             local national_label "quota positions"
 86.         }
 87.     }
 88.     local national_text = cond(`has_national', string(`national_effect', "
> %9.0fc"), "NA")
 89. 
.     post `did_results' ("`outcome'") ///
>         (`coef') (`se') (`tstat') (`pvalue') (`avg_treat') ///
>         (`pretrend_p') (`treat_p') (`n_programs') (`n_states')
 90.     di "ATT (tau0): " %9.3f `coef' "  SE: " %9.3f `se' "  p = " %9.3f `pva
> lue'
 91.     di "Average post-treatment effect: " %9.3f `avg_treat'
 92.     if (`has_national') di "Avg. annual aggregate effect: " %15.0fc `natio
> nal_effect'
 93.     if (`pretrend_p' < .) di "Pretrend joint p-value: " %9.3f `pretrend_p'
 94.     if (`treat_p' < .)   di "Treatment joint p-value: " %9.3f `treat_p'
 95.     matrix plot_coef = J(11, 3, .)
 96.     matrix colnames plot_coef = period coef se
 97.     local row = 1
 98.     forval h = 5(-1)1 {
 99.         matrix plot_coef[`row',1] = -`h'
100.         capture matrix plot_coef[`row',2] = _b[pre`h']
101.         capture matrix plot_coef[`row',3] = _se[pre`h']
102.         local ++row
103.     }
104.     forval h = 0/5 {
105.         matrix plot_coef[`row',1] = `h'
106.         capture matrix plot_coef[`row',2] = _b[tau`h']
107.         capture matrix plot_coef[`row',3] = _se[tau`h']
108.         local ++row
109.     }
110.     preserve
111.     clear
112.     svmat plot_coef, names(col)
113.     keep if !missing(period)
114.     gen ci_upper = coef + 1.96*se
115.     gen ci_lower = coef - 1.96*se
116.     gen byte pre_period = (period < 0)
117.     gen byte post_period = (period >= 0)
118.     local avg_text = cond(`avg_treat' < ., string(`avg_treat', "%9.2f"), "
> NA")
119.     local treat_text = cond(`treat_p' < ., string(`treat_p', "%9.2f"), "NA
> ")
120.     local baseline_text = string(`baseline_mean', "%9.2f")
121.     local pct_text = string(`pct_effect', "%9.1f")
122.     local post_line ""
123.     if (`avg_treat' < .) {
124.         local post_line "(scatteri `avg_treat' 0 `avg_treat' 5, recast(lin
> e) lpattern(dash) lcolor(red) lwidth(medium))"
125.     }
126.     local short = "${short_`outcome'}"
127.         local label = "${label_`outcome'}"
128.         if ("`label'" == "") {
129.                 local label = "`outcome'"
130.         }
131.     local prefix : display %02.0f `plotnum'
132.     local ytitle_str "Treatment Effect (difference-in-differences)"
133.     local plot_title "Event Study: `label'"
134.     * Calculate annotation position dynamically
.     quietly summarize ci_upper
135.     local y_annot = r(max) * 0.9
136.     local x_annot = -3
137.     * Adjust for per 100k outcomes
.     if (strpos("`short'", "_100k") > 0) {
138.         local ytitle_str "Treatment Effect (per 100,000 population)"
139.         local x_annot = -3
140.     }
141.     if ("`outcome'" == "matched") {
142.         local ytitle_str "Treatment Effect (number of residency positions)
> "
143.     }
144.     * Build text annotations.
.     * Main annotation (left): baseline mean, post avg, p-value.
.     * Extra annotation at x = 3, same y-level: national/total impact (residen
> cy positions
.     * for raw matched; additional doctors nationally for per-100k).
.     local main_text `"text(`y_annot' `x_annot' `"Baseline Mean: `baseline_tex
> t'"' `"Post avg = `avg_text' (`pct_text'%)"' `"p-value = `treat_text'"', size
> (large))"'
145.     local extra_text ""
146.     if (`has_national') {
147.         local extra_text `"text(`y_annot' 3 `"Avg. annual change in"' `"`n
> ational_label':"' `"`national_text'"', size(large))"'
148.     }
149.     twoway ///
>         (rarea ci_upper ci_lower period if pre_period, fcolor(dkgreen%45) lco
> lor(dkgreen%45) lwidth(none)) ///
>         (rarea ci_upper ci_lower period if post_period, fcolor(maroon%45) lco
> lor(maroon%45) lwidth(none)) ///
>         (line coef period if pre_period, lcolor(dkgreen) lwidth(medium)) ///
>         (line coef period if post_period, lcolor(maroon) lwidth(medium)) ///
>         (scatter coef period if pre_period, mcolor(dkgreen) msymbol(circle) m
> size(medlarge)) ///
>         (scatter coef period if post_period, mcolor(maroon) msymbol(circle) m
> size(medlarge)) ///
>         `post_line' ///
>         , ///
>         xline(-0.5, lcolor(black) lpattern(solid) lwidth(thin)) ///
>         yline(0, lcolor(black) lpattern(solid) lwidth(thin)) ///
>         xlabel(-5(1)5, labsize(small)) ///
>         ylabel(#8, labsize(small) format(%9.2f)) ///
>         xtitle("Years relative to Medicaid expansion", size(small)) ///
>         ytitle("`ytitle_str'", size(small)) ///
>         `main_text' ///
>         `extra_text' ///
>         legend(off) ///
>         graphregion(color(white)) plotregion(color(white))
150.     graph export "${figdir}/`prefix'-did_`short'_event.png", as(png) repla
> ce width(1200) height(800)
151.     graph export "${latex_figdir}/`prefix'-did_`short'_event.png", as(png)
>  replace width(1200) height(800)
152.     restore
153.     local ++plotnum
154. }

=========================================================================
DID ANALYSIS: Total Matched Residency Positions
Outcome variable: matched
=========================================================================


                                                         Number of obs = 8,590
------------------------------------------------------------------------------
     matched | Coefficient  Std. err.      z    P>|z|     [95% conf. interval]
-------------+----------------------------------------------------------------
        tau0 |  -.9597854   .7520339    -1.28   0.202    -2.433745     .514174
        tau1 |   -2.41017   .7956418    -3.03   0.002    -3.969599   -.8507407
        tau2 |  -3.326795   .9865377    -3.37   0.001    -5.260373   -1.393217
        tau3 |  -4.705453   1.294121    -3.64   0.000    -7.241883   -2.169022
        tau4 |  -5.518586   2.099265    -2.63   0.009    -9.633069   -1.404103
        tau5 |  -6.193002   2.679063    -2.31   0.021    -11.44387    -.942134
        pre1 |  -2.589817   .8330115    -3.11   0.002    -4.222489   -.9571442
        pre2 |  -2.410253   .6866926    -3.51   0.000    -3.756146    -1.06436
        pre3 |  -2.342219   .8064601    -2.90   0.004    -3.922852    -.761586
        pre4 |  -2.141539   .8783435    -2.44   0.015     -3.86306   -.4200173
        pre5 |  -1.043362   .7737992    -1.35   0.178    -2.559981    .4732564
------------------------------------------------------------------------------

 ( 1)  pre1 = 0
 ( 2)  pre2 = 0
 ( 3)  pre3 = 0
 ( 4)  pre4 = 0
 ( 5)  pre5 = 0

           chi2(  5) =   54.83
         Prob > chi2 =    0.0000

 ( 1)  tau0 = 0
 ( 2)  tau1 = 0
 ( 3)  tau2 = 0
 ( 4)  tau3 = 0
 ( 5)  tau4 = 0
 ( 6)  tau5 = 0

           chi2(  6) =   80.45
         Prob > chi2 =    0.0000
ATT (tau0):    -0.960  SE:     0.752  p =         .
Average post-treatment effect:    -3.852
Avg. annual aggregate effect:          -2,492
Pretrend joint p-value:     0.000
Treatment joint p-value:     0.000
number of observations will be reset to 11
Press any key to continue, or Break to abort
Number of observations (_N) was 0, now 11.
(0 observations deleted)
file /Users/hhadah/Projects/GiT/residency-medicaid-expansion/output/figures/05-
> did_matched_event.png written in PNG format
file /Users/hhadah/Projects/GiT/residency-medicaid-expansion/my_paper/figures/0
> 5-did_matched_event.png written in PNG format

=========================================================================
DID ANALYSIS: Matched Residency Positions per 100k Population
Outcome variable: matched_per_100k
=========================================================================


                                                         Number of obs = 8,590
------------------------------------------------------------------------------
matched~100k | Coefficient  Std. err.      z    P>|z|     [95% conf. interval]
-------------+----------------------------------------------------------------
        tau0 |  -.0067982   .0060637    -1.12   0.262    -.0186828    .0050864
        tau1 |  -.0184325   .0086168    -2.14   0.032    -.0353211    -.001544
        tau2 |  -.0227682   .0101504    -2.24   0.025    -.0426627   -.0028738
        tau3 |  -.0330316   .0136264    -2.42   0.015    -.0597388   -.0063243
        tau4 |  -.0413523   .0195513    -2.12   0.034    -.0796721   -.0030324
        tau5 |  -.0449067   .0242321    -1.85   0.064    -.0924008    .0025874
        pre1 |    .020914   .0168922     1.24   0.216    -.0121941    .0540221
        pre2 |   .0231526    .012712     1.82   0.069    -.0017626    .0480677
        pre3 |   .0223925   .0117858     1.90   0.057    -.0007072    .0454921
        pre4 |   .0215923   .0107333     2.01   0.044     .0005554    .0426291
        pre5 |   .0217051   .0103845     2.09   0.037     .0013519    .0420584
------------------------------------------------------------------------------

 ( 1)  pre1 = 0
 ( 2)  pre2 = 0
 ( 3)  pre3 = 0
 ( 4)  pre4 = 0
 ( 5)  pre5 = 0

           chi2(  5) =    5.62
         Prob > chi2 =    0.3449

 ( 1)  tau0 = 0
 ( 2)  tau1 = 0
 ( 3)  tau2 = 0
 ( 4)  tau3 = 0
 ( 5)  tau4 = 0
 ( 6)  tau5 = 0

           chi2(  6) =   12.74
         Prob > chi2 =    0.0474
ATT (tau0):    -0.007  SE:     0.006  p =         .
Average post-treatment effect:    -0.028
Avg. annual aggregate effect:          -2,492
Pretrend joint p-value:     0.345
Treatment joint p-value:     0.047
number of observations will be reset to 11
Press any key to continue, or Break to abort
Number of observations (_N) was 0, now 11.
(0 observations deleted)
file /Users/hhadah/Projects/GiT/residency-medicaid-expansion/output/figures/06-
> did_matched_per_100k_event.png written in PNG format
file /Users/hhadah/Projects/GiT/residency-medicaid-expansion/my_paper/figures/0
> 6-did_matched_per_100k_event.png written in PNG format

=========================================================================
DID ANALYSIS: Residency Quota Positions per 100k Population
Outcome variable: quota_per_100k
=========================================================================


                                                         Number of obs = 8,590
------------------------------------------------------------------------------
quota_p~100k | Coefficient  Std. err.      z    P>|z|     [95% conf. interval]
-------------+----------------------------------------------------------------
        tau0 |  -.0067386   .0062624    -1.08   0.282    -.0190126    .0055354
        tau1 |  -.0177485   .0091474    -1.94   0.052     -.035677    .0001801
        tau2 |  -.0249151   .0108443    -2.30   0.022    -.0461696   -.0036607
        tau3 |  -.0353859   .0140456    -2.52   0.012    -.0629147    -.007857
        tau4 |  -.0441661    .020664    -2.14   0.033    -.0846668   -.0036655
        tau5 |  -.0542766   .0284002    -1.91   0.056    -.1099399    .0013867
        pre1 |   .0177813   .0175595     1.01   0.311    -.0166346    .0521972
        pre2 |   .0203807   .0140607     1.45   0.147    -.0071777     .047939
        pre3 |   .0200365   .0128896     1.55   0.120    -.0052267    .0452997
        pre4 |   .0212955   .0120335     1.77   0.077    -.0022898    .0448808
        pre5 |   .0199885    .011229     1.78   0.075    -.0020198    .0419969
------------------------------------------------------------------------------

 ( 1)  pre1 = 0
 ( 2)  pre2 = 0
 ( 3)  pre3 = 0
 ( 4)  pre4 = 0
 ( 5)  pre5 = 0

           chi2(  5) =    6.09
         Prob > chi2 =    0.2976

 ( 1)  tau0 = 0
 ( 2)  tau1 = 0
 ( 3)  tau2 = 0
 ( 4)  tau3 = 0
 ( 5)  tau4 = 0
 ( 6)  tau5 = 0

           chi2(  6) =   17.49
         Prob > chi2 =    0.0076
ATT (tau0):    -0.007  SE:     0.006  p =         .
Average post-treatment effect:    -0.031
Avg. annual aggregate effect:          -2,771
Pretrend joint p-value:     0.298
Treatment joint p-value:     0.008
number of observations will be reset to 11
Press any key to continue, or Break to abort
Number of observations (_N) was 0, now 11.
(0 observations deleted)
file /Users/hhadah/Projects/GiT/residency-medicaid-expansion/output/figures/07-
> did_quota_per_100k_event.png written in PNG format
file /Users/hhadah/Projects/GiT/residency-medicaid-expansion/my_paper/figures/0
> 7-did_quota_per_100k_event.png written in PNG format

. 
. postclose `did_results'

. 
. use "`did_results_file'", clear

. order outcome coef se tstat pvalue avg_treat pretrend_p treat_p n_programs n_
> states

. save "${tabdir}/did_summary_residency.dta", replace
file
    /Users/hhadah/Projects/GiT/residency-medicaid-expansion/output/tables/did
    > _summary_residency.dta saved

. export delimited using "${tabdir}/did_summary_residency.csv", replace
file /Users/hhadah/Projects/GiT/residency-medicaid-expansion/output/tables/did_
> summary_residency.csv saved

. 
. di ""


. di "=================================================================="
==================================================================

. di "Difference-in-differences estimates completed for quota/matched/unmatched
> ."
Difference-in-differences estimates completed for quota/matched/unmatched.

. di "Summary table:"
Summary table:

. di "  - ${tabdir}/did_summary_residency.dta"
  - /Users/hhadah/Projects/GiT/residency-medicaid-expansion/output/tables/did_s
> ummary_residency.dta

. di "  - ${tabdir}/did_summary_residency.csv"
  - /Users/hhadah/Projects/GiT/residency-medicaid-expansion/output/tables/did_s
> ummary_residency.csv

. di "Figures:"
Figures:

. di "  - ${figdir}/did_*_event.png (and LaTeX copies)"
  - /Users/hhadah/Projects/GiT/residency-medicaid-expansion/output/figures/did_
> *_event.png (and LaTeX copies)

. di "=================================================================="
==================================================================

. 
end of do-file

. if (_rc != 0) {
.     di as error "ERROR: Script 05 failed with code " _rc
.     di as error "Check ${outputdir}/05-dd-analysis.log for details"
. }

. else {
.     di as result "COMPLETED: Script 05"
COMPLETED: Script 05
. }

. di ""


. 
. * =========================================================================
. * SCRIPT 07: Heterogeneity Analysis - Urban/Rural (Weighted, Program-Level)
. * =========================================================================
. di ""


. di ">>> Running Script 06: Heterogeneity Analysis Urban/Rural (Weighted)"
>>> Running Script 06: Heterogeneity Analysis Urban/Rural (Weighted)

. di "    File: 06-dd-analysis-hetero.do"
    File: 06-dd-analysis-hetero.do

. di ""


. capture noisily do "${progdir}/06-dd-analysis-hetero.do"

. /*
> Heterogeneity Analysis by Urban/Rural Classification
> Date: January 27th, 2026
> Purpose: Investigate heterogeneity in treatment effects by county-level urban
> /rural classification using rural_urban_2010 variable
> Urban areas: RUCA codes 1, 2, 3
> Rural areas: RUCA codes > 3
> */
. 
. clear all

. set more off

. 
. * -------------------------------------------------------------------------
. * Define paths
. * -------------------------------------------------------------------------
. global topdir "/Users/hhadah/Projects/GiT/residency-medicaid-expansion"

. global datadir "${topdir}/data/datasets"

. global figdir "${topdir}/output/figures"

. global tabdir "${topdir}/output/tables"

. global latex_figdir "${topdir}/my_paper/figures"

. 
. * Open log file
. log using "${topdir}/output/06-dd-analysis-hetero.log", replace
-------------------------------------------------------------------------------
      name:  <unnamed>
       log:  /Users/hhadah/Projects/GiT/residency-medicaid-expansion/output/06-
> dd-analysis-hetero.log
  log type:  text
 opened on:  13 Jul 2026, 18:05:47

. 
. cap mkdir "${figdir}"

. cap mkdir "${tabdir}"

. cap mkdir "${latex_figdir}"

. 
. * -------------------------------------------------------------------------
. * Load cleaned data (produced by 02-data-cleaning.R)
. * -------------------------------------------------------------------------
. use "${datadir}/cleaned_program_residency_medicaid.dta", clear

. 
. *============================================================================
> ===
. * Data Setup
. *============================================================================
> ===
. 
. * Panel identifiers
. egen program_numeric_id = group(state institution_code)

. encode state, gen(state_id)

. 
. xtset program_numeric_id year

Panel variable: program_numeric_id (strongly balanced)
 Time variable: year, 2010 to 2019
         Delta: 1 unit

. 
. * Create urban/rural group based on rural_urban_2010
. * 0 = Urban (RUCA codes 1, 2, 3), 1 = Rural (RUCA codes > 3)
. gen urban_rural = (rural_urban_2010 > 3) if !missing(rural_urban_2010)
(220 missing values generated)

. label define urban_rural_lab 0 "Urban" 1 "Rural"

. label values urban_rural urban_rural_lab

. 
. * Keep only observations with non-missing group
. keep if !missing(urban_rural)
(220 observations deleted)

. 
. * Display basic information
. describe rural_urban_2010 urban_rural

Variable      Storage   Display    Value
    name         type    format    label      Variable label
-------------------------------------------------------------------------------
rural_urba~2010 double  %10.0g                
urban_rural     float   %9.0g      urban_rural_lab
                                              

. tab urban_rural, missing

urban_rural |      Freq.     Percent        Cum.
------------+-----------------------------------
      Urban |      7,810       93.31       93.31
      Rural |        560        6.69      100.00
------------+-----------------------------------
      Total |      8,370      100.00

. di "Urban/Rural coding: 0 = Urban, 1 = Rural"
Urban/Rural coding: 0 = Urban, 1 = Rural

. 
. * -------------------------------------------------------------------------
. * Outcomes and labels
. * -------------------------------------------------------------------------
. global outcomes "matched matched_per_100k quota_per_100k"

. global label_matched "Total Matched Residency Positions"

. global label_quota_per_100k "Residency Quota Positions per 100k Population"

. global label_matched_per_100k "Matched Residency Positions per 100k Populatio
> n"

. 
. global short_matched "matched"

. global short_quota_per_100k "quota_per_100k"

. global short_matched_per_100k "matched_per_100k"

. 
. *============================================================================
> ===
. * Heterogeneity Analysis - Urban vs Rural
. *============================================================================
> ===
. 
. di ""


. di "=========================================================================
> "
=========================================================================

. di "HETEROGENEITY ANALYSIS: By Urban/Rural Classification"
HETEROGENEITY ANALYSIS: By Urban/Rural Classification

. di "Urban vs Rural"
Urban vs Rural

. di "=========================================================================
> "
=========================================================================

. di ""


. 
. local plotnum = 8

. 
. foreach outcome of global outcomes {
  2.     
.     capture confirm variable `outcome'
  3.     if _rc != 0 {
  4.         di as error "Outcome `outcome' not found. Skipping."
  5.         continue
  6.     }
  7.     
.     quietly count if urban_rural == 0 & treated_state == 1 & !missing(`outcom
> e')
  8.     if (r(N) == 0) {
  9.         di as error "Outcome `outcome': no treated urban observations."
 10.         continue
 11.     }
 12.     
.     quietly count if urban_rural == 1 & treated_state == 1 & !missing(`outcom
> e')
 13.     if (r(N) == 0) {
 14.         di as error "Outcome `outcome': no treated rural observations."
 15.         continue
 16.     }
 17.     
.     di ""
 18.     di "==================================================================
> ======="
 19.     di "HETEROGENEITY ANALYSIS: ${label_`outcome'}"
 20.     di "Outcome variable: `outcome'"
 21.     di "==================================================================
> ======="
 22.     di ""
 23.     
.     * Run did_imputation with heterogeneous effects by urban/rural (0 = urban
> , 1 = rural)
.     capture noisily did_imputation `outcome' program_numeric_id year year_exp
> anded [aw=total_population_10], ///
>         horizons(0/5) pretrend(5) ///
>         cluster(state_id) ///
>         hetby(urban_rural) ///
>         fe(program_numeric_id year) ///
>         minn(0) autosample
 24.     
.     if (_rc != 0) {
 25.         di as error "did_imputation failed for outcome `outcome'. Error co
> de `_rc'."
 26.         continue
 27.     }
 28.     
.     * =====================
.     * Post-treatment averages and p-value tests
.     * =====================
.     * Test pretrend assumption
.     test pre1 pre2 pre3 pre4 pre5
 29.     local pretrend_p = r(p)
 30. 
.     * Calculate average effects for both groups
.     local avg_urban = (_b[tau0_0] + _b[tau1_0] + _b[tau2_0] + _b[tau3_0] + _b
> [tau4_0] + _b[tau5_0])/6
 31.     local avg_rural = (_b[tau0_1] + _b[tau1_1] + _b[tau2_1] + _b[tau3_1] +
>  _b[tau4_1] + _b[tau5_1])/6
 32.     local avg_diff = `avg_rural' - `avg_urban'
 33. 
.     * Test difference in post averages and get p-value
.     testnl ((_b[tau0_1] + _b[tau1_1] + _b[tau2_1] + _b[tau3_1] + _b[tau4_1] +
>  _b[tau5_1])/6) - ((_b[tau0_0] + _b[tau1_0] + _b[tau2_0] + _b[tau3_0] + _b[ta
> u4_0] + _b[tau5_0])/6) = 0
 34.     local avg_diff_p = r(p)
 35. 
.     * Joint test of heterogeneity across all periods
.     test (tau0_0 = tau0_1) (tau1_0 = tau1_1) (tau2_0 = tau2_1) (tau3_0 = tau3
> _1) (tau4_0 = tau4_1) (tau5_0 = tau5_1)
 36.     local joint_het_p = r(p)
 37. 
.     * Test individual group significance (joint test for post-treatment effec
> ts)
.     test tau0_0 tau1_0 tau2_0 tau3_0 tau4_0 tau5_0
 38.     local urban_p = r(p)
 39.     test tau0_1 tau1_1 tau2_1 tau3_1 tau4_1 tau5_1
 40.     local rural_p = r(p)
 41. 
.     * Calculate baseline means (pre-treatment observations in estimation samp
> le)
.     quietly summarize `outcome' if urban_rural == 0 & year < year_expanded & 
> e(sample) [aw=total_population_10]
 42.     local baseline_urban = r(mean)
 43.     if missing(`baseline_urban') | `baseline_urban' == 0 {
 44.         local baseline_urban = 1
 45.     }
 46.     
.     quietly summarize `outcome' if urban_rural == 1 & year < year_expanded & 
> e(sample) [aw=total_population_10]
 47.     local baseline_rural = r(mean)
 48.     if missing(`baseline_rural') | `baseline_rural' == 0 {
 49.         local baseline_rural = 1
 50.     }
 51.     
.     local pct_urban = (`avg_urban' / `baseline_urban') * 100
 52.     local pct_rural = (`avg_rural' / `baseline_rural') * 100
 53.     if `pct_urban' < -100 local pct_urban = -100
 54.     if `pct_rural' < -100 local pct_rural = -100
 55. 
.     * Compute national/total annual impact for each group.
.     * matched (raw): avg * N treated programs in subset.
.     * per_100k:      avg * sum(state_pop across treated programs in subset) /
>  100k.
.     local urban_national = .
 56.     local rural_national = .
 57.     local has_national = 0
 58.     if "`outcome'" == "matched" {
 59.         quietly levelsof program_numeric_id if treated_state == 1 & urban_
> rural == 0 & !missing(`outcome'), local(_uprogs)
 60.         local n_uprogs : word count `_uprogs'
 61.         quietly levelsof program_numeric_id if treated_state == 1 & urban_
> rural == 1 & !missing(`outcome'), local(_rprogs)
 62.         local n_rprogs : word count `_rprogs'
 63.         local urban_national = `avg_urban' * `n_uprogs'
 64.         local rural_national = `avg_rural' * `n_rprogs'
 65.         local has_national = 1
 66.     }
 67.     else if strpos("`outcome'", "_per_100k") > 0 {
 68.         preserve
 69.         keep if treated_state == 1 & urban_rural == 0 & !missing(`outcome'
> )
 70.         collapse (mean) total_population_10, by(program_numeric_id)
 71.         quietly summarize total_population_10
 72.         local sum_urban_pop = r(sum)
 73.         restore
 74.         preserve
 75.         keep if treated_state == 1 & urban_rural == 1 & !missing(`outcome'
> )
 76.         collapse (mean) total_population_10, by(program_numeric_id)
 77.         quietly summarize total_population_10
 78.         local sum_rural_pop = r(sum)
 79.         restore
 80.         local urban_national = `avg_urban' * `sum_urban_pop' / 100000
 81.         local rural_national = `avg_rural' * `sum_rural_pop' / 100000
 82.         local has_national = 1
 83.     }
 84.     local urban_national_text = cond(`has_national', string(`urban_nationa
> l', "%9.0fc"), "NA")
 85.     local rural_national_text = cond(`has_national', string(`rural_nationa
> l', "%9.0fc"), "NA")
 86. 
.     * Store values in locals for annotation
.     local text_urban = string(`avg_urban', "%9.2f")
 87.     local text_rural = string(`avg_rural', "%9.2f")
 88.     local text_urban_p = string(`urban_p', "%9.2f")
 89.     local text_rural_p = string(`rural_p', "%9.2f")
 90.     local text_het = string(`joint_het_p', "%9.2f")
 91.     local text_avg_diff = string(`avg_diff', "%9.2f")
 92.     local text_avg_diff_p = string(`avg_diff_p', "%9.2f")
 93.     local text_baseline_urban = string(`baseline_urban', "%9.2f")
 94.     local text_baseline_rural = string(`baseline_rural', "%9.2f")
 95.     local text_pct_urban = string(`pct_urban', "%9.1f")
 96.     local text_pct_rural = string(`pct_rural', "%9.1f")
 97.     
.     di "Average urban effect: " %9.3f `avg_urban' " (p = " %9.3f `urban_p' ")
> "
 98.     di "Average rural effect: " %9.3f `avg_rural' " (p = " %9.3f `rural_p'
>  ")"
 99.     di "Difference (rural - urban): " %9.3f `avg_diff' " (p = " %9.3f `avg
> _diff_p' ")"
100.     di "Joint heterogeneity test p-value: " %9.3f `joint_het_p'
101.     di "Pretrend joint p-value: " %9.3f `pretrend_p'
102.     if (`has_national') {
103.         di "Avg. annual aggregate effect (urban): " %15.0fc `urban_nationa
> l'
104.         di "Avg. annual aggregate effect (rural): " %15.0fc `rural_nationa
> l'
105.     }
106. 
.     * =====================
.     * Plotting with annotation
.     * =====================
.     * Create matrices for both groups (0 = urban, 1 = rural)
.     matrix urban = J(11, 5, .)  // 5 pretrends + 6 treatment periods
107.     matrix rural = J(11, 5, .)
108.     matrix colnames urban = period coef se ci_upper ci_lower
109.     matrix colnames rural = period coef se ci_upper ci_lower
110.     
.     local row = 1
111.     
.     * Pretrend coefficients (same for both groups)
.     forval h = 5(-1)1 {
112.         * Urban counties
.         matrix urban[`row',1] = -`h'
113.         matrix urban[`row',2] = _b[pre`h']
114.         matrix urban[`row',3] = _se[pre`h']
115.         matrix urban[`row',4] = _b[pre`h'] + 1.96*_se[pre`h']
116.         matrix urban[`row',5] = _b[pre`h'] - 1.96*_se[pre`h']
117.         
.         * Rural counties (same pretrends)
.         matrix rural[`row',1] = -`h'
118.         matrix rural[`row',2] = _b[pre`h']
119.         matrix rural[`row',3] = _se[pre`h']  
120.         matrix rural[`row',4] = _b[pre`h'] + 1.96*_se[pre`h']
121.         matrix rural[`row',5] = _b[pre`h'] - 1.96*_se[pre`h']
122.         
.         local ++row
123.     }
124.     
.     * Treatment coefficients - separate by group
.     forval h = 0/5 {
125.         * Urban (tau_0)
.         matrix urban[`row',1] = `h'
126.         matrix urban[`row',2] = _b[tau`h'_0]
127.         matrix urban[`row',3] = _se[tau`h'_0]
128.         matrix urban[`row',4] = _b[tau`h'_0] + 1.96*_se[tau`h'_0]
129.         matrix urban[`row',5] = _b[tau`h'_0] - 1.96*_se[tau`h'_0]
130.         
.         * Rural (tau_1)
.         matrix rural[`row',1] = `h'
131.         matrix rural[`row',2] = _b[tau`h'_1]
132.         matrix rural[`row',3] = _se[tau`h'_1]
133.         matrix rural[`row',4] = _b[tau`h'_1] + 1.96*_se[tau`h'_1]
134.         matrix rural[`row',5] = _b[tau`h'_1] - 1.96*_se[tau`h'_1]
135.         
.         local ++row
136.     }
137.     
.     * Convert matrices to variables for plotting
.     preserve
138.     clear
139.     svmat urban, names(urb)
140.     svmat rural, names(rur)
141.     
.     * Rename variables
.     rename urb1 urb_period
142.     rename urb2 urb_coef  
143.     rename urb3 urb_se
144.     rename urb4 urb_ci_upper
145.     rename urb5 urb_ci_lower
146.     
.     rename rur1 rur_period
147.     rename rur2 rur_coef
148.     rename rur3 rur_se  
149.     rename rur4 rur_ci_upper
150.     rename rur5 rur_ci_lower
151.     
.     * Create pre/post indicators for plotting
.     gen urb_pre = (urb_period < 0)
152.     gen urb_post = (urb_period >= 0)
153.     gen rur_pre = (rur_period < 0)  
154.     gen rur_post = (rur_period >= 0)
155. 
.     * Calculate dynamic annotation coordinates using maximum upper confidence
>  intervals from both groups
.     quietly summarize urb_ci_upper
156.     local max1 = r(max)
157.     quietly summarize rur_ci_upper
158.     local max2 = r(max) 
159.     local y_annot = max(`max1', `max2') * 0.9
160.     local x_annot = -2
161.     
.     local short = "${short_`outcome'}"
162.     local label = "${label_`outcome'}"
163.     if ("`label'" == "") {
164.         local label = "`outcome'"
165.     }
166.     local prefix : display %02.0f `plotnum'
167.     local ytitle_str "Treatment Effect (difference-in-differences)"
168.     local plot_title "Heterogeneity: Urban vs Rural - `label'"
169. 
.     * Adjust for per 100k outcomes
.     if (strpos("`short'", "_100k") > 0) {
170.         local ytitle_str "Treatment Effect (per 100,000 population)"
171.         local x_annot = -2
172.     }
173.     if ("`outcome'" == "matched") {
174.         local ytitle_str "Treatment Effect (number of residency positions)
> "
175.     }
176. 
.     * Build text annotations.
.     * Main annotation (left): urban/rural averages and difference.
.     * Extra annotation at x = 3, same y-level: national/total impact split by
>  urban/rural
.     * (residency positions for raw matched; additional doctors nationally for
>  per-100k).
.     local main_text `"text(`y_annot' `x_annot' `"Urban Avg: `text_urban' (p=`
> text_urban_p')"' `"Rural Avg: `text_rural' (p=`text_rural_p')"' `"Difference:
>  `text_avg_diff' (p=`text_avg_diff_p')"', size(large))"'
177.     local extra_text ""
178.     if ("`outcome'" == "matched") {
179.         local extra_text `"text(`y_annot' 3 `"Avg. annual change in"' `"re
> sidency positions:"' `"Urban: `urban_national_text'"' `"Rural: `rural_nationa
> l_text'"', size(medium))"'
180.     }
181.     else if (strpos("`short'", "_100k") > 0) {
182.         local extra_text `"text(`y_annot' 3 `"Avg. annual change in"' `"do
> ctors nationally:"' `"Urban: `urban_national_text'"' `"Rural: `rural_national
> _text'"', size(medium))"'
183.     }
184. 
.     * Create combined plot using twoway, with annotation
.     twoway (rarea urb_ci_upper urb_ci_lower urb_period if urb_pre, fcolor("31
>  119 180%20") lcolor("31 119 180%20") lwidth(none)) ///
>            (rarea urb_ci_upper urb_ci_lower urb_period if urb_post, fcolor("3
> 1 119 180%20") lcolor("31 119 180%20") lwidth(none)) ///
>            (rarea rur_ci_upper rur_ci_lower rur_period if rur_pre, fcolor("25
> 5 127 14%25") lcolor("255 127 14%25") lwidth(none)) ///
>            (rarea rur_ci_upper rur_ci_lower rur_period if rur_post, fcolor("2
> 55 127 14%25") lcolor("255 127 14%25") lwidth(none)) ///
>            (line urb_coef urb_period if urb_pre, lcolor("31 119 180") lwidth(
> medium) lpattern(solid)) ///
>            (line urb_coef urb_period if urb_post, lcolor("31 119 180") lwidth
> (medium) lpattern(solid)) ///
>            (line rur_coef rur_period if rur_pre, lcolor("255 127 14") lwidth(
> medium) lpattern(dash)) ///
>            (line rur_coef rur_period if rur_post, lcolor("255 127 14") lwidth
> (medium) lpattern(dash)) ///
>            (scatter urb_coef urb_period if urb_pre, mcolor("31 119 180") msiz
> e(medium) msymbol(circle)) ///
>            (scatter urb_coef urb_period if urb_post, mcolor("31 119 180") msi
> ze(medium) msymbol(circle)) ///
>            (scatter rur_coef rur_period if rur_pre, mcolor("255 127 14") msiz
> e(medium) msymbol(triangle)) ///
>            (scatter rur_coef rur_period if rur_post, mcolor("255 127 14") msi
> ze(medium) msymbol(triangle)) ///
>            , ///
>            xline(-0.5, lcolor(black) lpattern(solid) lwidth(thin)) ///
>            yline(0, lcolor(black) lpattern(solid) lwidth(thin)) ///
>            xlabel(-5(1)5, labsize(small)) ///
>            ylabel(#10, labsize(small) format(%9.2f)) ///
>            xtitle("Years relative to Medicaid expansion", size(small)) ///
>            ytitle("`ytitle_str'", size(small)) ///
>            legend(order(9 11) label(9 "Urban") label(11 "Rural") ///
>                position(6) rows(1) size(small)) ///
>            `main_text' ///
>            `extra_text' ///
>            graphregion(color(white)) plotregion(color(white))
185.     
.     graph export "${figdir}/`prefix'-hetero_urbanrural_`short'_event.png", as
> (png) replace width(1200) height(800)
186.     graph export "${latex_figdir}/`prefix'-hetero_urbanrural_`short'_event
> .png", as(png) replace width(1200) height(800)
187.     
.     restore
188.     local ++plotnum
189. }

=========================================================================
HETEROGENEITY ANALYSIS: Total Matched Residency Positions
Outcome variable: matched
=========================================================================


                                                         Number of obs = 8,370
------------------------------------------------------------------------------
     matched | Coefficient  Std. err.      z    P>|z|     [95% conf. interval]
-------------+----------------------------------------------------------------
      tau0_0 |  -.7948496   .8108746    -0.98   0.327    -2.384135    .7944353
      tau0_1 |  -3.568065   .5616705    -6.35   0.000    -4.668919   -2.467211
      tau1_0 |  -2.285072     .88326    -2.59   0.010     -4.01623   -.5539144
      tau1_1 |  -5.508374   .5715646    -9.64   0.000     -6.62862   -4.388128
      tau2_0 |  -3.205996   1.046742    -3.06   0.002    -5.257572    -1.15442
      tau2_1 |    -6.8492   .8448051    -8.11   0.000    -8.504987   -5.193412
      tau3_0 |  -4.511404   1.338857    -3.37   0.001    -7.135515   -1.887293
      tau3_1 |  -9.219524   1.333198    -6.92   0.000    -11.83254   -6.606504
      tau4_0 |  -5.297506    2.11954    -2.50   0.012    -9.451727   -1.143284
      tau4_1 |  -9.823215   2.252686    -4.36   0.000     -14.2384   -5.408033
      tau5_0 |  -5.894597   2.704801    -2.18   0.029    -11.19591   -.5932844
      tau5_1 |  -10.82191    2.74094    -3.95   0.000    -16.19405   -5.449762
        pre1 |  -2.527057   .8532104    -2.96   0.003    -4.199319   -.8547958
        pre2 |   -2.38703   .6827637    -3.50   0.000    -3.725222   -1.048838
        pre3 |  -2.395074   .8104898    -2.96   0.003    -3.983605   -.8065435
        pre4 |   -2.19353   .8861046    -2.48   0.013    -3.930263   -.4567966
        pre5 |  -1.089389   .7750468    -1.41   0.160    -2.608453    .4296747
------------------------------------------------------------------------------

 ( 1)  pre1 = 0
 ( 2)  pre2 = 0
 ( 3)  pre3 = 0
 ( 4)  pre4 = 0
 ( 5)  pre5 = 0

           chi2(  5) =   50.79
         Prob > chi2 =    0.0000

  (1)  ((_b[tau0_1] + _b[tau1_1] + _b[tau2_1] + _b[tau3_1] + _b[tau4_1] + _b[ta
> u5_1])/6) - ((_b[tau0_0] + _b[tau1_0] + _b[tau2_0] + _b[tau3_0] + _b[tau4_0] 
> + _b[tau5_0])/6) = 0

               chi2(1) =       77.53
           Prob > chi2 =        0.0000

 ( 1)  tau0_0 - tau0_1 = 0
 ( 2)  tau1_0 - tau1_1 = 0
 ( 3)  tau2_0 - tau2_1 = 0
 ( 4)  tau3_0 - tau3_1 = 0
 ( 5)  tau4_0 - tau4_1 = 0
 ( 6)  tau5_0 - tau5_1 = 0

           chi2(  6) =  208.99
         Prob > chi2 =    0.0000

 ( 1)  tau0_0 = 0
 ( 2)  tau1_0 = 0
 ( 3)  tau2_0 = 0
 ( 4)  tau3_0 = 0
 ( 5)  tau4_0 = 0
 ( 6)  tau5_0 = 0

           chi2(  6) =   62.35
         Prob > chi2 =    0.0000

 ( 1)  tau0_1 = 0
 ( 2)  tau1_1 = 0
 ( 3)  tau2_1 = 0
 ( 4)  tau3_1 = 0
 ( 5)  tau4_1 = 0
 ( 6)  tau5_1 = 0

           chi2(  6) =  126.04
         Prob > chi2 =    0.0000
Average urban effect:    -3.665 (p =     0.000)
Average rural effect:    -7.632 (p =     0.000)
Difference (rural - urban):    -3.967 (p =     0.000)
Joint heterogeneity test p-value:     0.000
Pretrend joint p-value:     0.000
Avg. annual aggregate effect (urban):          -2,148
Avg. annual aggregate effect (rural):            -305
number of observations will be reset to 11
Press any key to continue, or Break to abort
Number of observations (_N) was 0, now 11.
file /Users/hhadah/Projects/GiT/residency-medicaid-expansion/output/figures/08-
> hetero_urbanrural_matched_event.png written in PNG format
file /Users/hhadah/Projects/GiT/residency-medicaid-expansion/my_paper/figures/0
> 8-hetero_urbanrural_matched_event.png written in PNG format

=========================================================================
HETEROGENEITY ANALYSIS: Matched Residency Positions per 100k Population
Outcome variable: matched_per_100k
=========================================================================


                                                         Number of obs = 8,370
------------------------------------------------------------------------------
matched~100k | Coefficient  Std. err.      z    P>|z|     [95% conf. interval]
-------------+----------------------------------------------------------------
      tau0_0 |   -.005198   .0064379    -0.81   0.419    -.0178161    .0074202
      tau0_1 |  -.0263253   .0049252    -5.35   0.000    -.0359785   -.0166722
      tau1_0 |  -.0171435   .0089663    -1.91   0.056    -.0347171    .0004301
      tau1_1 |  -.0366089   .0082844    -4.42   0.000     -.052846   -.0203718
      tau2_0 |  -.0212174   .0104679    -2.03   0.043     -.041734   -.0007008
      tau2_1 |  -.0465598   .0094475    -4.93   0.000    -.0650765   -.0280431
      tau3_0 |  -.0313016   .0139182    -2.25   0.025    -.0585807   -.0040224
      tau3_1 |   -.056454    .014007    -4.03   0.000    -.0839073   -.0290007
      tau4_0 |  -.0401713   .0199565    -2.01   0.044    -.0792852   -.0010574
      tau4_1 |  -.0556862   .0214607    -2.59   0.009    -.0977484   -.0136241
      tau5_0 |  -.0432005   .0245635    -1.76   0.079     -.091344     .004943
      tau5_1 |  -.0532531   .0272825    -1.95   0.051    -.1067258    .0002195
        pre1 |   .0215534   .0170566     1.26   0.206    -.0118768    .0549836
        pre2 |   .0233792   .0127774     1.83   0.067    -.0016641    .0484225
        pre3 |   .0221359   .0118641     1.87   0.062    -.0011174    .0453891
        pre4 |   .0212684   .0107669     1.98   0.048     .0001657    .0423712
        pre5 |   .0211702   .0103585     2.04   0.041     .0008679    .0414724
------------------------------------------------------------------------------

 ( 1)  pre1 = 0
 ( 2)  pre2 = 0
 ( 3)  pre3 = 0
 ( 4)  pre4 = 0
 ( 5)  pre5 = 0

           chi2(  5) =    5.45
         Prob > chi2 =    0.3630

  (1)  ((_b[tau0_1] + _b[tau1_1] + _b[tau2_1] + _b[tau3_1] + _b[tau4_1] + _b[ta
> u5_1])/6) - ((_b[tau0_0] + _b[tau1_0] + _b[tau2_0] + _b[tau3_0] + _b[tau4_0] 
> + _b[tau5_0])/6) = 0

               chi2(1) =        8.77
           Prob > chi2 =        0.0031

 ( 1)  tau0_0 - tau0_1 = 0
 ( 2)  tau1_0 - tau1_1 = 0
 ( 3)  tau2_0 - tau2_1 = 0
 ( 4)  tau3_0 - tau3_1 = 0
 ( 5)  tau4_0 - tau4_1 = 0
 ( 6)  tau5_0 - tau5_1 = 0

           chi2(  6) =   45.11
         Prob > chi2 =    0.0000

 ( 1)  tau0_0 = 0
 ( 2)  tau1_0 = 0
 ( 3)  tau2_0 = 0
 ( 4)  tau3_0 = 0
 ( 5)  tau4_0 = 0
 ( 6)  tau5_0 = 0

           chi2(  6) =   12.79
         Prob > chi2 =    0.0465

 ( 1)  tau0_1 = 0
 ( 2)  tau1_1 = 0
 ( 3)  tau2_1 = 0
 ( 4)  tau3_1 = 0
 ( 5)  tau4_1 = 0
 ( 6)  tau5_1 = 0

           chi2(  6) =   47.78
         Prob > chi2 =    0.0000
(2,510 observations deleted)
(7,970 observations deleted)
Average urban effect:    -0.026 (p =     0.047)
Average rural effect:    -0.046 (p =     0.000)
Difference (rural - urban):    -0.019 (p =     0.003)
Joint heterogeneity test p-value:     0.000
Pretrend joint p-value:     0.363
Avg. annual aggregate effect (urban):          -2,119
Avg. annual aggregate effect (rural):            -207
number of observations will be reset to 11
Press any key to continue, or Break to abort
Number of observations (_N) was 0, now 11.
file /Users/hhadah/Projects/GiT/residency-medicaid-expansion/output/figures/09-
> hetero_urbanrural_matched_per_100k_event.png written in PNG format
file /Users/hhadah/Projects/GiT/residency-medicaid-expansion/my_paper/figures/0
> 9-hetero_urbanrural_matched_per_100k_event.png written in PNG format

=========================================================================
HETEROGENEITY ANALYSIS: Residency Quota Positions per 100k Population
Outcome variable: quota_per_100k
=========================================================================


                                                         Number of obs = 8,370
------------------------------------------------------------------------------
quota_p~100k | Coefficient  Std. err.      z    P>|z|     [95% conf. interval]
-------------+----------------------------------------------------------------
      tau0_0 |   -.005225   .0066498    -0.79   0.432    -.0182584    .0078084
      tau0_1 |   -.024541   .0052257    -4.70   0.000    -.0347831   -.0142989
      tau1_0 |  -.0163901   .0095815    -1.71   0.087    -.0351694    .0023892
      tau1_1 |  -.0364765   .0084982    -4.29   0.000    -.0531327   -.0198203
      tau2_0 |  -.0235734   .0112009    -2.10   0.035    -.0455268     -.00162
      tau2_1 |   -.046529    .010318    -4.51   0.000    -.0667519    -.026306
      tau3_0 |  -.0337714   .0144061    -2.34   0.019     -.062007   -.0055359
      tau3_1 |  -.0576658   .0141559    -4.07   0.000    -.0854108   -.0299208
      tau4_0 |  -.0430776   .0210285    -2.05   0.041    -.0842928   -.0018625
      tau4_1 |   -.054698   .0231169    -2.37   0.018    -.1000064   -.0093897
      tau5_0 |  -.0528158   .0287105    -1.84   0.066    -.1090873    .0034557
      tau5_1 |  -.0525861   .0326908    -1.61   0.108     -.116659    .0114867
        pre1 |   .0183814   .0177586     1.04   0.301    -.0164249    .0531876
        pre2 |    .020547   .0141755     1.45   0.147    -.0072365    .0483305
        pre3 |   .0198315   .0129831     1.53   0.127    -.0056148    .0452779
        pre4 |   .0209243   .0120941     1.73   0.084    -.0027797    .0446282
        pre5 |   .0193266   .0112451     1.72   0.086    -.0027134    .0413665
------------------------------------------------------------------------------

 ( 1)  pre1 = 0
 ( 2)  pre2 = 0
 ( 3)  pre3 = 0
 ( 4)  pre4 = 0
 ( 5)  pre5 = 0

           chi2(  5) =    6.02
         Prob > chi2 =    0.3039

  (1)  ((_b[tau0_1] + _b[tau1_1] + _b[tau2_1] + _b[tau3_1] + _b[tau4_1] + _b[ta
> u5_1])/6) - ((_b[tau0_0] + _b[tau1_0] + _b[tau2_0] + _b[tau3_0] + _b[tau4_0] 
> + _b[tau5_0])/6) = 0

               chi2(1) =        5.36
           Prob > chi2 =        0.0206

 ( 1)  tau0_0 - tau0_1 = 0
 ( 2)  tau1_0 - tau1_1 = 0
 ( 3)  tau2_0 - tau2_1 = 0
 ( 4)  tau3_0 - tau3_1 = 0
 ( 5)  tau4_0 - tau4_1 = 0
 ( 6)  tau5_0 - tau5_1 = 0

           chi2(  6) =   35.17
         Prob > chi2 =    0.0000

 ( 1)  tau0_0 = 0
 ( 2)  tau1_0 = 0
 ( 3)  tau2_0 = 0
 ( 4)  tau3_0 = 0
 ( 5)  tau4_0 = 0
 ( 6)  tau5_0 = 0

           chi2(  6) =   16.34
         Prob > chi2 =    0.0120

 ( 1)  tau0_1 = 0
 ( 2)  tau1_1 = 0
 ( 3)  tau2_1 = 0
 ( 4)  tau3_1 = 0
 ( 5)  tau4_1 = 0
 ( 6)  tau5_1 = 0

           chi2(  6) =   43.27
         Prob > chi2 =    0.0000
(2,510 observations deleted)
(7,970 observations deleted)
Average urban effect:    -0.029 (p =     0.012)
Average rural effect:    -0.045 (p =     0.000)
Difference (rural - urban):    -0.016 (p =     0.021)
Joint heterogeneity test p-value:     0.000
Pretrend joint p-value:     0.304
Avg. annual aggregate effect (urban):          -2,342
Avg. annual aggregate effect (rural):            -205
number of observations will be reset to 11
Press any key to continue, or Break to abort
Number of observations (_N) was 0, now 11.
file /Users/hhadah/Projects/GiT/residency-medicaid-expansion/output/figures/10-
> hetero_urbanrural_quota_per_100k_event.png written in PNG format
file /Users/hhadah/Projects/GiT/residency-medicaid-expansion/my_paper/figures/1
> 0-hetero_urbanrural_quota_per_100k_event.png written in PNG format

. 
. di ""


. di "=========================================================================
> "
=========================================================================

. di "HETEROGENEITY ANALYSIS BY URBAN/RURAL CLASSIFICATION COMPLETED"
HETEROGENEITY ANALYSIS BY URBAN/RURAL CLASSIFICATION COMPLETED

. di "Event study plots saved to:"
Event study plots saved to:

. di "  - ${figdir}/50-hetero_urbanrural_*_event.png"
  - /Users/hhadah/Projects/GiT/residency-medicaid-expansion/output/figures/50-h
> etero_urbanrural_*_event.png

. di "  - ${latex_figdir}/50-hetero_urbanrural_*_event.png"
  - /Users/hhadah/Projects/GiT/residency-medicaid-expansion/my_paper/figures/50
> -hetero_urbanrural_*_event.png

. di "=========================================================================
> "
=========================================================================

. 
. log close
      name:  <unnamed>
       log:  /Users/hhadah/Projects/GiT/residency-medicaid-expansion/output/06-
> dd-analysis-hetero.log
  log type:  text
 closed on:  13 Jul 2026, 18:05:52
-------------------------------------------------------------------------------

. 
end of do-file

. if (_rc != 0) {
.     di as error "ERROR: Script 06 failed with code " _rc
.     di as error "Check ${outputdir}/06-dd-analysis-hetero.log for details"
. }

. else {
.     di as result "COMPLETED: Script 06"
COMPLETED: Script 06
. }

. di ""


. 
. * =========================================================================
. * SCRIPT 07: DID Analysis by Specialty (Primary Care vs Non-Primary Care)
. * =========================================================================
. di ""


. di ">>> Running Script 07: DID Analysis (Primary Care vs Non-Primary Care)"
>>> Running Script 07: DID Analysis (Primary Care vs Non-Primary Care)

. di "    File: 07-did-analysis-byspeciality.do"
    File: 07-did-analysis-byspeciality.do

. di ""


. capture noisily do "${progdir}/07-did-analysis-byspeciality.do"

. * ===========================================================================
> ==
. * Difference-in-Differences Analysis: Primary Care vs Non-Primary Care
. * Primary care: FM, IM, Peds (general, family, general internal, geriatrics,
. *               and general pediatrics medicine)
. * Outcomes: quota, matched per 100k population
. * Event-study plotting follows prior scheme (pre/post shading + bands)
. * ===========================================================================
> ==
. 
. cls
command cls is unrecognized
r(199);

end of do-file

. if (_rc != 0) {
.     di as error "ERROR: Script 07 failed with code " _rc
ERROR: Script 07 failed with code 199
.     di as error "Check ${outputdir}/06-did-analysis-byspeciality.log for deta
> ils"
Check /Users/hhadah/Projects/GiT/residency-medicaid-expansion/output/06-did-ana
> lysis-byspeciality.log for details
. }

. else {
.     di as result "COMPLETED: Script 07"
. }

. di ""


. 
. * =========================================================================
. * SCRIPT 11: DID Methods Comparison (Robustness across estimators)
. * =========================================================================
. di ""


. di ">>> Running Script 11: DID Methods Comparison"
>>> Running Script 11: DID Methods Comparison

. di "    File: 11-dd-methods-comparison.do"
    File: 11-dd-methods-comparison.do

. di ""


. capture noisily do "${progdir}/11-dd-methods-comparison.do"

. * ===========================================================================
> ==
. * DiD Methods Comparison: Robustness of Main Results across Estimators
. * Outcomes: matched (raw), matched_per_100k, quota_per_100k
. * Estimators: TWFE, csdid (CS 2020), did_imputation (BJS 2021),
. *             did_multiplegt_dyn (CD 2020), eventstudyinteract (SA 2020),
. *             stackedev (CDLZ 2019), did2s (G 2021)
. * Each outcome produces one event_plot overlaying all estimators.
. * ===========================================================================
> ==
. 
. clear all

. set more off

. 
. * -------------------------------------------------------------------------
. * Required packages (silent if already installed)
. * -------------------------------------------------------------------------
. // cap ssc install require, replace
. // cap ssc install schemepack, replace
. // cap ssc install avar, replace
. // cap ssc install ftools, replace
. // cap ssc install reghdfe, replace
. // cap ssc install event_plot, replace
. // cap ssc install palettes, replace
. // cap ssc install colrspace, replace
. // cap ssc install drdid, replace
. // cap ssc install csdid, replace
. // cap ssc install did_imputation, replace
. // cap ssc install eventstudyinteract, replace
. // cap ssc install did_multiplegt, replace
. // cap ssc install did_multiplegt_dyn, replace
. // cap ssc install stackedev, replace
. // cap ssc install did2s, replace
. 
. * -------------------------------------------------------------------------
. * Paths
. * -------------------------------------------------------------------------
. global topdir "/Users/hhadah/Projects/GiT/residency-medicaid-expansion"

. global datadir "${topdir}/data/datasets"

. global figdir "${topdir}/output/figures"

. global tabdir "${topdir}/output/tables"

. global latex_figdir "${topdir}/my_paper/figures"

. 
. cap mkdir "${figdir}"

. cap mkdir "${tabdir}"

. cap mkdir "${latex_figdir}"

. 
. log using "${topdir}/output/11-dd-methods-comparison.log", replace
-------------------------------------------------------------------------------
      name:  <unnamed>
       log:  /Users/hhadah/Projects/GiT/residency-medicaid-expansion/output/11-
> dd-methods-comparison.log
  log type:  text
 opened on:  13 Jul 2026, 18:05:52

. 
. * -------------------------------------------------------------------------
. * Load cleaned data
. * -------------------------------------------------------------------------
. use "${datadir}/cleaned_program_residency_medicaid.dta", clear

. 
. * -------------------------------------------------------------------------
. * Panel identifiers
. * -------------------------------------------------------------------------
. egen program_numeric_id = group(state institution_code)

. encode state, gen(state_id)

. xtset program_numeric_id year

Panel variable: program_numeric_id (strongly balanced)
 Time variable: year, 2010 to 2019
         Delta: 1 unit

. 
. * -------------------------------------------------------------------------
. * Treatment setup shared across estimators
. *   gvar         = first treatment year, 0 for never-treated (csdid)
. *   never_treat  = indicator for never-treated programs
. *   D            = treatment dummy (1 if currently treated)
. *   rel_time     = year - year_expanded
. *   L_h, F_h     = relative-time dummies (5 leads, 5 lags, endpoints binned)
. *   ref          = reference-period dummy (rel_time == -1) for stackedev
. * -------------------------------------------------------------------------
. gen gvar = year_expanded
(2,120 missing values generated)

. replace gvar = 0 if missing(year_expanded)
(2,120 real changes made)

. 
. gen byte never_treat = missing(year_expanded)

. 
. capture confirm variable post_expansion

. if _rc != 0 {
.     gen byte post_expansion = (treated_state == 1 & year_expanded < . & year 
> >= year_expanded)
. }

. gen byte D = post_expansion

. 
. gen rel_time = year - year_expanded
(2,120 missing values generated)

. 
. local maxlag  = 5

. local maxlead = 5

. 
. * Lags 0..(maxlag-1) exact, last lag binned (>= maxlag)
. forval h = 0/`=`maxlag' - 1' {
  2.     gen byte L_`h' = (rel_time == `h')
  3. }

. gen byte L_`maxlag' = (rel_time >= `maxlag' & !missing(rel_time))

. 
. * Leads 1..(maxlead-1) exact, last lead binned (<= -maxlead)
. forval h = 1/`=`maxlead' - 1' {
  2.     gen byte F_`h' = (rel_time == -`h')
  3. }

. gen byte F_`maxlead' = (rel_time <= -`maxlead' & !missing(rel_time))

. 
. gen byte ref = (rel_time == -1)

. 
. * -------------------------------------------------------------------------
. * Outcomes and labels
. * -------------------------------------------------------------------------
. global outcomes "matched matched_per_100k quota_per_100k"

. global label_matched          "Total Matched Residency Positions"

. global label_matched_per_100k "Matched Residency Positions per 100k Populatio
> n"

. global label_quota_per_100k   "Residency Quota Positions per 100k Population"

. 
. local plotnum = 17

. local nocsdid_plotnum = 20

. 
. foreach Y of global outcomes {
  2. 
.     capture confirm variable `Y'
  3.     if _rc != 0 {
  4.         di as error "Outcome `Y' not found. Skipping."
  5.         continue
  6.     }
  7. 
.     di ""
  8.     di "==================================================================
> ======="
  9.     di "DiD METHODS COMPARISON: ${label_`Y'}"
 10.     di "Outcome: `Y'"
 11.     di "==================================================================
> ======="
 12. 
.     ************
.     *** TWFE ***
.     ************
.     * F_1 omitted as reference period.
.     di "--- TWFE (reghdfe) ---"
 13.     capture noisily reghdfe `Y' L_0 L_1 L_2 L_3 L_4 L_5 F_2 F_3 F_4 F_5 //
> /
>         [aw=total_population_10], absorb(program_numeric_id year) cluster(sta
> te_id)
 14.     if (_rc == 0) estimates store twfe
 15. 
.     *************
.     *** csdid ***
.     *************
.     di "--- csdid (Callaway & Sant'Anna 2020) ---"
 16.     capture noisily csdid `Y' [iw=total_population_10], ///
>         ivar(program_numeric_id) time(year) gvar(gvar) notyet
 17.     if (_rc == 0) {
 18.         capture noisily estat event, window(-`maxlead' `maxlag') estore(cs
> dd)
 19.     }
 20. 
.     ***********************
.     *** did_imputation  ***
.     ***********************
.     di "--- did_imputation (Borusyak, Jaravel & Spiess 2021) ---"
 21.     capture noisily did_imputation `Y' program_numeric_id year year_expand
> ed ///
>         [aw=total_population_10], horizons(0/`maxlag') pretrend(`maxlead') //
> /
>         fe(program_numeric_id year) cluster(state_id) minn(0)
 22.     if (_rc == 0) estimates store didimp
 23. 
.     ***********************
.     *** did_multiplegt  ***
.     ***********************
.     di "--- did_multiplegt_dyn (de Chaisemartin & D'Haultfoeuille 2020) ---"
 24.     capture noisily did_multiplegt_dyn `Y' program_numeric_id year D, ///
>         effects(`maxlag') placebo(`maxlead') cluster(state_id)
 25.     capture matrix didmgt_b = e(estimates)
 26.     capture matrix didmgt_v = e(variances)
 27. 
.     *****************************
.     ***  eventstudyinteract   ***
.     *****************************
.     di "--- eventstudyinteract (Sun & Abraham 2020) ---"
 28.     capture noisily eventstudyinteract `Y' L_0 L_1 L_2 L_3 L_4 L_5 F_2 F_3
>  F_4 F_5 ///
>         [aw=total_population_10], vce(cluster state_id) ///
>         absorb(program_numeric_id year) cohort(year_expanded) control_cohort(
> never_treat)
 29.     capture matrix evtstint_b = e(b_iw)
 30.     capture matrix evtstint_v = e(V_iw)
 31. 
.     ***************
.     *** did2s   ***
.     ***************
.     di "--- did2s (Gardner 2021) ---"
 32.     capture noisily did2s `Y' [aw=total_population_10], ///
>         first_stage(program_numeric_id year) ///
>         second_stage(F_2 F_3 F_4 F_5 L_0 L_1 L_2 L_3 L_4 L_5) ///
>         treatment(D) cluster(state_id)
 33.     capture matrix did2s_b = e(b)
 34.     capture matrix did2s_v = e(V)
 35. 
.     ******************
.     *** stackedev  ***
.     ******************
.     di "--- stackedev (Cengiz, Dube, Lindner & Zipperer 2019) ---"
 36.     capture noisily stackedev `Y' F_2 F_3 F_4 F_5 L_0 L_1 L_2 L_3 L_4 L_5 
> ref, ///
>         cohort(year_expanded) time(year) never_treat(never_treat) ///
>         unit_fe(program_numeric_id) clust_unit(state_id)
 37.     capture matrix stackedev_b = e(b)
 38.     capture matrix stackedev_v = e(V)
 39. 
.     * Color palette
.     colorpalette tableau, nograph
 40. 
.     local label  = "${label_`Y'}"
 41.     local prefix : display %02.0f `plotnum'
 42. 
.     * ---------------------------------------------------------------------
.     * Combined event-plot overlaying all estimators
.     * ---------------------------------------------------------------------
.     event_plot twfe csdd didimp didmgt_b#didmgt_v evtstint_b#evtstint_v stack
> edev_b#stackedev_v did2s_b#did2s_v, ///
>         stub_lag(L_# Tp# tau# Effect_# L_# L_# L_#) ///
>         stub_lead(F_# Tm# pre# Placebo_# F_# F_# F_#) ///
>         together perturb(-0.30(0.10)0.30) trimlead(`maxlead') trimlag(`maxlag
> ') noautolegend ///
>         plottype(scatter) ciplottype(rspike) ///
>         lag_opt1(msymbol(+)   msize(2.0) mlwidth(0.3) color(black))          
>  lag_ci_opt1(color(black)        lw(0.15)) ///
>         lag_opt2(msymbol(lgx) msize(2.0) mlwidth(0.3) color("`r(p1)'"))      
>  lag_ci_opt2(color("`r(p1)'")    lw(0.15)) ///
>         lag_opt3(msymbol(Dh)  msize(2.0) mlwidth(0.3) color("`r(p2)'"))      
>  lag_ci_opt3(color("`r(p2)'")    lw(0.15)) ///
>         lag_opt4(msymbol(Th)  msize(2.0) mlwidth(0.3) color("`r(p3)'"))      
>  lag_ci_opt4(color("`r(p3)'")    lw(0.15)) ///
>         lag_opt5(msymbol(Sh)  msize(2.0) mlwidth(0.3) color("`r(p4)'"))      
>  lag_ci_opt5(color("`r(p4)'")    lw(0.15)) ///
>         lag_opt6(msymbol(Oh)  msize(2.0) mlwidth(0.3) color("`r(p5)'"))      
>  lag_ci_opt6(color("`r(p5)'")    lw(0.15)) ///
>         lag_opt7(msymbol(V)   msize(2.0) mlwidth(0.3) color("`r(p6)'"))      
>  lag_ci_opt7(color("`r(p6)'")    lw(0.15)) ///
>         graph_opt( ///
>             title("Event Study Robustness: `label'", size(medsmall)) ///
>             xtitle("Years relative to Medicaid expansion") ///
>             ytitle("Average effect") xlabel(-`maxlead'(1)`maxlag') ///
>             legend(order(1 "TWFE" 3 "csdid (CS 2020)" 5 "did_imputation (BJS 
> 2021)" ///
>                          7 "did_multiplegt (CD 2020)" 9 "eventstudyinteract (
> SA 2020)" ///
>                          11 "stackedev (CDLZ 2019)" 13 "did2s (G 2021)") ///
>                    pos(6) rows(3) region(style(none)) size(small)) ///
>             xline(-0.5, lc(gs8) lp(dash)) ///
>             yline(0,    lc(gs8) lp(dash)) ///
>             graphregion(color(white)) plotregion(color(white)) ///
>         )
 43. 
.     graph export "${figdir}/`prefix'-dd_methods_`Y'.png", as(png) replace wid
> th(1200) height(800)
 44.     graph export "${latex_figdir}/`prefix'-dd_methods_`Y'.png", as(png) re
> place width(1200) height(800)
 45. 
.     * ---------------------------------------------------------------------
.     * For per-100k outcomes only: also produce a no-csdid version
.     * (figures 20 and 21).
.     * ---------------------------------------------------------------------
.     if (strpos("`Y'", "_per_100k") > 0) {
 46.         local nc_prefix : display %02.0f `nocsdid_plotnum'
 47. 
.         event_plot twfe didimp didmgt_b#didmgt_v evtstint_b#evtstint_v stacke
> dev_b#stackedev_v did2s_b#did2s_v, ///
>             stub_lag(L_# tau# Effect_# L_# L_# L_#) ///
>             stub_lead(F_# pre# Placebo_# F_# F_# F_#) ///
>             together perturb(-0.25(0.10)0.25) trimlead(`maxlead') trimlag(`ma
> xlag') noautolegend ///
>             plottype(scatter) ciplottype(rspike) ///
>             lag_opt1(msymbol(+)   msize(2.0) mlwidth(0.3) color(black))      
>      lag_ci_opt1(color(black)        lw(0.15)) ///
>             lag_opt2(msymbol(Dh)  msize(2.0) mlwidth(0.3) color("`r(p2)'"))  
>      lag_ci_opt2(color("`r(p2)'")    lw(0.15)) ///
>             lag_opt3(msymbol(Th)  msize(2.0) mlwidth(0.3) color("`r(p3)'"))  
>      lag_ci_opt3(color("`r(p3)'")    lw(0.15)) ///
>             lag_opt4(msymbol(Sh)  msize(2.0) mlwidth(0.3) color("`r(p4)'"))  
>      lag_ci_opt4(color("`r(p4)'")    lw(0.15)) ///
>             lag_opt5(msymbol(Oh)  msize(2.0) mlwidth(0.3) color("`r(p5)'"))  
>      lag_ci_opt5(color("`r(p5)'")    lw(0.15)) ///
>             lag_opt6(msymbol(V)   msize(2.0) mlwidth(0.3) color("`r(p6)'"))  
>      lag_ci_opt6(color("`r(p6)'")    lw(0.15)) ///
>             graph_opt( ///
>                 title("Event Study Robustness (no csdid): `label'", size(meds
> mall)) ///
>                 xtitle("Years relative to Medicaid expansion") ///
>                 ytitle("Average effect") xlabel(-`maxlead'(1)`maxlag') ///
>                 legend(order(1 "TWFE" 3 "did_imputation (BJS 2021)" ///
>                              5 "did_multiplegt (CD 2020)" 7 "eventstudyintera
> ct (SA 2020)" ///
>                              9 "stackedev (CDLZ 2019)" 11 "did2s (G 2021)") /
> //
>                        pos(6) rows(3) region(style(none)) size(small)) ///
>                 xline(-0.5, lc(gs8) lp(dash)) ///
>                 yline(0,    lc(gs8) lp(dash)) ///
>                 graphregion(color(white)) plotregion(color(white)) ///
>             )
 48. 
.         graph export "${figdir}/`nc_prefix'-dd_methods_`Y'_nocsdid.png", as(p
> ng) replace width(1200) height(800)
 49.         graph export "${latex_figdir}/`nc_prefix'-dd_methods_`Y'_nocsdid.p
> ng", as(png) replace width(1200) height(800)
 50. 
.         local ++nocsdid_plotnum
 51.     }
 52. 
.     local ++plotnum
 53. }

=========================================================================
DiD METHODS COMPARISON: Total Matched Residency Positions
Outcome: matched
=========================================================================
--- TWFE (reghdfe) ---
(MWFE estimator converged in 2 iterations)

HDFE Linear regression                            Number of obs   =      8,590
Absorbing 2 HDFE groups                           F(  10,     50) =      14.52
Statistics robust to heteroskedasticity           Prob > F        =     0.0000
                                                  R-squared       =     0.9686
                                                  Adj R-squared   =     0.9651
                                                  Within R-sq.    =     0.0106
Number of clusters (state_id) =         51        Root MSE        =    10.2562

                              (Std. err. adjusted for 51 clusters in state_id)
------------------------------------------------------------------------------
             |               Robust
     matched | Coefficient  std. err.      t    P>|t|     [95% conf. interval]
-------------+----------------------------------------------------------------
         L_0 |  -1.093637   .4009121    -2.73   0.009    -1.898892   -.2883809
         L_1 |  -2.294666   .6503883    -3.53   0.001     -3.60101   -.9883231
         L_2 |  -3.225962   .9498086    -3.40   0.001    -5.133709   -1.318215
         L_3 |  -4.621145   1.395203    -3.31   0.002    -7.423493   -1.818797
         L_4 |  -5.265583   2.156574    -2.44   0.018    -9.597189   -.9339757
         L_5 |  -5.834021   2.718016    -2.15   0.037    -11.29332   -.3747248
         F_2 |   .2438754   .7479532     0.33   0.746    -1.258433    1.746184
         F_3 |   .3650865   .7731374     0.47   0.639    -1.187806    1.917979
         F_4 |   .7155304    .799282     0.90   0.375    -.8898747    2.320935
         F_5 |   2.724195   .5427008     5.02   0.000     1.634148    3.814242
       _cons |   34.68114   .6537935    53.05   0.000     33.36796    35.99433
------------------------------------------------------------------------------

Absorbed degrees of freedom:
------------------------------------------------------------+
        Absorbed FE | Categories  - Redundant  = Num. Coefs |
--------------------+---------------------------------------|
 program_numeric_id |       859         859           0    *|
               year |        10           1           9     |
------------------------------------------------------------+
* = FE nested within cluster; treated as redundant for DoF computation
--- csdid (Callaway & Sant'Anna 2020) ---
....................................
Difference-in-difference with Multiple Time Periods

                                                         Number of obs = 8,590
Outcome model  : regression adjustment
Treatment model: none
------------------------------------------------------------------------------
             | Coefficient  Std. err.      z    P>|z|     [95% conf. interval]
-------------+----------------------------------------------------------------
g2014        |
 t_2010_2011 |   .1125411     .30949     0.36   0.716    -.4940482    .7191303
 t_2011_2012 |    .050053   .4257995     0.12   0.906    -.7844986    .8846046
 t_2012_2013 |   .3490269   .4849856     0.72   0.472    -.6015274    1.299581
 t_2013_2014 |  -1.011395   .4668283    -2.17   0.030    -1.926362   -.0964287
 t_2013_2015 |  -2.677447    1.35541    -1.98   0.048    -5.334002    -.020892
 t_2013_2016 |  -3.595226   1.490112    -2.41   0.016    -6.515791   -.6746606
 t_2013_2017 |  -4.917539   1.738515    -2.83   0.005    -8.324966   -1.510112
 t_2013_2018 |  -5.779944   2.099818    -2.75   0.006    -9.895512   -1.664375
 t_2013_2019 |  -6.715666   2.270759    -2.96   0.003    -11.16627    -2.26506
-------------+----------------------------------------------------------------
g2015        |
 t_2010_2011 |  -.3586044   .4571896    -0.78   0.433     -1.25468    .5374708
 t_2011_2012 |  -.3079602    .424181    -0.73   0.468     -1.13934    .5234193
 t_2012_2013 |    .597371   .8106148     0.74   0.461    -.9914049    2.186147
 t_2013_2014 |  -2.251987   .5229361    -4.31   0.000    -3.276923   -1.227051
 t_2014_2015 |  -1.158304   1.426764    -0.81   0.417     -3.95471    1.638101
 t_2014_2016 |  -2.364438   1.481285    -1.60   0.110    -5.267704    .5388282
 t_2014_2017 |  -3.415693   1.760943    -1.94   0.052    -6.867078    .0356921
 t_2014_2018 |  -5.195904   2.087181    -2.49   0.013    -9.286703   -1.105104
 t_2014_2019 |  -5.813711   2.347356    -2.48   0.013    -10.41445   -1.212977
-------------+----------------------------------------------------------------
g2016        |
 t_2010_2011 |   1.315948   1.213901     1.08   0.278    -1.063255    3.695151
 t_2011_2012 |   -2.07585   .7828731    -2.65   0.008    -3.610253   -.5414471
 t_2012_2013 |   1.235345   1.601217     0.77   0.440    -1.902983    4.373672
 t_2013_2014 |   -1.81521   1.384483    -1.31   0.190    -4.528747    .8983275
 t_2014_2015 |   .5862375   1.588072     0.37   0.712    -2.526327    3.698802
 t_2015_2016 |  -1.922122   .8094131    -2.37   0.018    -3.508542   -.3357014
 t_2015_2017 |  -3.713417   1.304505    -2.85   0.004    -6.270199   -1.156635
 t_2015_2018 |  -4.475329   2.313568    -1.93   0.053    -9.009839      .05918
 t_2015_2019 |  -7.491219   2.380009    -3.15   0.002    -12.15595   -2.826486
-------------+----------------------------------------------------------------
g2019        |
 t_2010_2011 |  -.4375604   .5543466    -0.79   0.430     -1.52406     .648939
 t_2011_2012 |  -1.060564   .4602227    -2.30   0.021    -1.962584   -.1585445
 t_2012_2013 |   .3114228   1.389792     0.22   0.823    -2.412519    3.035365
 t_2013_2014 |  -.7276014   1.060649    -0.69   0.493    -2.806436    1.351233
 t_2014_2015 |  -.1990095   2.005077    -0.10   0.921    -4.128889     3.73087
 t_2015_2016 |  -.5279314   1.266777    -0.42   0.677    -3.010768    1.954905
 t_2016_2017 |   -1.60095   .8826248    -1.81   0.070    -3.330863    .1289625
 t_2017_2018 |  -1.326173    1.25187    -1.06   0.289    -3.779792    1.127447
 t_2018_2019 |  -.4779495   1.140431    -0.42   0.675    -2.713154    1.757255
------------------------------------------------------------------------------
Control: Not yet Treated

See Callaway and Sant'Anna (2021) for details
ATT by Periods Before and After treatment
Event Study:Dynamic effects
------------------------------------------------------------------------------
             | Coefficient  Std. err.      z    P>|z|     [95% conf. interval]
-------------+----------------------------------------------------------------
     Pre_avg |  -.0669946   .2547973    -0.26   0.793    -.5663881    .4323988
    Post_avg |  -4.120602   1.387472    -2.97   0.003    -6.839997   -1.401207
         Tm5 |  -.1051631   .8385451    -0.13   0.900    -1.748681    1.538355
         Tm4 |   -.438849   .4500329    -0.98   0.329    -1.320897    .4431992
         Tm3 |   .0701303   .2794662     0.25   0.802    -.4776133    .6178739
         Tm2 |   .0626449   .3867819     0.16   0.871    -.6954336    .8207235
         Tm1 |   .0762638   .4365188     0.17   0.861    -.7792974    .9318249
         Tp0 |  -1.023226   .4278659    -2.39   0.017    -1.861828   -.1846247
         Tp1 |  -2.654547   1.306244    -2.03   0.042    -5.214738   -.0943566
         Tp2 |  -3.584129   1.453822    -2.47   0.014    -6.433567   -.7346903
         Tp3 |   -4.96281   1.706808    -2.91   0.004    -8.308092   -1.617528
         Tp4 |  -5.783234   2.059492    -2.81   0.005    -9.819764   -1.746704
         Tp5 |  -6.715666   2.270759    -2.96   0.003    -11.16627    -2.26506
------------------------------------------------------------------------------
--- did_imputation (Borusyak, Jaravel & Spiess 2021) ---

                                                         Number of obs = 8,590
------------------------------------------------------------------------------
     matched | Coefficient  Std. err.      z    P>|z|     [95% conf. interval]
-------------+----------------------------------------------------------------
        tau0 |  -.9597854   .7520339    -1.28   0.202    -2.433745     .514174
        tau1 |   -2.41017   .7956418    -3.03   0.002    -3.969599   -.8507407
        tau2 |  -3.326795   .9865377    -3.37   0.001    -5.260373   -1.393217
        tau3 |  -4.705453   1.294121    -3.64   0.000    -7.241883   -2.169022
        tau4 |  -5.518586   2.099265    -2.63   0.009    -9.633069   -1.404103
        tau5 |  -6.193002   2.679063    -2.31   0.021    -11.44387    -.942134
        pre1 |  -2.589817   .8330115    -3.11   0.002    -4.222489   -.9571442
        pre2 |  -2.410253   .6866926    -3.51   0.000    -3.756146    -1.06436
        pre3 |  -2.342219   .8064601    -2.90   0.004    -3.922852    -.761586
        pre4 |  -2.141539   .8783435    -2.44   0.015     -3.86306   -.4200173
        pre5 |  -1.043362   .7737992    -1.35   0.178    -2.559981    .4732564
------------------------------------------------------------------------------
--- did_multiplegt_dyn (de Chaisemartin & D'Haultfoeuille 2020) ---

The number of placebos which can be estimated is at most 4. The command will th
> erefore try to estimate 4 placebo(s).


-------------------------------------------------------------------------------
> -
             Estimation of treatment effects: Event-study effects
-------------------------------------------------------------------------------
> -

             |  Estimate         SE      LB CI      UB CI          N 
-------------+-------------------------------------------------------
    Effect_1 | -.6573235   .4234037  -1.487179   .1725325       1662 
    Effect_2 | -1.966173   .6388425  -3.218281  -.7140644       1341 
    Effect_3 |  -2.55214   .9814453  -4.475737  -.6285423       1325 
    Effect_4 |  -3.65855   1.301368  -6.209184  -1.107916       1304 
    Effect_5 | -4.285013   1.836767   -7.88501  -.6850155       1055 

             | Switchers 
-------------+----------
    Effect_1 |       647 
    Effect_2 |       626 
    Effect_3 |       626 
    Effect_4 |       626 
    Effect_5 |       610 
-------------------------------------------------------------------------------
> -
Test of joint nullity of the effects : p-value = .00015699


-------------------------------------------------------------------------------
> -
               Average cumulative (total) effect per treatment unit
-------------------------------------------------------------------------------
> -

             |  Estimate         SE      LB CI      UB CI          N 
-------------+-------------------------------------------------------
  Av_tot_eff | -2.602189   .9821963  -4.527258  -.6771194       4616 

             |    Switch  x Periods 
-------------+---------------------
  Av_tot_eff |      3135            
-------------------------------------------------------------------------------
> -
Average number of time periods over which a treatment's effect is accumulated =
>  2.9763955


-------------------------------------------------------------------------------
> -
          Testing the parallel trends and no anticipation assumptions
-------------------------------------------------------------------------------
> -

             |  Estimate         SE      LB CI      UB CI          N 
-------------+-------------------------------------------------------
   Placebo_1 | -.2902027   .4939299  -1.258288   .6778822       1662 
   Placebo_2 | -.6851617   .5999765  -1.861094   .4907706       1341 
   Placebo_3 | -.6578865    .607574   -1.84871   .5329367       1325 
   Placebo_4 |  1.458396   .5871756   .3075526   2.609238        533 

             | Switchers 
-------------+----------
   Placebo_1 |       647 
   Placebo_2 |       626 
   Placebo_3 |       626 
   Placebo_4 |        88 
-------------------------------------------------------------------------------
> -
Test of joint nullity of the placebos : p-value = .00764124


The development of this package was funded by the European Union (ERC, REALLYCR
> EDIBLE,GA N°101043899).
--- eventstudyinteract (Sun & Abraham 2020) ---
(sum of wgt is 88,279,838,250)
(obs=6,470)

IW estimates for dynamic effects                       Number of obs =   8,590
Absorbing 2 HDFE groups                                F(31, 50)     =       .
                                                       Prob > F      =       .
                                                       R-squared     =  0.9686
                                                       Adj R-squared =  0.9650
                                                       Root MSE      = 10.2661
                              (Std. err. adjusted for 51 clusters in state_id)
------------------------------------------------------------------------------
             |               Robust
     matched | Coefficient  std. err.      t    P>|t|     [95% conf. interval]
-------------+----------------------------------------------------------------
         L_0 |  -1.522358   .3487307    -4.37   0.000    -2.222804   -.8219117
         L_1 |  -2.739199   .6588401    -4.16   0.000    -4.062518    -1.41588
         L_2 |  -3.677356   .9690892    -3.79   0.000    -5.623829   -1.730884
         L_3 |  -5.135635   1.431055    -3.59   0.001    -8.009995   -2.261275
         L_4 |  -6.000809    2.37405    -2.53   0.015    -10.76923   -1.232389
         L_5 |  -6.724947   2.913118    -2.31   0.025    -12.57612    -.873776
         F_2 |  -.2179975   .8303267    -0.26   0.794    -1.885758    1.449763
         F_3 |  -.1927383   .9853212    -0.20   0.846    -2.171814    1.786338
         F_4 |  -.1867455   .9361334    -0.20   0.843    -2.067025    1.693534
         F_5 |   3.227585   .7101871     4.54   0.000     1.801132    4.654037
------------------------------------------------------------------------------
--- did2s (Gardner 2021) ---
(0 observations deleted)
                               (Std. err. adjusted for clustering on state_id)
------------------------------------------------------------------------------
             | Coefficient  Std. err.      z    P>|z|     [95% conf. interval]
-------------+----------------------------------------------------------------
         F_2 |  -.6643056   1.266851    -0.52   0.600    -3.147287    1.818676
         F_3 |   .0683568   1.073734     0.06   0.949    -2.036123    2.172837
         F_4 |    .857096   .8356999     1.03   0.305    -.7808458    2.495038
         F_5 |  -5.737491   2.726001    -2.10   0.035    -11.08035   -.3946276
         L_0 |   -1.12174   2.098837    -0.53   0.593    -5.235386    2.991905
         L_1 |  -2.154833   2.461755    -0.88   0.381    -6.979785    2.670119
         L_2 |  -2.954766   2.728961    -1.08   0.279    -8.303433      2.3939
         L_3 |  -3.821237   2.984316    -1.28   0.200    -9.670389    2.027916
         L_4 |  -3.821688   3.257526    -1.17   0.241    -10.20632    2.562945
         L_5 |  -2.799745   3.563497    -0.79   0.432    -9.784072    4.184581
------------------------------------------------------------------------------
--- stackedev (Cengiz, Dube, Lindner & Zipperer 2019) ---
**** Building Stack 2014 ****
**** Building Stack 2015 ****
**** Building Stack 2016 ****
**** Building Stack 2019 ****
**** Appending Stacks ****
**** Estimating Model with reghdfe ****
(MWFE estimator converged in 2 iterations)
note: ref omitted because of collinearity

HDFE Linear regression                            Number of obs   =     14,950
Absorbing 2 HDFE groups                           F(  10,    101) =       4.94
Statistics robust to heteroskedasticity           Prob > F        =     0.0000
                                                  R-squared       =     0.9733
                                                  Adj R-squared   =     0.9702
                                                  Within R-sq.    =     0.0060
Number of clusters (unit_stack) =        102      Root MSE        =     9.4091

                           (Std. err. adjusted for 102 clusters in unit_stack)
------------------------------------------------------------------------------
             |               Robust
     matched | Coefficient  std. err.      t    P>|t|     [95% conf. interval]
-------------+----------------------------------------------------------------
         F_2 |  -.0412518   .5130562    -0.08   0.936    -1.059017    .9765138
         F_3 |  -.0193514   .5525245    -0.04   0.972    -1.115411    1.076709
         F_4 |  -.0285758   .5815858    -0.05   0.961    -1.182286    1.125134
         F_5 |    1.57921   .7740304     2.04   0.044      .043742    3.114678
         L_0 |   -1.00454   .3144933    -3.19   0.002     -1.62841   -.3806701
         L_1 |  -1.877145   .5474821    -3.43   0.001    -2.963203   -.7910883
         L_2 |  -2.516295   .7770522    -3.24   0.002    -4.057758   -.9748325
         L_3 |  -3.855787   1.001734    -3.85   0.000    -5.842957   -1.868617
         L_4 |  -4.415056   1.474659    -2.99   0.003    -7.340383   -1.489728
         L_5 |   -4.49558    2.20123    -2.04   0.044    -8.862228   -.1289318
         ref |          0  (omitted)
       _cons |   34.67039   .2722641   127.34   0.000      34.1303    35.21049
------------------------------------------------------------------------------

Absorbed degrees of freedom:
--------------------------------------------------------------------+
                Absorbed FE | Categories  - Redundant  = Num. Coefs |
----------------------------+---------------------------------------|
   program_numeric_id#stack |      1495        1495           0    *|
                 year#stack |        40           1          39     |
--------------------------------------------------------------------+
* = FE nested within cluster; treated as redundant for DoF computation
file /Users/hhadah/Projects/GiT/residency-medicaid-expansion/output/figures/17-
> dd_methods_matched.png written in PNG format
file /Users/hhadah/Projects/GiT/residency-medicaid-expansion/my_paper/figures/1
> 7-dd_methods_matched.png written in PNG format

=========================================================================
DiD METHODS COMPARISON: Matched Residency Positions per 100k Population
Outcome: matched_per_100k
=========================================================================
--- TWFE (reghdfe) ---
(MWFE estimator converged in 2 iterations)

HDFE Linear regression                            Number of obs   =     14,950
Absorbing 2 HDFE groups                           F(  10,     50) =       6.53
Statistics robust to heteroskedasticity           Prob > F        =     0.0000
                                                  R-squared       =     0.9799
                                                  Adj R-squared   =     0.9786
                                                  Within R-sq.    =     0.0094
Number of clusters (state_id) =         51        Root MSE        =     0.0878

                              (Std. err. adjusted for 51 clusters in state_id)
------------------------------------------------------------------------------
             |               Robust
matched~100k | Coefficient  std. err.      t    P>|t|     [95% conf. interval]
-------------+----------------------------------------------------------------
         L_0 |  -.0077277   .0021236    -3.64   0.001     -.011993   -.0034624
         L_1 |  -.0162821   .0044409    -3.67   0.001    -.0252018   -.0073624
         L_2 |  -.0216843   .0069637    -3.11   0.003    -.0356713   -.0076973
         L_3 |  -.0323634   .0110162    -2.94   0.005      -.05449   -.0102367
         L_4 |  -.0404239    .017612    -2.30   0.026    -.0757987   -.0050491
         L_5 |  -.0451595   .0232636    -1.94   0.058    -.0918858    .0015668
         F_2 |   .0004039   .0084513     0.05   0.962    -.0165711    .0173789
         F_3 |   .0001184   .0104167     0.01   0.991    -.0208041     .021041
         F_4 |  -.0000391   .0119349    -0.00   0.997    -.0240111     .023933
         F_5 |  -.0062923    .016715    -0.38   0.708    -.0398654    .0272808
       _cons |   .2717918   .0024336   111.68   0.000     .2669037    .2766799
------------------------------------------------------------------------------

Absorbed degrees of freedom:
------------------------------------------------------------+
        Absorbed FE | Categories  - Redundant  = Num. Coefs |
--------------------+---------------------------------------|
 program_numeric_id |       859         859           0    *|
               year |        10           1           9     |
------------------------------------------------------------+
* = FE nested within cluster; treated as redundant for DoF computation
--- csdid (Callaway & Sant'Anna 2020) ---
repeated time values within panel
--- did_imputation (Borusyak, Jaravel & Spiess 2021) ---

                                                        Number of obs = 14,950
------------------------------------------------------------------------------
matched~100k | Coefficient  Std. err.      z    P>|z|     [95% conf. interval]
-------------+----------------------------------------------------------------
        tau0 |  -.0076111   .0062925    -1.21   0.226    -.0199441    .0047219
        tau1 |  -.0168946   .0083929    -2.01   0.044    -.0333444   -.0004448
        tau2 |  -.0219174   .0102263    -2.14   0.032    -.0419606   -.0018743
        tau3 |   -.032496   .0139809    -2.32   0.020    -.0598982   -.0050939
        tau4 |  -.0409939   .0201344    -2.04   0.042    -.0804566   -.0015313
        tau5 |  -.0446604   .0244181    -1.83   0.067     -.092519    .0031982
        pre1 |   .0213976   .0171988     1.24   0.213    -.0123115    .0551067
        pre2 |   .0217475   .0122905     1.77   0.077    -.0023414    .0458364
        pre3 |   .0214963   .0118164     1.82   0.069    -.0016635     .044656
        pre4 |   .0216296   .0110212     1.96   0.050     .0000285    .0432308
        pre5 |   .0218732   .0104132     2.10   0.036     .0014637    .0422828
------------------------------------------------------------------------------
--- did_multiplegt_dyn (de Chaisemartin & D'Haultfoeuille 2020) ---

The number of placebos which can be estimated is at most 4. The command will th
> erefore try to estimate 4 placebo(s).


-------------------------------------------------------------------------------
> -
             Estimation of treatment effects: Event-study effects
-------------------------------------------------------------------------------
> -

             |  Estimate         SE      LB CI      UB CI          N 
-------------+-------------------------------------------------------
    Effect_1 | -.0090537   .0054894  -.0198127   .0017053       4206 
    Effect_2 | -.0196719   .0090051  -.0373217  -.0020222       3249 
    Effect_3 | -.0267036   .0104391  -.0471639  -.0062433       3233 
    Effect_4 | -.0348919    .014601  -.0635094  -.0062745       3212 
    Effect_5 | -.0428995   .0213157  -.0846776  -.0011215       2327 

             | Switchers 
-------------+----------
    Effect_1 |       647 
    Effect_2 |       626 
    Effect_3 |       626 
    Effect_4 |       626 
    Effect_5 |       610 
-------------------------------------------------------------------------------
> -
Test of joint nullity of the effects : p-value = .20514095


-------------------------------------------------------------------------------
> -
               Average cumulative (total) effect per treatment unit
-------------------------------------------------------------------------------
> -

             |  Estimate         SE      LB CI      UB CI          N 
-------------+-------------------------------------------------------
  Av_tot_eff | -.0264433    .010487  -.0469974  -.0058893       8432 

             |    Switch  x Periods 
-------------+---------------------
  Av_tot_eff |      3135            
-------------------------------------------------------------------------------
> -
Average number of time periods over which a treatment's effect is accumulated =
>  2.9763955


-------------------------------------------------------------------------------
> -
          Testing the parallel trends and no anticipation assumptions
-------------------------------------------------------------------------------
> -

             |  Estimate         SE      LB CI      UB CI          N 
-------------+-------------------------------------------------------
   Placebo_1 | -.0105632   .0166276  -.0431527   .0220264       4206 
   Placebo_2 | -.0139917   .0239806  -.0609927   .0330093       3249 
   Placebo_3 | -.0122959   .0269899  -.0651953   .0406034       3233 
   Placebo_4 |  .0179408   .0373565  -.0552767   .0911582       1805 

             | Switchers 
-------------+----------
   Placebo_1 |       647 
   Placebo_2 |       626 
   Placebo_3 |       626 
   Placebo_4 |        88 
-------------------------------------------------------------------------------
> -
Test of joint nullity of the placebos : p-value = .93327894


The development of this package was funded by the European Union (ERC, REALLYCR
> EDIBLE,GA N°101043899).
--- eventstudyinteract (Sun & Abraham 2020) ---
(sum of wgt is 88,279,838,250)
(obs=6,470)

IW estimates for dynamic effects                        Number of obs = 14,950
Absorbing 2 HDFE groups                                 F(31, 50)     =      .
                                                        Prob > F      =      .
                                                        R-squared     = 0.9799
                                                        Adj R-squared = 0.9786
                                                        Root MSE      = 0.0879
                              (Std. err. adjusted for 51 clusters in state_id)
------------------------------------------------------------------------------
             |               Robust
matched~100k | Coefficient  std. err.      t    P>|t|     [95% conf. interval]
-------------+----------------------------------------------------------------
         L_0 |   -.008677   .0020048    -4.33   0.000    -.0127037   -.0046503
         L_1 |  -.0169612   .0045993    -3.69   0.001    -.0261991   -.0077233
         L_2 |  -.0222364   .0070114    -3.17   0.003    -.0363192   -.0081537
         L_3 |  -.0329258   .0110962    -2.97   0.005    -.0552131   -.0106386
         L_4 |   -.041042   .0179348    -2.29   0.026     -.077065   -.0050189
         L_5 |  -.0457513   .0227809    -2.01   0.050    -.0915081    5.53e-06
         F_2 |  -.0008184   .0089369    -0.09   0.927    -.0187688    .0171319
         F_3 |  -.0009352   .0109969    -0.09   0.933    -.0230231    .0211527
         F_4 |  -.0000858   .0128549    -0.01   0.995    -.0259057    .0257341
         F_5 |  -.0045313   .0119554    -0.38   0.706    -.0285444    .0194817
------------------------------------------------------------------------------
--- did2s (Gardner 2021) ---
(0 observations deleted)
                               (Std. err. adjusted for clustering on state_id)
------------------------------------------------------------------------------
             | Coefficient  Std. err.      z    P>|z|     [95% conf. interval]
-------------+----------------------------------------------------------------
         F_2 |  -.0173217   .0479747    -0.36   0.718    -.1113504     .076707
         F_3 |  -.0104664   .0406134    -0.26   0.797    -.0900672    .0691343
         F_4 |  -.0026257   .0337577    -0.08   0.938    -.0687895    .0635381
         F_5 |   .0670658   .0990044     0.68   0.498    -.1269793    .2611108
         L_0 |  -.0238958    .064153    -0.37   0.710    -.1496333    .1018418
         L_1 |  -.0374747   .0700983    -0.53   0.593    -.1748649    .0999156
         L_2 |  -.0461502   .0773128    -0.60   0.551    -.1976805    .1053801
         L_3 |  -.0546415   .0845403    -0.65   0.518    -.2203375    .1110544
         L_4 |  -.0623205   .0915533    -0.68   0.496    -.2417616    .1171207
         L_5 |  -.0623294   .1015631    -0.61   0.539    -.2613894    .1367306
------------------------------------------------------------------------------
--- stackedev (Cengiz, Dube, Lindner & Zipperer 2019) ---
**** Building Stack 2014 ****
**** Building Stack 2015 ****
**** Building Stack 2016 ****
**** Building Stack 2019 ****
**** Appending Stacks ****
**** Estimating Model with reghdfe ****
(MWFE estimator converged in 2 iterations)
note: ref omitted because of collinearity

HDFE Linear regression                            Number of obs   =     40,390
Absorbing 2 HDFE groups                           F(  10,    101) =       1.82
Statistics robust to heteroskedasticity           Prob > F        =     0.0667
                                                  R-squared       =     0.9783
                                                  Adj R-squared   =     0.9774
                                                  Within R-sq.    =     0.0008
Number of clusters (unit_stack) =        102      Root MSE        =     0.1633

                           (Std. err. adjusted for 102 clusters in unit_stack)
------------------------------------------------------------------------------
             |               Robust
matched~100k | Coefficient  std. err.      t    P>|t|     [95% conf. interval]
-------------+----------------------------------------------------------------
         F_2 |  -.0095044    .015599    -0.61   0.544    -.0404487    .0214398
         F_3 |  -.0102447   .0212922    -0.48   0.631    -.0524827    .0319933
         F_4 |  -.0100892   .0237781    -0.42   0.672    -.0572587    .0370802
         F_5 |  -.0038312   .0299962    -0.13   0.899    -.0633356    .0556731
         L_0 |  -.0101922   .0052575    -1.94   0.055    -.0206216    .0002372
         L_1 |  -.0178946   .0082741    -2.16   0.033    -.0343082   -.0014811
         L_2 |  -.0248278   .0090701    -2.74   0.007    -.0428205   -.0068352
         L_3 |  -.0349391   .0130661    -2.67   0.009    -.0608588   -.0090194
         L_4 |  -.0452119   .0193177    -2.34   0.021    -.0835331   -.0068907
         L_5 |  -.0366955   .0266335    -1.38   0.171    -.0895292    .0161381
         ref |          0  (omitted)
       _cons |   .5295874   .0012271   431.59   0.000     .5271533    .5320216
------------------------------------------------------------------------------

Absorbed degrees of freedom:
--------------------------------------------------------------------+
                Absorbed FE | Categories  - Redundant  = Num. Coefs |
----------------------------+---------------------------------------|
   program_numeric_id#stack |      1495        1495           0    *|
                 year#stack |        40           1          39     |
--------------------------------------------------------------------+
* = FE nested within cluster; treated as redundant for DoF computation
file /Users/hhadah/Projects/GiT/residency-medicaid-expansion/output/figures/18-
> dd_methods_matched_per_100k.png written in PNG format
file /Users/hhadah/Projects/GiT/residency-medicaid-expansion/my_paper/figures/1
> 8-dd_methods_matched_per_100k.png written in PNG format
file /Users/hhadah/Projects/GiT/residency-medicaid-expansion/output/figures/20-
> dd_methods_matched_per_100k_nocsdid.png written in PNG format
file /Users/hhadah/Projects/GiT/residency-medicaid-expansion/my_paper/figures/2
> 0-dd_methods_matched_per_100k_nocsdid.png written in PNG format

=========================================================================
DiD METHODS COMPARISON: Residency Quota Positions per 100k Population
Outcome: quota_per_100k
=========================================================================
--- TWFE (reghdfe) ---
(MWFE estimator converged in 2 iterations)

HDFE Linear regression                            Number of obs   =     40,390
Absorbing 2 HDFE groups                           F(  10,     50) =       4.32
Statistics robust to heteroskedasticity           Prob > F        =     0.0002
                                                  R-squared       =     0.9817
                                                  Adj R-squared   =     0.9813
                                                  Within R-sq.    =     0.0070
Number of clusters (state_id) =         51        Root MSE        =     0.0861

                              (Std. err. adjusted for 51 clusters in state_id)
------------------------------------------------------------------------------
             |               Robust
quota_p~100k | Coefficient  std. err.      t    P>|t|     [95% conf. interval]
-------------+----------------------------------------------------------------
         L_0 |  -.0067187   .0024505    -2.74   0.008    -.0116408   -.0017967
         L_1 |  -.0152759   .0050535    -3.02   0.004    -.0254261   -.0051257
         L_2 |  -.0234139   .0075849    -3.09   0.003    -.0386486   -.0081791
         L_3 |  -.0342688   .0116809    -2.93   0.005    -.0577307    -.010807
         L_4 |  -.0431075   .0197043    -2.19   0.033    -.0826846   -.0035303
         L_5 |  -.0536304    .027921    -1.92   0.060    -.1097114    .0024506
         F_2 |   .0003983   .0080869     0.05   0.961    -.0158448    .0166414
         F_3 |  -.0000518   .0105091    -0.00   0.996    -.0211599    .0210563
         F_4 |   .0027633   .0123062     0.22   0.823    -.0219545    .0274811
         F_5 |  -.0034094   .0158929    -0.21   0.831    -.0353313    .0285125
       _cons |   .2954877   .0010989   268.89   0.000     .2932805     .297695
------------------------------------------------------------------------------

Absorbed degrees of freedom:
------------------------------------------------------------+
        Absorbed FE | Categories  - Redundant  = Num. Coefs |
--------------------+---------------------------------------|
 program_numeric_id |       859         859           0    *|
               year |        10           1           9     |
------------------------------------------------------------+
* = FE nested within cluster; treated as redundant for DoF computation
--- csdid (Callaway & Sant'Anna 2020) ---
repeated time values within panel
--- did_imputation (Borusyak, Jaravel & Spiess 2021) ---

                                                        Number of obs = 40,390
------------------------------------------------------------------------------
quota_p~100k | Coefficient  Std. err.      z    P>|z|     [95% conf. interval]
-------------+----------------------------------------------------------------
        tau0 |  -.0073128   .0068223    -1.07   0.284    -.0206843    .0060587
        tau1 |  -.0160281   .0090512    -1.77   0.077    -.0337682    .0017119
        tau2 |  -.0241882   .0111421    -2.17   0.030    -.0460263     -.00235
        tau3 |  -.0349403   .0146073    -2.39   0.017    -.0635702   -.0063104
        tau4 |  -.0439673   .0215408    -2.04   0.041    -.0861865   -.0017481
        tau5 |  -.0540185   .0286951    -1.88   0.060      -.11026    .0022229
        pre1 |    .018609   .0177914     1.05   0.296    -.0162616    .0534796
        pre2 |   .0189964   .0136585     1.39   0.164    -.0077738    .0457667
        pre3 |   .0185502   .0128545     1.44   0.149    -.0066441    .0437445
        pre4 |   .0214273   .0124931     1.72   0.086    -.0030587    .0459133
        pre5 |   .0202728   .0113911     1.78   0.075    -.0020533    .0425988
------------------------------------------------------------------------------
--- did_multiplegt_dyn (de Chaisemartin & D'Haultfoeuille 2020) ---

The number of placebos which can be estimated is at most 4. The command will th
> erefore try to estimate 4 placebo(s).


-------------------------------------------------------------------------------
> -
             Estimation of treatment effects: Event-study effects
-------------------------------------------------------------------------------
> -

             |  Estimate         SE      LB CI      UB CI          N 
-------------+-------------------------------------------------------
    Effect_1 | -.0034434   .0065029  -.0161888    .009302      14382 
    Effect_2 | -.0150863    .007719  -.0302153   .0000427      10881 
    Effect_3 | -.0273039   .0099364  -.0467788  -.0078289      10865 
    Effect_4 | -.0329207   .0138982  -.0601608  -.0056807      10844 
    Effect_5 | -.0396874   .0214478  -.0817244   .0023495       7415 

             | Switchers 
-------------+----------
    Effect_1 |       647 
    Effect_2 |       626 
    Effect_3 |       626 
    Effect_4 |       626 
    Effect_5 |       610 
-------------------------------------------------------------------------------
> -
Test of joint nullity of the effects : p-value = .17673074


-------------------------------------------------------------------------------
> -
               Average cumulative (total) effect per treatment unit
-------------------------------------------------------------------------------
> -

             |  Estimate         SE      LB CI      UB CI          N 
-------------+-------------------------------------------------------
  Av_tot_eff | -.0234711   .0101021  -.0432708  -.0036714      23696 

             |    Switch  x Periods 
-------------+---------------------
  Av_tot_eff |      3135            
-------------------------------------------------------------------------------
> -
Average number of time periods over which a treatment's effect is accumulated =
>  2.9763955


-------------------------------------------------------------------------------
> -
          Testing the parallel trends and no anticipation assumptions
-------------------------------------------------------------------------------
> -

             |  Estimate         SE      LB CI      UB CI          N 
-------------+-------------------------------------------------------
   Placebo_1 | -.0090441   .0156191   -.039657   .0215688      14382 
   Placebo_2 | -.0123787   .0218116  -.0551287   .0303712      10881 
   Placebo_3 |   -.00819   .0265315  -.0601908   .0438109      10865 
   Placebo_4 |  .0162233   .0373975  -.0570744    .089521       6893 

             | Switchers 
-------------+----------
   Placebo_1 |       647 
   Placebo_2 |       626 
   Placebo_3 |       626 
   Placebo_4 |        88 
-------------------------------------------------------------------------------
> -
Test of joint nullity of the placebos : p-value = .83901943


The development of this package was funded by the European Union (ERC, REALLYCR
> EDIBLE,GA N°101043899).
--- eventstudyinteract (Sun & Abraham 2020) ---
(sum of wgt is 88,279,838,250)
(obs=6,470)

IW estimates for dynamic effects                        Number of obs = 40,390
Absorbing 2 HDFE groups                                 F(31, 50)     =      .
                                                        Prob > F      =      .
                                                        R-squared     = 0.9817
                                                        Adj R-squared = 0.9813
                                                        Root MSE      = 0.0861
                              (Std. err. adjusted for 51 clusters in state_id)
------------------------------------------------------------------------------
             |               Robust
quota_p~100k | Coefficient  std. err.      t    P>|t|     [95% conf. interval]
-------------+----------------------------------------------------------------
         L_0 |  -.0069238   .0024136    -2.87   0.006    -.0117716   -.0020759
         L_1 |  -.0154608   .0052007    -2.97   0.005    -.0259067   -.0050148
         L_2 |   -.023693   .0077113    -3.07   0.003    -.0391816   -.0082044
         L_3 |  -.0344649   .0117953    -2.92   0.005    -.0581564   -.0107734
         L_4 |  -.0431741   .0199389    -2.17   0.035    -.0832226   -.0031256
         L_5 |  -.0539591   .0278441    -1.94   0.058    -.1098856    .0019674
         F_2 |   .0000943   .0084031     0.01   0.991    -.0167838    .0169723
         F_3 |  -.0003572    .010766    -0.03   0.974    -.0219814     .021267
         F_4 |   .0027109   .0126275     0.21   0.831    -.0226522     .028074
         F_5 |  -.0017922   .0118819    -0.15   0.881    -.0256578    .0220734
------------------------------------------------------------------------------
--- did2s (Gardner 2021) ---
(0 observations deleted)
                               (Std. err. adjusted for clustering on state_id)
------------------------------------------------------------------------------
             | Coefficient  Std. err.      z    P>|z|     [95% conf. interval]
-------------+----------------------------------------------------------------
         F_2 |   -.024155   .0765094    -0.32   0.752    -.1741108    .1258007
         F_3 |  -.0176421   .0723037    -0.24   0.807    -.1593547    .1240704
         F_4 |  -.0088071   .0688266    -0.13   0.898    -.1437048    .1260906
         F_5 |   .0727888   .1174404     0.62   0.535    -.1573902    .3029679
         L_0 |  -.0309393   .0863196    -0.36   0.720    -.2001226    .1382439
         L_1 |  -.0446491   .0897656    -0.50   0.619    -.2205865    .1312883
         L_2 |  -.0550911   .0933471    -0.59   0.555    -.2380481    .1278659
         L_3 |  -.0631156   .0974342    -0.65   0.517     -.254083    .1278519
         L_4 |  -.0708043   .1012034    -0.70   0.484    -.2691594    .1275507
         L_5 |   -.069617   .1110424    -0.63   0.531    -.2872561    .1480221
------------------------------------------------------------------------------
--- stackedev (Cengiz, Dube, Lindner & Zipperer 2019) ---
**** Building Stack 2014 ****
**** Building Stack 2015 ****
**** Building Stack 2016 ****
**** Building Stack 2019 ****
**** Appending Stacks ****
**** Estimating Model with reghdfe ****
(MWFE estimator converged in 2 iterations)
note: ref omitted because of collinearity

HDFE Linear regression                            Number of obs   =    142,150
Absorbing 2 HDFE groups                           F(  10,    101) =       1.03
Statistics robust to heteroskedasticity           Prob > F        =     0.4248
                                                  R-squared       =     0.9803
                                                  Adj R-squared   =     0.9801
                                                  Within R-sq.    =     0.0004
Number of clusters (unit_stack) =        102      Root MSE        =     0.1470

                           (Std. err. adjusted for 102 clusters in unit_stack)
------------------------------------------------------------------------------
             |               Robust
quota_p~100k | Coefficient  std. err.      t    P>|t|     [95% conf. interval]
-------------+----------------------------------------------------------------
         F_2 |  -.0086917   .0150619    -0.58   0.565    -.0385704    .0211871
         F_3 |  -.0104937   .0198003    -0.53   0.597    -.0497721    .0287847
         F_4 |  -.0065893   .0237502    -0.28   0.782    -.0537034    .0405248
         F_5 |   .0053762   .0273252     0.20   0.844    -.0488297    .0595821
         L_0 |   -.003543   .0064147    -0.55   0.582     -.016268     .009182
         L_1 |   -.014102   .0070837    -1.99   0.049    -.0281541   -.0000499
         L_2 |  -.0262635   .0089014    -2.95   0.004    -.0439215   -.0086055
         L_3 |  -.0324128   .0125763    -2.58   0.011    -.0573609   -.0074647
         L_4 |  -.0408997   .0196092    -2.09   0.040     -.079799   -.0020003
         L_5 |  -.0427093   .0297377    -1.44   0.154    -.1017009    .0162824
         ref |          0  (omitted)
       _cons |    .549703   .0003442  1597.07   0.000     .5490202    .5503858
------------------------------------------------------------------------------

Absorbed degrees of freedom:
--------------------------------------------------------------------+
                Absorbed FE | Categories  - Redundant  = Num. Coefs |
----------------------------+---------------------------------------|
   program_numeric_id#stack |      1495        1495           0    *|
                 year#stack |        40           1          39     |
--------------------------------------------------------------------+
* = FE nested within cluster; treated as redundant for DoF computation
file /Users/hhadah/Projects/GiT/residency-medicaid-expansion/output/figures/19-
> dd_methods_quota_per_100k.png written in PNG format
file /Users/hhadah/Projects/GiT/residency-medicaid-expansion/my_paper/figures/1
> 9-dd_methods_quota_per_100k.png written in PNG format
file /Users/hhadah/Projects/GiT/residency-medicaid-expansion/output/figures/21-
> dd_methods_quota_per_100k_nocsdid.png written in PNG format
file /Users/hhadah/Projects/GiT/residency-medicaid-expansion/my_paper/figures/2
> 1-dd_methods_quota_per_100k_nocsdid.png written in PNG format

. 
. di ""


. di "=================================================================="
==================================================================

. di "DiD methods comparison completed."
DiD methods comparison completed.

. di "Figures:"
Figures:

. di "  - ${figdir}/{05..}-dd_methods_*.png (and LaTeX copies)"
  - /Users/hhadah/Projects/GiT/residency-medicaid-expansion/output/figures/{05.
> .}-dd_methods_*.png (and LaTeX copies)

. di "=================================================================="
==================================================================

. 
. log close
      name:  <unnamed>
       log:  /Users/hhadah/Projects/GiT/residency-medicaid-expansion/output/11-
> dd-methods-comparison.log
  log type:  text
 closed on:  13 Jul 2026, 18:06:08
-------------------------------------------------------------------------------

. 
end of do-file

. if (_rc != 0) {
.     di as error "ERROR: Script 11 failed with code " _rc
.     di as error "Check ${outputdir}/11-dd-methods-comparison.log for details"
. }

. else {
.     di as result "COMPLETED: Script 11"
COMPLETED: Script 11
. }

. di ""


. 
. * =========================================================================
. * SCRIPT 12: DID Analysis (Unweighted, Population Control)
. * =========================================================================
. di ""


. di ">>> Running Script 12: DID Analysis (Unweighted, Population Control)"
>>> Running Script 12: DID Analysis (Unweighted, Population Control)

. di "    File: 12-dd-analysis-popcnt.do"
    File: 12-dd-analysis-popcnt.do

. di ""


. capture noisily do "${progdir}/12-dd-analysis-popcnt.do"

. * ===========================================================================
> ==
. * Difference-in-Differences Analysis: Unweighted with Population as a Control
. * Mirror of 05-dd-analysis.do but:
. *   - No analytic weights (no [aw=total_population_10])
. *   - total_population_10 added as a control via controls() in did_imputation
. * Outcomes: matched (raw), matched_per_100k, quota_per_100k
. * ===========================================================================
> ==
. 
. clear all

. set more off

. 
. * -------------------------------------------------------------------------
. * Define paths
. * -------------------------------------------------------------------------
. global topdir "/Users/hhadah/Projects/GiT/residency-medicaid-expansion"

. global datadir "${topdir}/data/datasets"

. global figdir "${topdir}/output/figures"

. global tabdir "${topdir}/output/tables"

. global latex_figdir "${topdir}/my_paper/figures"

. 
. cap mkdir "${figdir}"

. cap mkdir "${tabdir}"

. cap mkdir "${latex_figdir}"

. 
. log using "${topdir}/output/12-dd-analysis-popcnt.log", replace
-------------------------------------------------------------------------------
      name:  <unnamed>
       log:  /Users/hhadah/Projects/GiT/residency-medicaid-expansion/output/12-
> dd-analysis-popcnt.log
  log type:  text
 opened on:  13 Jul 2026, 18:06:08

. 
. * -------------------------------------------------------------------------
. * Load cleaned data (produced by 02-data-cleaning.R)
. * -------------------------------------------------------------------------
. use "${datadir}/cleaned_program_residency_medicaid.dta", clear

. 
. * -------------------------------------------------------------------------
. * Panel identifiers
. * -------------------------------------------------------------------------
. egen program_numeric_id = group(state institution_code)

. encode state, gen(state_id)

. 
. xtset program_numeric_id year

Panel variable: program_numeric_id (strongly balanced)
 Time variable: year, 2010 to 2019
         Delta: 1 unit

. 
. * -------------------------------------------------------------------------
. * Outcomes and labels
. * -------------------------------------------------------------------------
. global outcomes "matched matched_per_100k quota_per_100k"

. global label_matched "Total Matched Residency Positions"

. global label_quota_100k "Residency Quota Positions per 100k Population"

. global label_matched_100k "Matched Residency Positions per 100k Population"

. global label_quota_per_100k "Residency Quota Positions per 100k Population"

. global label_matched_per_100k "Matched Residency Positions per 100k Populatio
> n"

. 
. global short_matched "matched"

. global short_quota_100k "quota_100k"

. global short_matched_100k "matched_100k"

. global short_quota_per_100k "quota_per_100k"

. global short_matched_per_100k "matched_per_100k"

. 
. * -------------------------------------------------------------------------
. * Pre-compute aggregate annual change in residency positions from the raw
. * count regressions (matched, quota). These are reused for the per-100k
. * annotations so the "Avg. annual change" number is consistent across
. * specifications.
. * NOTE: total_population_10 is a 2010 census state-level value that is
. * time-invariant within program. With program FE it is collinear and gets
. * absorbed by did_imputation; it is included to satisfy the spec request.
. * -------------------------------------------------------------------------
. global agg_matched ""

. global agg_quota ""

. foreach raw_outcome in matched quota {
  2.     capture confirm variable `raw_outcome'
  3.     if (_rc != 0) continue
  4. 
.     quietly count if treated_state == 1 & !missing(`raw_outcome')
  5.     if (r(N) == 0) continue
  6.     quietly count if treated_state == 0 & !missing(`raw_outcome')
  7.     if (r(N) == 0) continue
  8. 
.     di "Pre-computing aggregate effect for `raw_outcome' (unweighted, pop con
> trol)..."
  9.     capture noisily did_imputation `raw_outcome' program_numeric_id year y
> ear_expanded, ///
>         horizons(0/5) pretrend(5) fe(program_numeric_id year) ///
>         controls(total_population_10) cluster(state_id) minn(0)
 10.     if (_rc != 0) continue
 11. 
.     local _sum = 0
 12.     local _n = 0
 13.     forval h = 0/5 {
 14.         capture local _coef = _b[tau`h']
 15.         if (_rc == 0) {
 16.             local _sum = `_sum' + `_coef'
 17.             local _n = `_n' + 1
 18.         }
 19.     }
 20.     if (`_n' > 0) {
 21.         local _avg = `_sum' / `_n'
 22.         quietly levelsof program_numeric_id if treated_state == 1 & !missi
> ng(`raw_outcome'), local(_tprogs)
 23.         local _ntreated : word count `_tprogs'
 24.         global agg_`raw_outcome' = `_avg' * `_ntreated'
 25.         di as result "  Aggregate annual change in `raw_outcome' positions
> : " %15.0fc ${agg_`raw_outcome'}
 26.     }
 27. }
Pre-computing aggregate effect for matched (unweighted, pop control)...

                                                         Number of obs = 8,590
------------------------------------------------------------------------------
     matched | Coefficient  Std. err.      z    P>|z|     [95% conf. interval]
-------------+----------------------------------------------------------------
        tau0 |  -.3861629   .5346908    -0.72   0.470    -1.434138    .6618119
        tau1 |  -1.499994   .6955364    -2.16   0.031     -2.86322   -.1367675
        tau2 |  -2.063877   .9814655    -2.10   0.035    -3.987514   -.1402401
        tau3 |  -3.170151   1.248239    -2.54   0.011    -5.616654   -.7236466
        tau4 |  -3.789569   1.707623    -2.22   0.026    -7.136448   -.4426895
        tau5 |  -4.023312   2.201714    -1.83   0.068    -8.338593    .2919691
        pre1 |  -1.617017   1.191531    -1.36   0.175    -3.952374    .7183396
        pre2 |  -1.704595   1.107403    -1.54   0.124    -3.875064    .4658743
        pre3 |  -1.725946   1.102119    -1.57   0.117    -3.886061    .4341679
        pre4 |  -1.577067   1.048066    -1.50   0.132     -3.63124    .4771051
        pre5 |  -.6726721   .9691947    -0.69   0.488    -2.572259    1.226915
total_pop~10 |          0  (omitted)
------------------------------------------------------------------------------
  Aggregate annual change in matched positions:          -1,610
Pre-computing aggregate effect for quota (unweighted, pop control)...

                                                         Number of obs = 8,590
------------------------------------------------------------------------------
       quota | Coefficient  Std. err.      z    P>|z|     [95% conf. interval]
-------------+----------------------------------------------------------------
        tau0 |  -.3893793   .5326906    -0.73   0.465    -1.433434    .6546751
        tau1 |  -1.405202   .7337254    -1.92   0.055    -2.843277    .0328734
        tau2 |  -2.330839   .9839708    -2.37   0.018    -4.259386   -.4022917
        tau3 |  -3.464957   1.330166    -2.60   0.009    -6.072035   -.8578793
        tau4 |  -4.130168    1.99719    -2.07   0.039    -8.044588   -.2157471
        tau5 |   -5.09947   2.720102    -1.87   0.061    -10.43077    .2318321
        pre1 |  -1.986266   1.194167    -1.66   0.096     -4.32679    .3542585
        pre2 |  -2.005226   1.076898    -1.86   0.063    -4.115908    .1054563
        pre3 |  -1.995462   1.064341    -1.87   0.061    -4.081532    .0906069
        pre4 |  -1.605157   1.027996    -1.56   0.118    -3.619993    .4096783
        pre5 |  -.8607648   .7974871    -1.08   0.280    -2.423811    .7022812
total_pop~10 |          0  (omitted)
------------------------------------------------------------------------------
  Aggregate annual change in quota positions:          -1,814

. 
. * -------------------------------------------------------------------------
. * Store DID estimates
. * -------------------------------------------------------------------------
. tempname did_results

. tempfile did_results_file

. postfile `did_results' str20 outcome double coef se tstat pvalue avg_treat //
> /
>     pretrend_p treat_p n_programs n_states using "`did_results_file'", replac
> e
(file /var/folders/yk/l30p1rcd2fsfx74wfvs62cmh0000gn/T//St51373.000001 not
    found)

. 
. 
. local plotnum = 22

. foreach outcome of global outcomes {
  2.     capture confirm variable `outcome'
  3.     if _rc != 0 {
  4.         di as error "Outcome `outcome' not found. Skipping."
  5.         continue
  6.     }
  7.     quietly count if treated_state == 1 & !missing(`outcome')
  8.     if (r(N) == 0) {
  9.         di as error "Outcome `outcome': no treated observations with data.
> "
 10.         continue
 11.     }
 12.     quietly count if treated_state == 0 & !missing(`outcome')
 13.     if (r(N) == 0) {
 14.         di as error "Outcome `outcome': no control observations with data.
> "
 15.         continue
 16.     }
 17.     di ""
 18.     di "==================================================================
> ======="
 19.     di "DID ANALYSIS (unweighted, pop control): ${label_`outcome'}"
 20.     di "Outcome variable: `outcome'"
 21.     di "==================================================================
> ======="
 22.     di ""
 23.     capture noisily did_imputation `outcome' program_numeric_id year year_
> expanded, ///
>         horizons(0/5) pretrend(5) fe(program_numeric_id year) ///
>         controls(total_population_10) cluster(state_id) minn(0)
 24.     if (_rc != 0) {
 25.         di as error "did_imputation failed for outcome `outcome'. Error co
> de `_rc'."
 26.         continue
 27.     }
 28.     local coef = _b[tau0]
 29.     local se   = _se[tau0]
 30.     local tstat = `coef' / `se'
 31.     local pvalue = 2*ttail(e(df_r), abs(`tstat'))
 32.     local tau_sum = 0
 33.     local tau_n = 0
 34.     forval h = 0/5 {
 35.         capture scalar __tmp = _b[tau`h']
 36.         if (_rc == 0) {
 37.             local tau_sum = `tau_sum' + __tmp
 38.             local tau_n = `tau_n' + 1
 39.         }
 40.     }
 41.     if (`tau_n' > 0) local avg_treat = `tau_sum' / `tau_n'
 42.     else local avg_treat = .
 43.     local pretrend_p = .
 44.     local treat_p = .
 45.     capture noisily test pre1 pre2 pre3 pre4 pre5
 46.     if (_rc == 0) {
 47.         local pretrend_p = r(p)
 48.     }
 49.     capture noisily test tau0 tau1 tau2 tau3 tau4 tau5
 50.     if (_rc == 0) {
 51.         local treat_p = r(p)
 52.     }
 53.     * Calculate baseline mean (pre-treatment observations in treated state
> s, unweighted)
.     quietly summarize `outcome' if treated_state == 1 & year < year_expanded
 54.     local baseline_mean = r(mean)
 55.     if missing(`baseline_mean') | `baseline_mean' == 0 {
 56.         local baseline_mean = 1
 57.     }
 58.     local pct_effect = (`avg_treat' / `baseline_mean') * 100
 59.     if `pct_effect' < -100 {
 60.         local pct_effect = -100
 61.     }
 62.     local n_programs = .
 63.     local n_states = .
 64.     capture levelsof program_numeric_id if !missing(`outcome'), local(acti
> ve_programs)
 65.     if (_rc == 0) {
 66.         local n_programs : word count `active_programs'
 67.     }
 68.     capture levelsof state_id if !missing(`outcome'), local(active_states)
 69.     if (_rc == 0) {
 70.         local n_states : word count `active_states'
 71.     }
 72. 
.     * National impact for annotation. Use the raw count aggregate computed
.     * pre-loop so per-100k and raw-count figures show the same number.
.     local national_effect = .
 73.     local has_national = 0
 74.     local national_label "residency positions"
 75.     if "`outcome'" == "matched" | "`outcome'" == "matched_per_100k" {
 76.         if "${agg_matched}" != "" {
 77.             local national_effect = ${agg_matched}
 78.             local has_national = 1
 79.         }
 80.     }
 81.     else if "`outcome'" == "quota_per_100k" {
 82.         if "${agg_quota}" != "" {
 83.             local national_effect = ${agg_quota}
 84.             local has_national = 1
 85.             local national_label "quota positions"
 86.         }
 87.     }
 88.     local national_text = cond(`has_national', string(`national_effect', "
> %9.0fc"), "NA")
 89. 
.     post `did_results' ("`outcome'") ///
>         (`coef') (`se') (`tstat') (`pvalue') (`avg_treat') ///
>         (`pretrend_p') (`treat_p') (`n_programs') (`n_states')
 90.     di "ATT (tau0): " %9.3f `coef' "  SE: " %9.3f `se' "  p = " %9.3f `pva
> lue'
 91.     di "Average post-treatment effect: " %9.3f `avg_treat'
 92.     if (`has_national') di "Avg. annual aggregate effect: " %15.0fc `natio
> nal_effect'
 93.     if (`pretrend_p' < .) di "Pretrend joint p-value: " %9.3f `pretrend_p'
 94.     if (`treat_p' < .)   di "Treatment joint p-value: " %9.3f `treat_p'
 95.     matrix plot_coef = J(11, 3, .)
 96.     matrix colnames plot_coef = period coef se
 97.     local row = 1
 98.     forval h = 5(-1)1 {
 99.         matrix plot_coef[`row',1] = -`h'
100.         capture matrix plot_coef[`row',2] = _b[pre`h']
101.         capture matrix plot_coef[`row',3] = _se[pre`h']
102.         local ++row
103.     }
104.     forval h = 0/5 {
105.         matrix plot_coef[`row',1] = `h'
106.         capture matrix plot_coef[`row',2] = _b[tau`h']
107.         capture matrix plot_coef[`row',3] = _se[tau`h']
108.         local ++row
109.     }
110.     preserve
111.     clear
112.     svmat plot_coef, names(col)
113.     keep if !missing(period)
114.     gen ci_upper = coef + 1.96*se
115.     gen ci_lower = coef - 1.96*se
116.     gen byte pre_period = (period < 0)
117.     gen byte post_period = (period >= 0)
118.     local avg_text = cond(`avg_treat' < ., string(`avg_treat', "%9.2f"), "
> NA")
119.     local treat_text = cond(`treat_p' < ., string(`treat_p', "%9.2f"), "NA
> ")
120.     local baseline_text = string(`baseline_mean', "%9.2f")
121.     local pct_text = string(`pct_effect', "%9.1f")
122.     local post_line ""
123.     if (`avg_treat' < .) {
124.         local post_line "(scatteri `avg_treat' 0 `avg_treat' 5, recast(lin
> e) lpattern(dash) lcolor(red) lwidth(medium))"
125.     }
126.     local short = "${short_`outcome'}"
127.     local label = "${label_`outcome'}"
128.     if ("`label'" == "") {
129.         local label = "`outcome'"
130.     }
131.     local prefix : display %02.0f `plotnum'
132.     local ytitle_str "Treatment Effect (difference-in-differences)"
133.     local plot_title "Event Study: `label'"
134.     quietly summarize ci_upper
135.     local y_annot = r(max) * 0.9
136.     local x_annot = -3
137.     if (strpos("`short'", "_100k") > 0) {
138.         local ytitle_str "Treatment Effect (per 100,000 population)"
139.         local x_annot = -3
140.     }
141.     if ("`outcome'" == "matched") {
142.         local ytitle_str "Treatment Effect (number of residency positions)
> "
143.     }
144.     local main_text `"text(`y_annot' `x_annot' `"Baseline Mean: `baseline_
> text'"' `"Post avg = `avg_text' (`pct_text'%)"' `"p-value = `treat_text'"', s
> ize(large))"'
145.     local extra_text ""
146.     if (`has_national') {
147.         local extra_text `"text(`y_annot' 3 `"Avg. annual change in"' `"`n
> ational_label':"' `"`national_text'"', size(large))"'
148.     }
149.     twoway ///
>         (rarea ci_upper ci_lower period if pre_period, fcolor(dkgreen%45) lco
> lor(dkgreen%45) lwidth(none)) ///
>         (rarea ci_upper ci_lower period if post_period, fcolor(maroon%45) lco
> lor(maroon%45) lwidth(none)) ///
>         (line coef period if pre_period, lcolor(dkgreen) lwidth(medium)) ///
>         (line coef period if post_period, lcolor(maroon) lwidth(medium)) ///
>         (scatter coef period if pre_period, mcolor(dkgreen) msymbol(circle) m
> size(medlarge)) ///
>         (scatter coef period if post_period, mcolor(maroon) msymbol(circle) m
> size(medlarge)) ///
>         `post_line' ///
>         , ///
>         xline(-0.5, lcolor(black) lpattern(solid) lwidth(thin)) ///
>         yline(0, lcolor(black) lpattern(solid) lwidth(thin)) ///
>         xlabel(-5(1)5, labsize(small)) ///
>         ylabel(#8, labsize(small) format(%9.2f)) ///
>         xtitle("Years relative to Medicaid expansion", size(small)) ///
>         ytitle("`ytitle_str'", size(small)) ///
>         `main_text' ///
>         `extra_text' ///
>         legend(off) ///
>         graphregion(color(white)) plotregion(color(white))
150.     graph export "${figdir}/`prefix'-did_`short'_popcnt_event.png", as(png
> ) replace width(1200) height(800)
151.     graph export "${latex_figdir}/`prefix'-did_`short'_popcnt_event.png", 
> as(png) replace width(1200) height(800)
152.     restore
153.     local ++plotnum
154. }

=========================================================================
DID ANALYSIS (unweighted, pop control): Total Matched Residency Positions
Outcome variable: matched
=========================================================================


                                                         Number of obs = 8,590
------------------------------------------------------------------------------
     matched | Coefficient  Std. err.      z    P>|z|     [95% conf. interval]
-------------+----------------------------------------------------------------
        tau0 |  -.3861629   .5346908    -0.72   0.470    -1.434138    .6618119
        tau1 |  -1.499994   .6955364    -2.16   0.031     -2.86322   -.1367675
        tau2 |  -2.063877   .9814655    -2.10   0.035    -3.987514   -.1402401
        tau3 |  -3.170151   1.248239    -2.54   0.011    -5.616654   -.7236466
        tau4 |  -3.789569   1.707623    -2.22   0.026    -7.136448   -.4426895
        tau5 |  -4.023312   2.201714    -1.83   0.068    -8.338593    .2919691
        pre1 |  -1.617017   1.191531    -1.36   0.175    -3.952374    .7183396
        pre2 |  -1.704595   1.107403    -1.54   0.124    -3.875064    .4658743
        pre3 |  -1.725946   1.102119    -1.57   0.117    -3.886061    .4341679
        pre4 |  -1.577067   1.048066    -1.50   0.132     -3.63124    .4771051
        pre5 |  -.6726721   .9691947    -0.69   0.488    -2.572259    1.226915
total_pop~10 |          0  (omitted)
------------------------------------------------------------------------------

 ( 1)  pre1 = 0
 ( 2)  pre2 = 0
 ( 3)  pre3 = 0
 ( 4)  pre4 = 0
 ( 5)  pre5 = 0

           chi2(  5) =   12.50
         Prob > chi2 =    0.0286

 ( 1)  tau0 = 0
 ( 2)  tau1 = 0
 ( 3)  tau2 = 0
 ( 4)  tau3 = 0
 ( 5)  tau4 = 0
 ( 6)  tau5 = 0

           chi2(  6) =   24.82
         Prob > chi2 =    0.0004
ATT (tau0):    -0.386  SE:     0.535  p =         .
Average post-treatment effect:    -2.489
Avg. annual aggregate effect:          -1,610
Pretrend joint p-value:     0.029
Treatment joint p-value:     0.000
number of observations will be reset to 11
Press any key to continue, or Break to abort
Number of observations (_N) was 0, now 11.
(0 observations deleted)
file /Users/hhadah/Projects/GiT/residency-medicaid-expansion/output/figures/22-
> did_matched_popcnt_event.png written in PNG format
file /Users/hhadah/Projects/GiT/residency-medicaid-expansion/my_paper/figures/2
> 2-did_matched_popcnt_event.png written in PNG format

=========================================================================
DID ANALYSIS (unweighted, pop control): Matched Residency Positions per 100k Po
> pulation
Outcome variable: matched_per_100k
=========================================================================


                                                         Number of obs = 8,590
------------------------------------------------------------------------------
matched~100k | Coefficient  Std. err.      z    P>|z|     [95% conf. interval]
-------------+----------------------------------------------------------------
        tau0 |   .0024923   .0167454     0.15   0.882     -.030328    .0353126
        tau1 |  -.0139117   .0194531    -0.72   0.475     -.052039    .0242156
        tau2 |  -.0180141   .0164052    -1.10   0.272    -.0501678    .0141395
        tau3 |  -.0251801   .0199723    -1.26   0.207     -.064325    .0139649
        tau4 |  -.0341101   .0259437    -1.31   0.189    -.0849589    .0167387
        tau5 |  -.0259536     .03079    -0.84   0.399    -.0863008    .0343937
        pre1 |   .0123768   .0363285     0.34   0.733    -.0588258    .0835794
        pre2 |    .005588   .0319922     0.17   0.861    -.0571156    .0682916
        pre3 |   .0028418   .0278254     0.10   0.919     -.051695    .0573785
        pre4 |    .002042    .022791     0.09   0.929    -.0426276    .0467116
        pre5 |   .0076984   .0242483     0.32   0.751    -.0398275    .0552243
total_pop~10 |          0  (omitted)
------------------------------------------------------------------------------

 ( 1)  pre1 = 0
 ( 2)  pre2 = 0
 ( 3)  pre3 = 0
 ( 4)  pre4 = 0
 ( 5)  pre5 = 0

           chi2(  5) =    0.47
         Prob > chi2 =    0.9933

 ( 1)  tau0 = 0
 ( 2)  tau1 = 0
 ( 3)  tau2 = 0
 ( 4)  tau3 = 0
 ( 5)  tau4 = 0
 ( 6)  tau5 = 0

           chi2(  6) =    6.82
         Prob > chi2 =    0.3374
ATT (tau0):     0.002  SE:     0.017  p =         .
Average post-treatment effect:    -0.019
Avg. annual aggregate effect:          -1,610
Pretrend joint p-value:     0.993
Treatment joint p-value:     0.337
number of observations will be reset to 11
Press any key to continue, or Break to abort
Number of observations (_N) was 0, now 11.
(0 observations deleted)
file /Users/hhadah/Projects/GiT/residency-medicaid-expansion/output/figures/23-
> did_matched_per_100k_popcnt_event.png written in PNG format
file /Users/hhadah/Projects/GiT/residency-medicaid-expansion/my_paper/figures/2
> 3-did_matched_per_100k_popcnt_event.png written in PNG format

=========================================================================
DID ANALYSIS (unweighted, pop control): Residency Quota Positions per 100k Popu
> lation
Outcome variable: quota_per_100k
=========================================================================


                                                         Number of obs = 8,590
------------------------------------------------------------------------------
quota_p~100k | Coefficient  Std. err.      z    P>|z|     [95% conf. interval]
-------------+----------------------------------------------------------------
        tau0 |   .0037085   .0172998     0.21   0.830    -.0301986    .0376156
        tau1 |  -.0117459   .0178397    -0.66   0.510    -.0467112    .0232193
        tau2 |  -.0202451   .0162388    -1.25   0.213    -.0520726    .0115823
        tau3 |  -.0247033   .0193993    -1.27   0.203    -.0627254    .0133187
        tau4 |  -.0319826   .0248273    -1.29   0.198    -.0806431     .016678
        tau5 |  -.0333826   .0324528    -1.03   0.304     -.096989    .0302238
        pre1 |   .0125232   .0342293     0.37   0.714     -.054565    .0796113
        pre2 |   .0069244    .030444     0.23   0.820    -.0527448    .0665935
        pre3 |   .0053973   .0266899     0.20   0.840    -.0469139    .0577085
        pre4 |   .0062401   .0223245     0.28   0.780    -.0375152    .0499954
        pre5 |   .0181198   .0212669     0.85   0.394    -.0235626    .0598021
total_pop~10 |          0  (omitted)
------------------------------------------------------------------------------

 ( 1)  pre1 = 0
 ( 2)  pre2 = 0
 ( 3)  pre3 = 0
 ( 4)  pre4 = 0
 ( 5)  pre5 = 0

           chi2(  5) =    1.60
         Prob > chi2 =    0.9017

 ( 1)  tau0 = 0
 ( 2)  tau1 = 0
 ( 3)  tau2 = 0
 ( 4)  tau3 = 0
 ( 5)  tau4 = 0
 ( 6)  tau5 = 0

           chi2(  6) =    5.39
         Prob > chi2 =    0.4944
ATT (tau0):     0.004  SE:     0.017  p =         .
Average post-treatment effect:    -0.020
Avg. annual aggregate effect:          -1,814
Pretrend joint p-value:     0.902
Treatment joint p-value:     0.494
number of observations will be reset to 11
Press any key to continue, or Break to abort
Number of observations (_N) was 0, now 11.
(0 observations deleted)
file /Users/hhadah/Projects/GiT/residency-medicaid-expansion/output/figures/24-
> did_quota_per_100k_popcnt_event.png written in PNG format
file /Users/hhadah/Projects/GiT/residency-medicaid-expansion/my_paper/figures/2
> 4-did_quota_per_100k_popcnt_event.png written in PNG format

. 
. postclose `did_results'

. 
. use "`did_results_file'", clear

. order outcome coef se tstat pvalue avg_treat pretrend_p treat_p n_programs n_
> states

. save "${tabdir}/did_summary_residency_popcnt.dta", replace
file
    /Users/hhadah/Projects/GiT/residency-medicaid-expansion/output/tables/did
    > _summary_residency_popcnt.dta saved

. export delimited using "${tabdir}/did_summary_residency_popcnt.csv", replace
file /Users/hhadah/Projects/GiT/residency-medicaid-expansion/output/tables/did_
> summary_residency_popcnt.csv saved

. 
. di ""


. di "=================================================================="
==================================================================

. di "Difference-in-differences (unweighted, pop control) completed."
Difference-in-differences (unweighted, pop control) completed.

. di "Summary table:"
Summary table:

. di "  - ${tabdir}/did_summary_residency_popcnt.dta"
  - /Users/hhadah/Projects/GiT/residency-medicaid-expansion/output/tables/did_s
> ummary_residency_popcnt.dta

. di "  - ${tabdir}/did_summary_residency_popcnt.csv"
  - /Users/hhadah/Projects/GiT/residency-medicaid-expansion/output/tables/did_s
> ummary_residency_popcnt.csv

. di "Figures:"
Figures:

. di "  - ${figdir}/{22..}-did_*_popcnt_event.png (and LaTeX copies)"
  - /Users/hhadah/Projects/GiT/residency-medicaid-expansion/output/figures/{22.
> .}-did_*_popcnt_event.png (and LaTeX copies)

. di "=================================================================="
==================================================================

. 
. log close
      name:  <unnamed>
       log:  /Users/hhadah/Projects/GiT/residency-medicaid-expansion/output/12-
> dd-analysis-popcnt.log
  log type:  text
 closed on:  13 Jul 2026, 18:06:14
-------------------------------------------------------------------------------

. 
end of do-file

. if (_rc != 0) {
.     di as error "ERROR: Script 12 failed with code " _rc
.     di as error "Check ${outputdir}/12-dd-analysis-popcnt.log for details"
. }

. else {
.     di as result "COMPLETED: Script 12"
COMPLETED: Script 12
. }

. di ""


. 
. * =========================================================================
. * SCRIPT 14: Mechanism Test (Medicaid GME Formula: Volume-Responsive vs Not)
. * =========================================================================
. di ""


. di ">>> Running Script 13: Mechanism Test (Medicaid GME Formula)"
>>> Running Script 13: Mechanism Test (Medicaid GME Formula)

. di "    File: 13-mechanism-gme-formula.do"
    File: 13-mechanism-gme-formula.do

. di ""


. capture noisily do "${progdir}/13-mechanism-gme-formula.do"

. * ===========================================================================
> ==
. * Mechanism test: the Medicaid GME financing channel
. * ---------------------------------------------------------------------------
. * Splits EXPANSION states by their Medicaid GME formula design and estimates 
> the
. * main event study (matched per 100k) separately for each group, each using t
> he
. * never-expansion states as the comparison group.
. *
. * Prediction (Conceptual Framework / Mechanisms):
. *   - VOLUME-RESPONSIVE formula states gain GME revenue from expansion  -> sm
> all/no decline
. *   - NON-RESPONSIVE (fixed + none) states gain no GME revenue           -> t
> he decline
. *
. * Classification: gme_formula (2012 / Henderson 2013, the pre-period EXOGENOU
> S
. *   baseline). Figures 25 = volume-responsive, 26 = non-responsive.
. *   (The gme_formula_2015 column in the CSV is retained for reference but not
>  used.)
. *
. * Requires: data/raw/gme_formula_classification.csv. Rows == "TODO" for a tre
> ated
. *   state are excluded and reported. Mirrors 05/12-dd-analysis (did_imputatio
> n, BJS 2024).
. * ===========================================================================
> ==
. 
. clear all

. set more off

. 
. global topdir "/Users/hhadah/Projects/GiT/residency-medicaid-expansion"

. global datadir "${topdir}/data/datasets"

. global rawdir  "${topdir}/data/raw"

. global figdir  "${topdir}/output/figures"

. global tabdir  "${topdir}/output/tables"

. global latex_figdir "${topdir}/my_paper/figures"

. cap mkdir "${figdir}"

. cap mkdir "${tabdir}"

. cap mkdir "${latex_figdir}"

. 
. log using "${topdir}/output/13-mechanism-gme-formula.log", replace
-------------------------------------------------------------------------------
      name:  <unnamed>
       log:  /Users/hhadah/Projects/GiT/residency-medicaid-expansion/output/13-
> mechanism-gme-formula.log
  log type:  text
 opened on:  13 Jul 2026, 18:06:14

. 
. * -------------------------------------------------------------------------
. * Load data and panel identifiers (same as 05/12)
. * -------------------------------------------------------------------------
. use "${datadir}/cleaned_program_residency_medicaid.dta", clear

. egen program_numeric_id = group(state institution_code)

. encode state, gen(state_id)

. xtset program_numeric_id year

Panel variable: program_numeric_id (strongly balanced)
 Time variable: year, 2010 to 2019
         Delta: 1 unit

. 
. * -------------------------------------------------------------------------
. * Merge the Medicaid GME formula classification (2012 baseline column)
. * -------------------------------------------------------------------------
. preserve

.     import delimited "${rawdir}/gme_formula_classification.csv", clear ///
>         varnames(1) stringcols(_all)
(encoding automatically selected: ISO-8859-1)
(4 vars, 51 obs)

.     keep state gme_formula

.     replace state = strtrim(upper(state))
(0 real changes made)

.     tempfile gme

.     save `gme'
file /var/folders/yk/l30p1rcd2fsfx74wfvs62cmh0000gn/T//St51373.000002 saved
    as .dta format

. restore

. 
. replace state = strtrim(upper(state))
(0 real changes made)

. merge m:1 state using `gme', keep(master match) nogen

    Result                      Number of obs
    -----------------------------------------
    Not matched                             0
    Matched                             8,590  
    -----------------------------------------

. 
. * -------------------------------------------------------------------------
. * Validate the classification before estimating
. * -------------------------------------------------------------------------
. di as text "Medicaid GME formula distribution (program-years):"
Medicaid GME formula distribution (program-years):

. tab gme_formula, missing

gme_formula |      Freq.     Percent        Cum.
------------+-----------------------------------
       TODO |         50        0.58        0.58
      fixed |      2,730       31.78       32.36
       none |      1,950       22.70       55.06
     volume |      3,860       44.94      100.00
------------+-----------------------------------
      Total |      8,590      100.00

. 
. quietly count if treated_state == 1 & (gme_formula == "TODO" | missing(gme_fo
> rmula))

. if r(N) > 0 {
.     di as error "NOTE: " r(N) " treated (expansion-state) program-years are u
> nclassified"
.     di as error "      (gme_formula == TODO) and EXCLUDED from both treated g
> roups."
.     quietly levelsof state if treated_state == 1 & gme_formula == "TODO", loc
> al(todo_states) clean
.     di as error "      Unclassified expansion states: `todo_states'"
. }

. 
. * Contrast: volume-responsive vs. NOT volume-responsive (fixed + none).
. gen byte gme_vol    = (gme_formula == "volume")

. gen byte gme_notvol = inlist(gme_formula, "fixed", "none")

. 
. di as text "Expansion states by volume-responsiveness (1 = volume-responsive)
> :"
Expansion states by volume-responsiveness (1 = volume-responsive):

. tab gme_vol if treated_state == 1 & (gme_vol == 1 | gme_notvol == 1)

    gme_vol |      Freq.     Percent        Cum.
------------+-----------------------------------
          0 |      4,280       66.15       66.15
          1 |      2,190       33.85      100.00
------------+-----------------------------------
      Total |      6,470      100.00

. 
. * -------------------------------------------------------------------------
. * Store group-level summary results
. * -------------------------------------------------------------------------
. tempname mech

. tempfile mech_file

. postfile `mech' str20 group double att_post pval_treat baseline pct n_treat_p
> rogs ///
>     using "`mech_file'", replace
(file /var/folders/yk/l30p1rcd2fsfx74wfvs62cmh0000gn/T//St51373.000003 not
    found)

. 
. local plotnum = 25

. foreach grp in volume notvolume {
  2. 
.     * Sample = this group's expansion states + ALL never-expansion controls.
.     preserve
  3.     if "`grp'" == "volume"    keep if treated_state == 0 | (treated_state 
> == 1 & gme_vol == 1)
  4.     if "`grp'" == "notvolume" keep if treated_state == 0 | (treated_state 
> == 1 & gme_notvol == 1)
  5. 
.     quietly count if treated_state == 1
  6.     if (r(N) == 0) {
  7.         di as error "No treated obs for group `grp' -- skipping."
  8.         restore
  9.         continue
 10.     }
 11. 
.     di ""
 12.     di "==================================================================
> ======="
 13.     di "MECHANISM SPLIT: `grp'-formula expansion states vs. non-expansion 
> controls"
 14.     di "==================================================================
> ======="
 15. 
.     capture noisily did_imputation matched_per_100k program_numeric_id year y
> ear_expanded ///
>         [aw=total_population_10], horizons(0/5) pretrend(5) ///
>         fe(program_numeric_id year) cluster(state_id) minn(0)
 16.     if (_rc != 0) {
 17.         di as error "did_imputation failed for group `grp' (rc=`_rc'). Ski
> pping."
 18.         restore
 19.         continue
 20.     }
 21. 
.     * Average post-treatment ATT and joint significance
.     local tau_sum = 0
 22.     local tau_n   = 0
 23.     forval h = 0/5 {
 24.         capture scalar __b = _b[tau`h']
 25.         if (_rc == 0) {
 26.             local tau_sum = `tau_sum' + __b
 27.             local tau_n   = `tau_n' + 1
 28.         }
 29.     }
 30.     local att_post = cond(`tau_n' > 0, `tau_sum'/`tau_n', .)
 31.     local treat_p = .
 32.     capture test tau0 tau1 tau2 tau3 tau4 tau5
 33.     if (_rc == 0) local treat_p = r(p)
 34. 
.     quietly summarize matched_per_100k if treated_state == 1 & year < year_ex
> panded [aw=total_population_10]
 35.     local baseline = r(mean)
 36.     local pct = cond(`baseline' > 0, 100*`att_post'/`baseline', .)
 37. 
.     quietly levelsof program_numeric_id if treated_state == 1, local(tp)
 38.     local n_tp : word count `tp'
 39. 
.     post `mech' ("`grp'") (`att_post') (`treat_p') (`baseline') (`pct') (`n_t
> p')
 40.     di as result "Group `grp': avg post ATT = " %6.3f `att_post' ///
>         "  (" %4.1f `pct' "% of baseline " %5.3f `baseline' "); joint p = " %
> 5.3f `treat_p'
 41. 
.     * ---- Event-study plot (same scheme as 05/12) --------------------------
.     matrix plot_coef = J(11, 3, .)
 42.     matrix colnames plot_coef = period coef se
 43.     local row = 1
 44.     forval h = 5(-1)1 {
 45.         matrix plot_coef[`row',1] = -`h'
 46.         capture matrix plot_coef[`row',2] = _b[pre`h']
 47.         capture matrix plot_coef[`row',3] = _se[pre`h']
 48.         local ++row
 49.     }
 50.     forval h = 0/5 {
 51.         matrix plot_coef[`row',1] = `h'
 52.         capture matrix plot_coef[`row',2] = _b[tau`h']
 53.         capture matrix plot_coef[`row',3] = _se[tau`h']
 54.         local ++row
 55.     }
 56.     drop _all
 57.     svmat plot_coef, names(col)
 58.     keep if !missing(period)
 59.     gen ci_upper = coef + 1.96*se
 60.     gen ci_lower = coef - 1.96*se
 61.     gen byte pre_period  = (period < 0)
 62.     gen byte post_period = (period >= 0)
 63. 
.     local glab = cond("`grp'"=="volume", "Volume-Responsive GME States", "Non
> -Responsive GME States (Fixed/None)")
 64.     local fname = cond("`grp'"=="volume", "VolumeResponsive", "NonResponsi
> ve")
 65.     local prefix : display %02.0f `plotnum'
 66.     local post_line ""
 67.     if (`att_post' < .) local post_line "(scatteri `att_post' 0 `att_post'
>  5, recast(line) lpattern(dash) lcolor(red) lwidth(medium))"
 68. 
.     twoway ///
>         (rarea ci_upper ci_lower period if pre_period,  fcolor(dkgreen%45) lc
> olor(dkgreen%45) lwidth(none)) ///
>         (rarea ci_upper ci_lower period if post_period, fcolor(maroon%45)  lc
> olor(maroon%45)  lwidth(none)) ///
>         (line coef period if pre_period,  lcolor(dkgreen) lwidth(medium)) ///
>         (line coef period if post_period, lcolor(maroon)  lwidth(medium)) ///
>         (scatter coef period if pre_period,  mcolor(dkgreen) msymbol(circle) 
> msize(medlarge)) ///
>         (scatter coef period if post_period, mcolor(maroon)  msymbol(circle) 
> msize(medlarge)) ///
>         `post_line' ///
>         , xline(-0.5, lcolor(black) lwidth(thin)) yline(0, lcolor(black) lwid
> th(thin)) ///
>         xlabel(-5(1)5, labsize(small)) ylabel(#8, labsize(small) format(%9.2f
> )) ///
>         xtitle("Years relative to Medicaid expansion", size(small)) ///
>         ytitle("Treatment Effect (per 100,000 population)", size(small)) ///
>         title("`glab'", size(medsmall)) ///
>         legend(off) graphregion(color(white)) plotregion(color(white))
 69. 
.     graph export "${figdir}/`prefix'-did_matched_per_100k_`fname'_event.png",
>  as(png) replace width(1200) height(800)
 70.     graph export "${latex_figdir}/`prefix'-did_matched_per_100k_`fname'_ev
> ent.png", as(png) replace width(1200) height(800)
 71.     restore
 72.     local ++plotnum
 73. }
(4,280 observations deleted)

=========================================================================
MECHANISM SPLIT: volume-formula expansion states vs. non-expansion controls
=========================================================================

                                                         Number of obs = 4,310
------------------------------------------------------------------------------
matched~100k | Coefficient  Std. err.      z    P>|z|     [95% conf. interval]
-------------+----------------------------------------------------------------
        tau0 |    .011323    .007026     1.61   0.107    -.0024476    .0250936
        tau1 |   .0025534   .0086932     0.29   0.769     -.014485    .0195918
        tau2 |   .0022495   .0098297     0.23   0.819    -.0170162    .0215153
        tau3 |   .0005494   .0146185     0.04   0.970    -.0281024    .0292012
        tau4 |    .003155   .0230705     0.14   0.891    -.0420623    .0483722
        tau5 |   .0208769   .0291029     0.72   0.473    -.0361637    .0779175
        pre1 |   .0628274   .0172774     3.64   0.000     .0289643    .0966904
        pre2 |   .0459979   .0123839     3.71   0.000     .0217259    .0702699
        pre3 |   .0415146   .0121828     3.41   0.001     .0176367    .0653926
        pre4 |   .0315473   .0113946     2.77   0.006     .0092144    .0538802
        pre5 |   .0193457   .0211158     0.92   0.360    -.0220406     .060732
------------------------------------------------------------------------------
Group volume: avg post ATT =  0.007  ( 1.7% of baseline 0.399); joint p = 0.002
number of observations will be reset to 11
Press any key to continue, or Break to abort
Number of observations (_N) was 0, now 11.
(0 observations deleted)
file /Users/hhadah/Projects/GiT/residency-medicaid-expansion/output/figures/25-
> did_matched_per_100k_VolumeResponsive_event.png written in PNG format
file /Users/hhadah/Projects/GiT/residency-medicaid-expansion/my_paper/figures/2
> 5-did_matched_per_100k_VolumeResponsive_event.png written in PNG format
(2,190 observations deleted)

=========================================================================
MECHANISM SPLIT: notvolume-formula expansion states vs. non-expansion controls
=========================================================================

                                                         Number of obs = 6,400
------------------------------------------------------------------------------
matched~100k | Coefficient  Std. err.      z    P>|z|     [95% conf. interval]
-------------+----------------------------------------------------------------
        tau0 |  -.0103339   .0062314    -1.66   0.097    -.0225472    .0018795
        tau1 |  -.0213996   .0086486    -2.47   0.013    -.0383505   -.0044487
        tau2 |  -.0273596   .0103443    -2.64   0.008    -.0476342   -.0070851
        tau3 |  -.0395245   .0136745    -2.89   0.004     -.066326   -.0127231
        tau4 |  -.0498688   .0194189    -2.57   0.010     -.087929   -.0118085
        tau5 |  -.0586698   .0238059    -2.46   0.014    -.1053286    -.012011
        pre1 |   .0131607   .0161572     0.81   0.415    -.0185068    .0448282
        pre2 |   .0181239   .0117014     1.55   0.121    -.0048104    .0410582
        pre3 |   .0184241   .0107944     1.71   0.088    -.0027325    .0395807
        pre4 |   .0202499   .0098239     2.06   0.039     .0009953    .0395044
        pre5 |   .0213634   .0086071     2.48   0.013     .0044937     .038233
------------------------------------------------------------------------------
Group notvolume: avg post ATT = -0.035  (-18.5% of baseline 0.187); joint p = 0
> .001
number of observations will be reset to 11
Press any key to continue, or Break to abort
Number of observations (_N) was 0, now 11.
(0 observations deleted)
file /Users/hhadah/Projects/GiT/residency-medicaid-expansion/output/figures/26-
> did_matched_per_100k_NonResponsive_event.png written in PNG format
file /Users/hhadah/Projects/GiT/residency-medicaid-expansion/my_paper/figures/2
> 6-did_matched_per_100k_NonResponsive_event.png written in PNG format

. 
. postclose `mech'

. 
. * -------------------------------------------------------------------------
. * Comparison table
. * -------------------------------------------------------------------------
. use "`mech_file'", clear

. order group att_post pct pval_treat baseline n_treat_progs

. list, clean noobs

        group     att_post         pct   pval_t~t   baseline   n_trea~s  
       volume    .00678453    1.702218   .0023103   .3985703        219  
    notvolume   -.03452603   -18.48019   .0014549   .1868273        428  

. export delimited using "${tabdir}/mechanism-gme-formula-summary.csv", replace
file /Users/hhadah/Projects/GiT/residency-medicaid-expansion/output/tables/mech
> anism-gme-formula-summary.csv saved

. 
. di ""


. di "=================================================================="
==================================================================

. di "Mechanism (GME-formula) split complete (2012 baseline classification)."
Mechanism (GME-formula) split complete (2012 baseline classification).

. di "Figures: 25-did_matched_per_100k_VolumeResponsive_event.png"
Figures: 25-did_matched_per_100k_VolumeResponsive_event.png

. di "         26-did_matched_per_100k_NonResponsive_event.png"
         26-did_matched_per_100k_NonResponsive_event.png

. di "Summary: ${tabdir}/mechanism-gme-formula-summary.csv"
Summary: /Users/hhadah/Projects/GiT/residency-medicaid-expansion/output/tables/
> mechanism-gme-formula-summary.csv

. di "=================================================================="
==================================================================

. 
. log close
      name:  <unnamed>
       log:  /Users/hhadah/Projects/GiT/residency-medicaid-expansion/output/13-
> mechanism-gme-formula.log
  log type:  text
 closed on:  13 Jul 2026, 18:06:16
-------------------------------------------------------------------------------

. 
end of do-file

. if (_rc != 0) {
.     di as error "ERROR: Script 13 failed with code " _rc
.     di as error "Check ${outputdir}/13-mechanism-gme-formula.log for details"
. }

. else {
.     di as result "COMPLETED: Script 13"
COMPLETED: Script 13
. }

. di ""


. 
. * =========================================================================
. * SUMMARY
. * =========================================================================
. di ""


. di "=========================================================================
> "
=========================================================================

. di "MASTER ANALYSIS COMPLETE"
MASTER ANALYSIS COMPLETE

. di "=========================================================================
> "
=========================================================================

. di "End time: " c(current_date) " " c(current_time)
End time: 13 Jul 2026 18:06:16

. di ""


. di "Log files created in: ${outputdir}/"
Log files created in: /Users/hhadah/Projects/GiT/residency-medicaid-expansion/o
> utput/

. di "  - 99-master-analysis.log (this file)"
  - 99-master-analysis.log (this file)

. di "  - 05-dd-analysis.log"
  - 05-dd-analysis.log

. di "  - 06-dd-analysis-hetero.log"
  - 06-dd-analysis-hetero.log

. di "  - 06-did-analysis-byspeciality.log"
  - 06-did-analysis-byspeciality.log

. di "  - 11-dd-methods-comparison.log"
  - 11-dd-methods-comparison.log

. di "  - 12-dd-analysis-popcnt.log"
  - 12-dd-analysis-popcnt.log

. di "  - 13-mechanism-gme-formula.log"
  - 13-mechanism-gme-formula.log

. di ""


. di "Output figures and tables created in: ${outputdir}/figures/ and ${outputd
> ir}/tables/"
Output figures and tables created in: /Users/hhadah/Projects/GiT/residency-medi
> caid-expansion/output/figures/ and /Users/hhadah/Projects/GiT/residency-medic
> aid-expansion/output/tables/

. di "=========================================================================
> "
=========================================================================

. di ""


. 
. capture log close master

. 
end of do-file
